{"type":"FeatureCollection", "features": [
{"type":"Feature","geometry":{"type":"Polygon","coordinates":[[[-71.1394,-17.8215],[-71.1058,-17.8431],[-71.1038,-17.8529],[-71.0986,-17.8574],[-71.0968,-17.8677],[-71.0773,-17.8712],[-71.0733,-17.8733],[-71.0583,-17.8748],[-71.0524,-17.8803],[-71.0412,-17.879],[-71.0299,-17.8848],[-71.011,-17.8767],[-70.9752,-17.8968],[-70.9597,-17.9107],[-70.9542,-17.9101],[-70.9435,-17.9136],[-70.9386,-17.9201],[-70.9391,-17.9252],[-70.9238,-17.9286],[-70.9233,-17.9378],[-70.9146,-17.9375],[-70.9093,-17.9416],[-70.9107,-17.9493],[-70.9057,-17.9566],[-70.8956,-17.9635],[-70.8894,-17.9727],[-70.8899,-17.9799],[-70.8826,-17.9934],[-70.8892,-18.004],[-70.8792,-18.0148],[-70.87,-18.0199],[-70.8644,-18.0188],[-70.8553,-18.0271],[-70.8484,-18.0268],[-70.8378,-18.0338],[-70.823,-18.035],[-70.8132,-18.0405],[-70.8102,-18.0508],[-70.7999,-18.0521],[-70.7794,-18.0657],[-70.7773,-18.0709],[-70.7595,-18.0804],[-70.748,-18.0946],[-70.7314,-18.1059],[-70.7268,-18.1193],[-70.7153,-18.1254],[-70.7084,-18.1351],[-70.702,-18.1398],[-70.6932,-18.1502],[-70.6882,-18.1519],[-70.6786,-18.1618],[-70.5979,-18.2039],[-70.5803,-18.2149],[-70.563,-18.2242],[-70.5363,-18.2406],[-70.5247,-18.2467],[-70.5059,-18.2593],[-70.4983,-18.2627],[-70.465,-18.2848],[-70.4495,-18.2973],[-70.4125,-18.3222],[-70.3962,-18.3349],[-70.3788,-18.3501],[-70.3566,-18.329],[-70.34,-18.3187],[-70.3215,-18.3119],[-70.302,-18.309],[-70.2747,-18.3099],[-70.2347,-18.3167],[-70.1977,-18.3223],[-70.1494,-18.3194],[-70.1138,-18.3023],[-70.0783,-18.2844],[-70.0505,-18.2692],[-69.9852,-18.2698],[-69.9659,-18.2622],[-69.9065,-18.2033],[-69.86,-18.17],[-69.8164,-18.1169],[-69.8023,-18.087],[-69.7547,-17.9893],[-69.7503,-17.9474],[-69.7799,-17.9118],[-69.7992,-17.8655],[-69.8034,-17.788],[-69.8009,-17.7622],[-69.8124,-17.7535],[-69.8222,-17.744],[-69.8261,-17.706],[-69.7962,-17.6464],[-69.7313,-17.6524],[-69.6665,-17.6603],[-69.6193,-17.6226],[-69.5523,-17.5754],[-69.4685,-17.4984],[-69.4685,-17.3741],[-69.5762,-17.2914],[-69.6417,-17.2873],[-69.6464,-17.2861],[-69.6559,-17.2707],[-69.665,-17.2745],[-69.6712,-17.2741],[-69.6829,-17.2787],[-69.6897,-17.2783],[-69.6949,-17.2735],[-69.7007,-17.2785],[-69.7092,-17.2814],[-69.7157,-17.2914],[-69.7311,-17.2952],[-69.7457,-17.2897],[-69.7517,-17.2839],[-69.7616,-17.2813],[-69.7669,-17.2712],[-69.7655,-17.2646],[-69.7722,-17.2537],[-69.7717,-17.2498],[-69.7826,-17.2443],[-69.7865,-17.2377],[-69.7992,-17.2318],[-69.8102,-17.2333],[-69.815,-17.2382],[-69.8326,-17.2441],[-69.8417,-17.2425],[-69.8521,-17.2435],[-69.8586,-17.2333],[-69.8709,-17.2304],[-69.8753,-17.2223],[-69.8843,-17.2229],[-69.8981,-17.2211],[-69.911,-17.2104],[-69.9174,-17.2099],[-69.927,-17.2025],[-69.9386,-17.2002],[-69.9466,-17.1926],[-69.9583,-17.1863],[-69.9677,-17.1788],[-69.9731,-17.1656],[-69.9814,-17.1686],[-69.9874,-17.1577],[-69.9876,-17.1514],[-69.9985,-17.1492],[-70.012,-17.1414],[-70.0203,-17.1318],[-70.0231,-17.1238],[-70.0311,-17.1232],[-70.0397,-17.128],[-70.0458,-17.1116],[-70.0468,-17.0994],[-70.0416,-17.0774],[-70.0468,-17.0564],[-70.0622,-17.0436],[-70.0648,-17.0385],[-70.0732,-17.0349],[-70.082,-17.0223],[-70.0996,-17.006],[-70.0961,-16.9985],[-70.0985,-16.9946],[-70.0958,-16.9852],[-70.106,-16.9771],[-70.1171,-16.9726],[-70.1188,-16.9601],[-70.1254,-16.9565],[-70.127,-16.951],[-70.1334,-16.9453],[-70.1456,-16.9427],[-70.1466,-16.9387],[-70.152,-16.9332],[-70.1484,-16.9219],[-70.1696,-16.9167],[-70.1773,-16.9162],[-70.1813,-16.9321],[-70.1897,-16.9392],[-70.201,-16.944],[-70.2113,-16.9436],[-70.2239,-16.952],[-70.2251,-16.9586],[-70.2396,-16.957],[-70.2472,-16.9524],[-70.2543,-16.94],[-70.2536,-16.9318],[-70.2593,-16.9205],[-70.2579,-16.9116],[-70.2591,-16.902],[-70.2523,-16.8894],[-70.2499,-16.8765],[-70.2438,-16.8602],[-70.2377,-16.8548],[-70.2268,-16.8577],[-70.2231,-16.8561],[-70.2169,-16.8433],[-70.2048,-16.839],[-70.199,-16.8403],[-70.1841,-16.8347],[-70.1816,-16.8172],[-70.1943,-16.8181],[-70.2056,-16.8081],[-70.2127,-16.8104],[-70.2255,-16.8095],[-70.2473,-16.8025],[-70.2528,-16.7989],[-70.2555,-16.7861],[-70.2629,-16.7838],[-70.2698,-16.7706],[-70.2805,-16.7771],[-70.2919,-16.7813],[-70.3076,-16.773],[-70.3179,-16.7753],[-70.3237,-16.783],[-70.3348,-16.785],[-70.3449,-16.7915],[-70.354,-16.7895],[-70.3592,-16.7957],[-70.378,-16.8032],[-70.3787,-16.8095],[-70.3852,-16.8159],[-70.3997,-16.8188],[-70.4094,-16.8302],[-70.4143,-16.8294],[-70.4255,-16.8333],[-70.4326,-16.8398],[-70.4416,-16.8412],[-70.4433,-16.8531],[-70.4504,-16.8603],[-70.4478,-16.8741],[-70.4501,-16.8801],[-70.4424,-16.888],[-70.442,-16.8931],[-70.4518,-16.9],[-70.4517,-16.9131],[-70.4592,-16.9227],[-70.4534,-16.9286],[-70.4608,-16.9345],[-70.4647,-16.9457],[-70.4556,-16.9542],[-70.4435,-16.9621],[-70.446,-16.9739],[-70.452,-16.9864],[-70.4608,-16.9971],[-70.4632,-17.0086],[-70.4596,-17.015],[-70.4538,-17.0173],[-70.4498,-17.0262],[-70.4441,-17.0456],[-70.4392,-17.0504],[-70.4464,-17.0627],[-70.4496,-17.0813],[-70.4652,-17.0833],[-70.4682,-17.0875],[-70.48,-17.0844],[-70.4919,-17.0914],[-70.4951,-17.1103],[-70.502,-17.1188],[-70.5075,-17.1317],[-70.5169,-17.1429],[-70.5211,-17.1582],[-70.5278,-17.1683],[-70.5354,-17.1727],[-70.55,-17.1858],[-70.5563,-17.1979],[-70.5725,-17.1941],[-70.5814,-17.2017],[-70.61,-17.2145],[-70.6189,-17.2092],[-70.63,-17.214],[-70.6336,-17.2108],[-70.6524,-17.2095],[-70.6664,-17.2142],[-70.6711,-17.2198],[-70.6842,-17.225],[-70.6883,-17.2396],[-70.693,-17.2412],[-70.7012,-17.2546],[-70.7043,-17.2672],[-70.7159,-17.2737],[-70.7123,-17.2875],[-70.7079,-17.2945],[-70.7159,-17.3018],[-70.7208,-17.311],[-70.73,-17.3182],[-70.7381,-17.3306],[-70.7461,-17.3495],[-70.7517,-17.3705],[-70.7524,-17.3806],[-70.7445,-17.3904],[-70.7427,-17.3963],[-70.7356,-17.4012],[-70.7393,-17.412],[-70.7512,-17.4224],[-70.7546,-17.4376],[-70.7636,-17.4405],[-70.77,-17.4477],[-70.78,-17.4506],[-70.7863,-17.4599],[-70.8028,-17.4753],[-70.8104,-17.4864],[-70.8204,-17.4931],[-70.8352,-17.512],[-70.8438,-17.5247],[-70.856,-17.5316],[-70.8621,-17.5377],[-70.8668,-17.5474],[-70.8796,-17.5552],[-70.8841,-17.5816],[-70.8932,-17.5928],[-70.8971,-17.6123],[-70.9026,-17.6195],[-70.9047,-17.6286],[-70.9051,-17.6435],[-70.9095,-17.6554],[-70.9075,-17.6618],[-70.9125,-17.6874],[-70.9309,-17.6877],[-70.9563,-17.676],[-70.9646,-17.676],[-70.9714,-17.6809],[-70.9832,-17.6846],[-70.993,-17.6791],[-71.0033,-17.6837],[-71.0051,-17.6926],[-71.0166,-17.7088],[-71.0269,-17.7039],[-71.0369,-17.7097],[-71.0494,-17.7088],[-71.0605,-17.7186],[-71.0735,-17.7138],[-71.0833,-17.7175],[-71.082,-17.734],[-71.0942,-17.7332],[-71.1011,-17.7395],[-71.1031,-17.7553],[-71.1118,-17.772],[-71.1216,-17.786],[-71.1211,-17.8015],[-71.1263,-17.8128],[-71.1394,-17.8215]]]},"properties":{"shapeName":"Tacna","shapeISO":"PE-TAC","shapeID":"20122684B633957768512","shapeGroup":"PER","shapeType":"ADM1"}},
{"type":"Feature","geometry":{"type":"Polygon","coordinates":[[[-70.1466,-16.9387],[-70.1323,-16.9348],[-70.1181,-16.9238],[-70.1136,-16.9178],[-70.1094,-16.9031],[-70.1056,-16.8973],[-70.0943,-16.8909],[-70.0944,-16.8799],[-70.0911,-16.8709],[-70.0913,-16.8436],[-70.09,-16.823],[-70.0911,-16.8121],[-70.0853,-16.8088],[-70.0816,-16.8017],[-70.0696,-16.7984],[-70.0573,-16.7865],[-70.0542,-16.7737],[-70.0571,-16.7702],[-70.0509,-16.7637],[-70.0442,-16.7628],[-70.0395,-16.7561],[-70.0322,-16.7529],[-70.0355,-16.7429],[-70.0269,-16.7403],[-70.0119,-16.7418],[-69.9956,-16.7298],[-69.9951,-16.7208],[-69.9983,-16.7078],[-70.0105,-16.6999],[-70.0118,-16.6885],[-69.9984,-16.6751],[-70.0015,-16.6566],[-70.0049,-16.6503],[-70.0114,-16.6455],[-70.0253,-16.6312],[-70.0306,-16.6347],[-70.047,-16.628],[-70.0513,-16.6291],[-70.0552,-16.6379],[-70.0674,-16.6384],[-70.0828,-16.6484],[-70.0878,-16.6552],[-70.1051,-16.6476],[-70.1092,-16.6428],[-70.1378,-16.6286],[-70.1427,-16.6205],[-70.1488,-16.6153],[-70.1579,-16.616],[-70.1687,-16.6096],[-70.1689,-16.6019],[-70.1764,-16.5933],[-70.1731,-16.5834],[-70.1762,-16.5745],[-70.1757,-16.5607],[-70.1799,-16.558],[-70.1816,-16.5418],[-70.1854,-16.5372],[-70.2005,-16.5396],[-70.2137,-16.5238],[-70.2202,-16.5133],[-70.2287,-16.5061],[-70.2435,-16.5045],[-70.2823,-16.4878],[-70.287,-16.4833],[-70.3012,-16.4787],[-70.3138,-16.4665],[-70.3111,-16.4565],[-70.3068,-16.4511],[-70.3083,-16.4459],[-70.3167,-16.4444],[-70.3159,-16.4316],[-70.3251,-16.4175],[-70.3334,-16.4114],[-70.3503,-16.4157],[-70.3609,-16.4108],[-70.3566,-16.4003],[-70.367,-16.3922],[-70.3821,-16.385],[-70.3715,-16.3745],[-70.3706,-16.3687],[-70.3578,-16.3683],[-70.3566,-16.3622],[-70.3483,-16.3548],[-70.3437,-16.3369],[-70.3388,-16.3228],[-70.3468,-16.3014],[-70.3442,-16.297],[-70.3478,-16.2908],[-70.3431,-16.2833],[-70.3404,-16.2688],[-70.3451,-16.2561],[-70.3363,-16.2451],[-70.3342,-16.2376],[-70.3278,-16.2348],[-70.3245,-16.2159],[-70.3308,-16.2029],[-70.3403,-16.2009],[-70.3592,-16.2086],[-70.3688,-16.199],[-70.3672,-16.1893],[-70.3738,-16.1759],[-70.3841,-16.1675],[-70.3897,-16.1562],[-70.4019,-16.149],[-70.4083,-16.1208],[-70.4055,-16.1178],[-70.4013,-16.1025],[-70.4067,-16.1017],[-70.4029,-16.0891],[-70.4098,-16.0763],[-70.4175,-16.0744],[-70.4201,-16.0699],[-70.4276,-16.0674],[-70.4351,-16.0602],[-70.4392,-16.0381],[-70.4452,-16.0338],[-70.4631,-16.0496],[-70.4698,-16.0498],[-70.4826,-16.0395],[-70.4949,-16.0407],[-70.5077,-16.0378],[-70.5119,-16.0298],[-70.5195,-16.0325],[-70.5261,-16.0267],[-70.5309,-16.0142],[-70.5388,-16.0105],[-70.5493,-15.9952],[-70.5602,-15.9883],[-70.5627,-15.9838],[-70.57,-15.989],[-70.5786,-15.9907],[-70.5875,-15.9879],[-70.5923,-15.9916],[-70.604,-15.9922],[-70.6127,-15.995],[-70.6248,-16.003],[-70.6378,-15.9909],[-70.6433,-15.9897],[-70.6568,-16.0038],[-70.6607,-16.0041],[-70.6692,-16.0138],[-70.6792,-16.0168],[-70.6829,-16.0213],[-70.6921,-16.023],[-70.696,-16.0274],[-70.7054,-16.0318],[-70.7184,-16.034],[-70.7286,-16.0314],[-70.736,-16.0202],[-70.7416,-16.0161],[-70.7564,-16.0135],[-70.7686,-16.0168],[-70.7781,-16.0112],[-70.7796,-16.007],[-70.7954,-15.9924],[-70.7932,-15.9861],[-70.7966,-15.9785],[-70.8036,-15.9784],[-70.8043,-15.9847],[-70.8112,-15.9867],[-70.8202,-15.9785],[-70.8275,-15.9892],[-70.8291,-15.9955],[-70.8262,-16.0006],[-70.8166,-16.0028],[-70.8144,-16.0168],[-70.819,-16.0234],[-70.8201,-16.0316],[-70.8066,-16.0423],[-70.8045,-16.0551],[-70.8126,-16.054],[-70.8237,-16.056],[-70.8327,-16.0551],[-70.8567,-16.0563],[-70.8645,-16.0672],[-70.8668,-16.0801],[-70.8781,-16.0814],[-70.8751,-16.0946],[-70.8855,-16.1009],[-70.8938,-16.1028],[-70.8861,-16.1181],[-70.8757,-16.1247],[-70.8682,-16.1269],[-70.8719,-16.1429],[-70.8675,-16.1467],[-70.8678,-16.1539],[-70.8786,-16.1666],[-70.8743,-16.171],[-70.8611,-16.1747],[-70.8541,-16.1928],[-70.8539,-16.2025],[-70.8584,-16.2112],[-70.8665,-16.2184],[-70.8658,-16.2263],[-70.8505,-16.228],[-70.8451,-16.2324],[-70.8464,-16.2381],[-70.8539,-16.2415],[-70.872,-16.2657],[-70.8765,-16.2816],[-70.8861,-16.2853],[-70.9034,-16.2776],[-70.9158,-16.2824],[-70.921,-16.2877],[-70.9391,-16.2989],[-70.9404,-16.3103],[-70.9463,-16.3138],[-70.957,-16.3084],[-70.9751,-16.3085],[-70.9863,-16.3099],[-70.9851,-16.3254],[-70.98,-16.3318],[-70.9778,-16.3488],[-70.9728,-16.3537],[-70.9756,-16.3622],[-70.9696,-16.3723],[-70.973,-16.3773],[-70.9754,-16.3889],[-70.9738,-16.3942],[-70.9648,-16.3976],[-70.9688,-16.4086],[-70.9752,-16.4122],[-70.9737,-16.4259],[-70.9649,-16.4372],[-70.9648,-16.4463],[-70.9529,-16.461],[-70.9554,-16.4716],[-70.9672,-16.4811],[-70.9806,-16.4813],[-70.9925,-16.4959],[-70.9997,-16.4984],[-71.0159,-16.4949],[-71.0183,-16.4874],[-71.0373,-16.4857],[-71.0475,-16.4604],[-71.0649,-16.4618],[-71.0727,-16.4658],[-71.0783,-16.4586],[-71.0916,-16.4576],[-71.0934,-16.4623],[-71.1102,-16.4658],[-71.1239,-16.461],[-71.1364,-16.4697],[-71.1395,-16.475],[-71.1579,-16.471],[-71.1827,-16.4726],[-71.197,-16.4717],[-71.2063,-16.4638],[-71.2191,-16.4606],[-71.2295,-16.4619],[-71.2362,-16.466],[-71.2456,-16.4669],[-71.2433,-16.4744],[-71.2493,-16.4824],[-71.2371,-16.5021],[-71.2382,-16.5167],[-71.2428,-16.5256],[-71.2448,-16.5502],[-71.2528,-16.5726],[-71.2593,-16.5774],[-71.2628,-16.5849],[-71.2593,-16.5911],[-71.2615,-16.6067],[-71.2732,-16.607],[-71.2792,-16.6158],[-71.2804,-16.6576],[-71.2847,-16.667],[-71.2839,-16.6822],[-71.2936,-16.6906],[-71.296,-16.7074],[-71.2858,-16.7164],[-71.2891,-16.7265],[-71.296,-16.7322],[-71.3114,-16.7387],[-71.3124,-16.743],[-71.3276,-16.7523],[-71.331,-16.7481],[-71.347,-16.7422],[-71.3504,-16.7279],[-71.3533,-16.725],[-71.3694,-16.7197],[-71.3946,-16.7312],[-71.4009,-16.7281],[-71.4071,-16.7301],[-71.4177,-16.7383],[-71.4255,-16.7406],[-71.4297,-16.7513],[-71.4294,-16.7747],[-71.4369,-16.7969],[-71.4443,-16.8047],[-71.4446,-16.8174],[-71.4424,-16.8285],[-71.4358,-16.8353],[-71.4411,-16.841],[-71.4406,-16.8652],[-71.4359,-16.8789],[-71.4303,-16.8888],[-71.4225,-16.8964],[-71.4255,-16.9064],[-71.4244,-16.9183],[-71.4312,-16.9265],[-71.4397,-16.9276],[-71.4413,-16.9325],[-71.456,-16.9342],[-71.4603,-16.9439],[-71.4659,-16.9506],[-71.4595,-16.9608],[-71.4483,-16.9592],[-71.4449,-16.9565],[-71.4344,-16.9603],[-71.4221,-16.9551],[-71.4058,-16.9558],[-71.4018,-16.9605],[-71.4013,-16.9698],[-71.3946,-16.9734],[-71.3909,-16.9805],[-71.3951,-16.985],[-71.3938,-16.9977],[-71.3892,-17.0025],[-71.3876,-17.0146],[-71.3846,-17.0211],[-71.3652,-17.018],[-71.3596,-17.0235],[-71.3485,-17.0247],[-71.3394,-17.0218],[-71.3312,-17.0333],[-71.3204,-17.04],[-71.319,-17.0442],[-71.3258,-17.0564],[-71.3236,-17.0618],[-71.3159,-17.0653],[-71.3139,-17.0715],[-71.3156,-17.0786],[-71.3105,-17.0809],[-71.3078,-17.0901],[-71.3022,-17.0939],[-71.3058,-17.1037],[-71.3163,-17.1161],[-71.3163,-17.1247],[-71.3225,-17.1289],[-71.327,-17.1365],[-71.3514,-17.1474],[-71.3595,-17.1563],[-71.3704,-17.1742],[-71.3809,-17.1857],[-71.4109,-17.2126],[-71.4151,-17.2235],[-71.4217,-17.2346],[-71.4365,-17.2441],[-71.441,-17.2517],[-71.4574,-17.2522],[-71.4669,-17.2555],[-71.4712,-17.2652],[-71.4793,-17.2702],[-71.4851,-17.2809],[-71.4908,-17.285],[-71.4725,-17.2972],[-71.471,-17.3053],[-71.4763,-17.3141],[-71.4684,-17.3236],[-71.4432,-17.3375],[-71.4371,-17.3386],[-71.4314,-17.3508],[-71.4333,-17.3656],[-71.427,-17.364],[-71.4179,-17.3766],[-71.4091,-17.3802],[-71.3946,-17.3891],[-71.3859,-17.4084],[-71.3833,-17.4203],[-71.3869,-17.4285],[-71.3831,-17.4378],[-71.3811,-17.45],[-71.3731,-17.4665],[-71.3726,-17.4754],[-71.3668,-17.4805],[-71.363,-17.4888],[-71.3651,-17.496],[-71.3614,-17.5026],[-71.3612,-17.5094],[-71.3679,-17.521],[-71.3607,-17.5395],[-71.3655,-17.5454],[-71.3576,-17.5686],[-71.3582,-17.5888],[-71.3454,-17.6109],[-71.3426,-17.6232],[-71.3437,-17.6425],[-71.3477,-17.6452],[-71.3524,-17.6549],[-71.3585,-17.6597],[-71.364,-17.6748],[-71.3722,-17.6817],[-71.3709,-17.6918],[-71.3799,-17.7019],[-71.3738,-17.7072],[-71.365,-17.7022],[-71.3637,-17.6929],[-71.3562,-17.6916],[-71.3269,-17.7043],[-71.2696,-17.7353],[-71.2056,-17.7686],[-71.1849,-17.7812],[-71.1775,-17.7892],[-71.1746,-17.8033],[-71.1612,-17.8149],[-71.1499,-17.8198],[-71.1394,-17.8215],[-71.1263,-17.8128],[-71.1211,-17.8015],[-71.1216,-17.786],[-71.1118,-17.772],[-71.1031,-17.7553],[-71.1011,-17.7395],[-71.0942,-17.7332],[-71.082,-17.734],[-71.0833,-17.7175],[-71.0735,-17.7138],[-71.0605,-17.7186],[-71.0494,-17.7088],[-71.0369,-17.7097],[-71.0269,-17.7039],[-71.0166,-17.7088],[-71.0051,-17.6926],[-71.0033,-17.6837],[-70.993,-17.6791],[-70.9832,-17.6846],[-70.9714,-17.6809],[-70.9646,-17.676],[-70.9563,-17.676],[-70.9309,-17.6877],[-70.9125,-17.6874],[-70.9075,-17.6618],[-70.9095,-17.6554],[-70.9051,-17.6435],[-70.9047,-17.6286],[-70.9026,-17.6195],[-70.8971,-17.6123],[-70.8932,-17.5928],[-70.8841,-17.5816],[-70.8796,-17.5552],[-70.8668,-17.5474],[-70.8621,-17.5377],[-70.856,-17.5316],[-70.8438,-17.5247],[-70.8352,-17.512],[-70.8204,-17.4931],[-70.8104,-17.4864],[-70.8028,-17.4753],[-70.7863,-17.4599],[-70.78,-17.4506],[-70.77,-17.4477],[-70.7636,-17.4405],[-70.7546,-17.4376],[-70.7512,-17.4224],[-70.7393,-17.412],[-70.7356,-17.4012],[-70.7427,-17.3963],[-70.7445,-17.3904],[-70.7524,-17.3806],[-70.7517,-17.3705],[-70.7461,-17.3495],[-70.7381,-17.3306],[-70.73,-17.3182],[-70.7208,-17.311],[-70.7159,-17.3018],[-70.7079,-17.2945],[-70.7123,-17.2875],[-70.7159,-17.2737],[-70.7043,-17.2672],[-70.7012,-17.2546],[-70.693,-17.2412],[-70.6883,-17.2396],[-70.6842,-17.225],[-70.6711,-17.2198],[-70.6664,-17.2142],[-70.6524,-17.2095],[-70.6336,-17.2108],[-70.63,-17.214],[-70.6189,-17.2092],[-70.61,-17.2145],[-70.5814,-17.2017],[-70.5725,-17.1941],[-70.5563,-17.1979],[-70.55,-17.1858],[-70.5354,-17.1727],[-70.5278,-17.1683],[-70.5211,-17.1582],[-70.5169,-17.1429],[-70.5075,-17.1317],[-70.502,-17.1188],[-70.4951,-17.1103],[-70.4919,-17.0914],[-70.48,-17.0844],[-70.4682,-17.0875],[-70.4652,-17.0833],[-70.4496,-17.0813],[-70.4464,-17.0627],[-70.4392,-17.0504],[-70.4441,-17.0456],[-70.4498,-17.0262],[-70.4538,-17.0173],[-70.4596,-17.015],[-70.4632,-17.0086],[-70.4608,-16.9971],[-70.452,-16.9864],[-70.446,-16.9739],[-70.4435,-16.9621],[-70.4556,-16.9542],[-70.4647,-16.9457],[-70.4608,-16.9345],[-70.4534,-16.9286],[-70.4592,-16.9227],[-70.4517,-16.9131],[-70.4518,-16.9],[-70.442,-16.8931],[-70.4424,-16.888],[-70.4501,-16.8801],[-70.4478,-16.8741],[-70.4504,-16.8603],[-70.4433,-16.8531],[-70.4416,-16.8412],[-70.4326,-16.8398],[-70.4255,-16.8333],[-70.4143,-16.8294],[-70.4094,-16.8302],[-70.3997,-16.8188],[-70.3852,-16.8159],[-70.3787,-16.8095],[-70.378,-16.8032],[-70.3592,-16.7957],[-70.354,-16.7895],[-70.3449,-16.7915],[-70.3348,-16.785],[-70.3237,-16.783],[-70.3179,-16.7753],[-70.3076,-16.773],[-70.2919,-16.7813],[-70.2805,-16.7771],[-70.2698,-16.7706],[-70.2629,-16.7838],[-70.2555,-16.7861],[-70.2528,-16.7989],[-70.2473,-16.8025],[-70.2255,-16.8095],[-70.2127,-16.8104],[-70.2056,-16.8081],[-70.1943,-16.8181],[-70.1816,-16.8172],[-70.1841,-16.8347],[-70.199,-16.8403],[-70.2048,-16.839],[-70.2169,-16.8433],[-70.2231,-16.8561],[-70.2268,-16.8577],[-70.2377,-16.8548],[-70.2438,-16.8602],[-70.2499,-16.8765],[-70.2523,-16.8894],[-70.2591,-16.902],[-70.2579,-16.9116],[-70.2593,-16.9205],[-70.2536,-16.9318],[-70.2543,-16.94],[-70.2472,-16.9524],[-70.2396,-16.957],[-70.2251,-16.9586],[-70.2239,-16.952],[-70.2113,-16.9436],[-70.201,-16.944],[-70.1897,-16.9392],[-70.1813,-16.9321],[-70.1773,-16.9162],[-70.1696,-16.9167],[-70.1484,-16.9219],[-70.152,-16.9332],[-70.1466,-16.9387]]]},"properties":{"shapeName":"Moquegua","shapeISO":"PE-MOQ","shapeID":"20122684B55893229330940","shapeGroup":"PER","shapeType":"ADM1"}},
{"type":"Feature","geometry":{"type":"Polygon","coordinates":[[[-70.8202,-15.9785],[-70.8265,-15.9785],[-70.8419,-15.971],[-70.8384,-15.9551],[-70.8322,-15.9491],[-70.8392,-15.9443],[-70.8398,-15.9335],[-70.8433,-15.9233],[-70.8554,-15.9058],[-70.8605,-15.9029],[-70.8658,-15.8894],[-70.875,-15.8876],[-70.8859,-15.8935],[-70.8938,-15.8869],[-70.8963,-15.8767],[-70.8943,-15.8735],[-70.8954,-15.8599],[-70.8904,-15.8528],[-70.907,-15.829],[-70.9198,-15.8056],[-70.9198,-15.8],[-70.9361,-15.7848],[-70.9423,-15.7746],[-70.9332,-15.7707],[-70.9267,-15.7597],[-70.9218,-15.7455],[-70.9072,-15.7397],[-70.9039,-15.7354],[-70.9001,-15.7121],[-70.9092,-15.7038],[-70.9176,-15.6874],[-70.9183,-15.6734],[-70.9159,-15.6639],[-70.918,-15.6438],[-70.924,-15.633],[-70.9613,-15.6062],[-70.9665,-15.6067],[-70.9762,-15.6025],[-70.983,-15.597],[-70.9957,-15.5791],[-71.0014,-15.5758],[-71.0082,-15.564],[-71.0048,-15.5535],[-71.0072,-15.5429],[-71.0141,-15.5396],[-71.018,-15.5278],[-71.0142,-15.522],[-71.008,-15.5192],[-71.0103,-15.5113],[-71.0184,-15.5],[-71.0152,-15.4892],[-71.0057,-15.4827],[-70.9945,-15.4699],[-70.994,-15.4548],[-71.0059,-15.4417],[-71.0271,-15.432],[-71.03,-15.4216],[-71.039,-15.4052],[-71.0441,-15.4181],[-71.0621,-15.434],[-71.0755,-15.4383],[-71.0717,-15.4493],[-71.082,-15.4571],[-71.0883,-15.4583],[-71.1018,-15.4548],[-71.1085,-15.4481],[-71.1116,-15.4368],[-71.1193,-15.4276],[-71.1294,-15.4282],[-71.1387,-15.4379],[-71.1471,-15.4407],[-71.1533,-15.4398],[-71.1628,-15.434],[-71.1743,-15.4245],[-71.1741,-15.4114],[-71.169,-15.3981],[-71.1716,-15.3885],[-71.1658,-15.374],[-71.1512,-15.3639],[-71.1557,-15.337],[-71.1627,-15.3325],[-71.1662,-15.3209],[-71.1629,-15.3089],[-71.1654,-15.2889],[-71.1805,-15.2752],[-71.1902,-15.2744],[-71.2007,-15.2619],[-71.1969,-15.2526],[-71.2018,-15.2454],[-71.1918,-15.2332],[-71.1832,-15.2335],[-71.1783,-15.2287],[-71.172,-15.2166],[-71.1603,-15.2078],[-71.1605,-15.1983],[-71.1694,-15.1888],[-71.1744,-15.1764],[-71.1793,-15.171],[-71.1804,-15.1626],[-71.1727,-15.1591],[-71.1684,-15.149],[-71.1581,-15.1473],[-71.156,-15.1417],[-71.149,-15.1377],[-71.1438,-15.129],[-71.1436,-15.1206],[-71.1557,-15.1145],[-71.1617,-15.1093],[-71.1633,-15.0997],[-71.1675,-15.0958],[-71.18,-15.0923],[-71.1826,-15.0889],[-71.1954,-15.0902],[-71.2068,-15.0719],[-71.2065,-15.0622],[-71.2096,-15.059],[-71.2077,-15.0505],[-71.2166,-15.05],[-71.2238,-15.0674],[-71.2403,-15.0616],[-71.2419,-15.0578],[-71.2537,-15.0576],[-71.2572,-15.0625],[-71.2669,-15.0659],[-71.2602,-15.0769],[-71.2683,-15.0813],[-71.2873,-15.0972],[-71.2976,-15.1086],[-71.3069,-15.1123],[-71.3101,-15.1188],[-71.3156,-15.1202],[-71.3249,-15.1169],[-71.328,-15.1043],[-71.3315,-15.0986],[-71.3452,-15.0926],[-71.3542,-15.0923],[-71.3618,-15.0791],[-71.3727,-15.0791],[-71.3797,-15.0645],[-71.3875,-15.0613],[-71.3969,-15.0452],[-71.4186,-15.0302],[-71.4193,-15.0189],[-71.4221,-15.012],[-71.4304,-15.008],[-71.4267,-15.0021],[-71.4308,-14.9981],[-71.4414,-14.9967],[-71.4458,-14.992],[-71.4483,-14.9794],[-71.4576,-14.9795],[-71.465,-14.9841],[-71.484,-14.9814],[-71.507,-14.9763],[-71.5077,-14.9979],[-71.5102,-15.0046],[-71.5037,-15.021],[-71.5037,-15.0273],[-71.4846,-15.0393],[-71.4822,-15.0477],[-71.4859,-15.0591],[-71.4909,-15.0645],[-71.4998,-15.0674],[-71.5117,-15.0794],[-71.519,-15.0764],[-71.5396,-15.0743],[-71.5465,-15.0685],[-71.556,-15.0669],[-71.5706,-15.0612],[-71.576,-15.0775],[-71.5778,-15.0879],[-71.5838,-15.096],[-71.5865,-15.1104],[-71.5876,-15.1256],[-71.593,-15.1308],[-71.6015,-15.1326],[-71.6029,-15.1392],[-71.6176,-15.1461],[-71.636,-15.1391],[-71.6436,-15.1307],[-71.649,-15.1207],[-71.6637,-15.1086],[-71.6636,-15.1009],[-71.668,-15.0919],[-71.6792,-15.0885],[-71.6911,-15.0912],[-71.7019,-15.0883],[-71.7156,-15.0882],[-71.7213,-15.0839],[-71.7411,-15.0799],[-71.7564,-15.0847],[-71.7655,-15.0787],[-71.7759,-15.0808],[-71.7863,-15.0696],[-71.803,-15.0674],[-71.8121,-15.0728],[-71.8155,-15.0782],[-71.8327,-15.0771],[-71.8376,-15.0748],[-71.8402,-15.0654],[-71.8484,-15.0519],[-71.8493,-15.0451],[-71.8387,-15.0426],[-71.8325,-15.0381],[-71.8229,-15.035],[-71.8114,-15.0236],[-71.7968,-15.0202],[-71.7923,-15.017],[-71.7675,-15.0105],[-71.7637,-15.0038],[-71.7635,-14.9948],[-71.7702,-14.9845],[-71.7687,-14.9784],[-71.7604,-14.9668],[-71.7557,-14.9554],[-71.7477,-14.9483],[-71.746,-14.9399],[-71.7536,-14.9334],[-71.7662,-14.928],[-71.7754,-14.9191],[-71.7852,-14.9126],[-71.7895,-14.9071],[-71.7904,-14.8992],[-71.7976,-14.896],[-71.8167,-14.9073],[-71.8276,-14.9061],[-71.8305,-14.8986],[-71.8263,-14.892],[-71.8289,-14.888],[-71.8521,-14.8881],[-71.8612,-14.8814],[-71.8634,-14.8734],[-71.8547,-14.8577],[-71.8573,-14.8514],[-71.8643,-14.8455],[-71.8691,-14.836],[-71.8686,-14.8282],[-71.8726,-14.824],[-71.874,-14.8064],[-71.8767,-14.8004],[-71.89,-14.7909],[-71.9005,-14.7881],[-71.9033,-14.792],[-71.9144,-14.7921],[-71.924,-14.7898],[-71.929,-14.785],[-71.9306,-14.7611],[-71.9432,-14.7453],[-71.9487,-14.7442],[-71.959,-14.7326],[-71.9586,-14.728],[-71.9494,-14.7177],[-71.946,-14.7108],[-71.9503,-14.7035],[-71.9361,-14.6939],[-71.9307,-14.6881],[-71.9412,-14.6853],[-71.9499,-14.6779],[-71.9512,-14.6725],[-71.9584,-14.6711],[-71.9636,-14.6638],[-71.9693,-14.6618],[-71.9762,-14.6541],[-71.9762,-14.6459],[-71.9879,-14.6329],[-72.0015,-14.6417],[-72.008,-14.6407],[-72.0147,-14.6484],[-72.0158,-14.6584],[-72.0245,-14.6677],[-72.0253,-14.6741],[-72.0362,-14.6818],[-72.0419,-14.6944],[-72.045,-14.7165],[-72.042,-14.7201],[-72.0478,-14.7388],[-72.0432,-14.7541],[-72.0398,-14.757],[-72.037,-14.7673],[-72.041,-14.7788],[-72.0389,-14.7881],[-72.0354,-14.7899],[-72.0345,-14.8009],[-72.0405,-14.8098],[-72.0343,-14.812],[-72.0256,-14.8222],[-72.0253,-14.8296],[-72.0325,-14.8325],[-72.0404,-14.8397],[-72.0393,-14.8449],[-72.0433,-14.8517],[-72.0423,-14.8627],[-72.0471,-14.8751],[-72.0431,-14.8809],[-72.0464,-14.8871],[-72.0552,-14.8836],[-72.0631,-14.8879],[-72.0769,-14.8835],[-72.0796,-14.8739],[-72.0855,-14.8691],[-72.0902,-14.8568],[-72.0975,-14.8512],[-72.1155,-14.8421],[-72.1192,-14.8347],[-72.1287,-14.8306],[-72.1325,-14.8254],[-72.1329,-14.8168],[-72.1381,-14.8133],[-72.1347,-14.795],[-72.1317,-14.7894],[-72.1348,-14.7835],[-72.1447,-14.7777],[-72.154,-14.7771],[-72.1597,-14.7863],[-72.1653,-14.7805],[-72.1809,-14.777],[-72.1906,-14.7788],[-72.2024,-14.7884],[-72.2028,-14.7979],[-72.2136,-14.8033],[-72.2203,-14.7999],[-72.2238,-14.8051],[-72.2391,-14.8122],[-72.2447,-14.8118],[-72.2523,-14.8037],[-72.2646,-14.8111],[-72.2794,-14.8161],[-72.2919,-14.8184],[-72.3154,-14.8339],[-72.3295,-14.8322],[-72.3363,-14.8294],[-72.3501,-14.8278],[-72.3855,-14.827],[-72.3957,-14.825],[-72.4065,-14.8271],[-72.4186,-14.8202],[-72.4181,-14.8107],[-72.4231,-14.8027],[-72.4304,-14.8],[-72.4339,-14.7911],[-72.4447,-14.7908],[-72.4509,-14.7841],[-72.4619,-14.7829],[-72.4692,-14.787],[-72.4709,-14.7748],[-72.4686,-14.764],[-72.4729,-14.7574],[-72.4796,-14.7549],[-72.481,-14.7489],[-72.487,-14.7406],[-72.4826,-14.7304],[-72.4885,-14.7235],[-72.4861,-14.7125],[-72.4719,-14.7058],[-72.4685,-14.6931],[-72.4603,-14.6762],[-72.4631,-14.6681],[-72.4718,-14.6614],[-72.4771,-14.6582],[-72.4828,-14.6649],[-72.5057,-14.6647],[-72.5112,-14.6714],[-72.5254,-14.6671],[-72.5434,-14.6746],[-72.5608,-14.6784],[-72.5772,-14.6866],[-72.5846,-14.6962],[-72.5851,-14.7079],[-72.5919,-14.7136],[-72.6022,-14.7028],[-72.5994,-14.6917],[-72.6051,-14.687],[-72.6052,-14.682],[-72.611,-14.6761],[-72.6253,-14.6755],[-72.6347,-14.6687],[-72.6448,-14.6673],[-72.6518,-14.669],[-72.6571,-14.674],[-72.679,-14.6788],[-72.6906,-14.6887],[-72.6976,-14.6791],[-72.7152,-14.6801],[-72.7247,-14.6759],[-72.7261,-14.6662],[-72.723,-14.6573],[-72.7294,-14.6466],[-72.7416,-14.6449],[-72.7438,-14.6497],[-72.7616,-14.6629],[-72.7704,-14.6647],[-72.7795,-14.6607],[-72.7897,-14.6502],[-72.8032,-14.6671],[-72.8059,-14.6756],[-72.8179,-14.6874],[-72.8286,-14.7026],[-72.8269,-14.712],[-72.8327,-14.7203],[-72.8334,-14.7363],[-72.8397,-14.745],[-72.8426,-14.7577],[-72.8468,-14.7598],[-72.8589,-14.7638],[-72.8716,-14.7614],[-72.8803,-14.7667],[-72.8823,-14.7714],[-72.8936,-14.772],[-72.9106,-14.7695],[-72.9206,-14.7579],[-72.9299,-14.7582],[-72.9427,-14.7654],[-72.9548,-14.7775],[-72.9631,-14.7932],[-72.9693,-14.7951],[-72.9818,-14.8065],[-72.9932,-14.8041],[-72.9963,-14.8107],[-73.0028,-14.815],[-73.0048,-14.8274],[-73.0048,-14.8417],[-73.0131,-14.8537],[-73.0188,-14.8714],[-73.0266,-14.8838],[-73.0265,-14.8911],[-73.0315,-14.9001],[-73.0213,-14.9155],[-73.0086,-14.9278],[-72.9952,-14.943],[-72.9917,-14.9524],[-72.9867,-14.9561],[-72.983,-14.9721],[-72.983,-14.9837],[-72.9927,-14.9876],[-72.9988,-14.9937],[-73.0053,-15.0093],[-73.0059,-15.0309],[-73.0049,-15.0435],[-73.0078,-15.0503],[-73.0042,-15.0641],[-73.011,-15.0731],[-73.016,-15.076],[-73.0186,-15.084],[-73.0245,-15.0918],[-73.0228,-15.1044],[-73.02,-15.1108],[-73.0192,-15.1222],[-73.0228,-15.1319],[-73.0267,-15.1298],[-73.0339,-15.1333],[-73.0476,-15.1343],[-73.0488,-15.1418],[-73.0605,-15.1443],[-73.0736,-15.1579],[-73.0747,-15.1634],[-73.0829,-15.164],[-73.0994,-15.1809],[-73.1014,-15.1877],[-73.1107,-15.1861],[-73.1109,-15.1974],[-73.1168,-15.2229],[-73.1211,-15.2316],[-73.1272,-15.2386],[-73.1361,-15.2441],[-73.1395,-15.2559],[-73.1507,-15.2613],[-73.1495,-15.2737],[-73.153,-15.2831],[-73.16,-15.2864],[-73.1635,-15.2958],[-73.1697,-15.3042],[-73.1745,-15.3066],[-73.1852,-15.3058],[-73.2066,-15.294],[-73.2134,-15.2938],[-73.2216,-15.298],[-73.2423,-15.2898],[-73.2459,-15.2861],[-73.2627,-15.2864],[-73.2799,-15.2903],[-73.2849,-15.2949],[-73.2818,-15.3099],[-73.2777,-15.3182],[-73.2902,-15.336],[-73.2896,-15.3444],[-73.2936,-15.36],[-73.2906,-15.3713],[-73.2842,-15.3773],[-73.2784,-15.395],[-73.2876,-15.3959],[-73.2945,-15.3923],[-73.3066,-15.3955],[-73.3126,-15.4001],[-73.3304,-15.4026],[-73.3363,-15.4051],[-73.3475,-15.3944],[-73.3611,-15.3879],[-73.3673,-15.3876],[-73.3922,-15.3987],[-73.4033,-15.3915],[-73.4174,-15.3761],[-73.4211,-15.38],[-73.4322,-15.3736],[-73.4278,-15.3683],[-73.4281,-15.3614],[-73.4377,-15.3563],[-73.4429,-15.3561],[-73.4614,-15.3689],[-73.4719,-15.3741],[-73.4781,-15.3796],[-73.5034,-15.383],[-73.5296,-15.3921],[-73.5366,-15.3979],[-73.5574,-15.4086],[-73.5784,-15.4068],[-73.5929,-15.4036],[-73.5997,-15.4071],[-73.6129,-15.4192],[-73.6235,-15.4211],[-73.6376,-15.4197],[-73.6516,-15.4163],[-73.6699,-15.4302],[-73.6844,-15.4375],[-73.6946,-15.4348],[-73.7065,-15.4207],[-73.7306,-15.4073],[-73.7468,-15.3937],[-73.7589,-15.3853],[-73.7696,-15.357],[-73.7793,-15.3464],[-73.7781,-15.3387],[-73.792,-15.34],[-73.7986,-15.3347],[-73.8026,-15.3264],[-73.808,-15.3243],[-73.8326,-15.3271],[-73.8601,-15.3261],[-73.8661,-15.3247],[-73.8692,-15.3317],[-73.8836,-15.3383],[-73.8786,-15.3429],[-73.8749,-15.3551],[-73.8743,-15.3721],[-73.8713,-15.3823],[-73.8771,-15.3892],[-73.8697,-15.4002],[-73.8735,-15.4114],[-73.8688,-15.4173],[-73.8683,-15.4261],[-73.8766,-15.4392],[-73.8886,-15.4391],[-73.8939,-15.4494],[-73.9056,-15.4524],[-73.9125,-15.4563],[-73.9294,-15.4734],[-73.9359,-15.4818],[-73.946,-15.4904],[-73.9464,-15.4955],[-73.9611,-15.5239],[-73.9799,-15.5395],[-73.9882,-15.5409],[-73.9965,-15.5534],[-74.0103,-15.5594],[-74.0094,-15.568],[-74.0129,-15.5707],[-74.0138,-15.5797],[-74.0194,-15.5992],[-74.0335,-15.61],[-74.0469,-15.6163],[-74.0509,-15.6223],[-74.0634,-15.6296],[-74.0686,-15.6299],[-74.0847,-15.6189],[-74.0816,-15.6144],[-74.0849,-15.5915],[-74.0792,-15.581],[-74.0741,-15.5601],[-74.0758,-15.5505],[-74.0673,-15.5393],[-74.0713,-15.5342],[-74.0792,-15.5157],[-74.0749,-15.5103],[-74.0752,-15.5034],[-74.0616,-15.4999],[-74.0497,-15.4927],[-74.0451,-15.4928],[-74.0388,-15.483],[-74.0427,-15.4679],[-74.0373,-15.4561],[-74.0385,-15.4508],[-74.0455,-15.4434],[-74.0537,-15.4177],[-74.0654,-15.4022],[-74.0709,-15.404],[-74.0855,-15.3913],[-74.0945,-15.392],[-74.1131,-15.405],[-74.1155,-15.4119],[-74.1237,-15.4115],[-74.1339,-15.4166],[-74.14,-15.4266],[-74.1513,-15.4288],[-74.1539,-15.4385],[-74.154,-15.4612],[-74.1586,-15.4679],[-74.161,-15.4776],[-74.1665,-15.484],[-74.185,-15.4857],[-74.1937,-15.4917],[-74.214,-15.4857],[-74.2277,-15.4846],[-74.233,-15.4862],[-74.243,-15.4803],[-74.2554,-15.4807],[-74.2659,-15.4747],[-74.2787,-15.4787],[-74.3001,-15.4784],[-74.3045,-15.4753],[-74.3112,-15.4627],[-74.3061,-15.4595],[-74.3023,-15.4515],[-74.3087,-15.4493],[-74.3168,-15.4422],[-74.3256,-15.4196],[-74.3242,-15.4141],[-74.3278,-15.402],[-74.3284,-15.391],[-74.3173,-15.3726],[-74.3155,-15.3652],[-74.3097,-15.3589],[-74.3202,-15.3548],[-74.3336,-15.3533],[-74.3429,-15.3428],[-74.3458,-15.3363],[-74.3547,-15.3396],[-74.3599,-15.3327],[-74.3668,-15.3338],[-74.3779,-15.3319],[-74.389,-15.3172],[-74.3979,-15.3156],[-74.4095,-15.3085],[-74.4153,-15.2993],[-74.4148,-15.2954],[-74.3982,-15.2781],[-74.3997,-15.2659],[-74.3879,-15.2518],[-74.3937,-15.2365],[-74.3946,-15.2268],[-74.4004,-15.2219],[-74.3994,-15.2174],[-74.3899,-15.2071],[-74.3987,-15.1815],[-74.4183,-15.169],[-74.4377,-15.1678],[-74.4444,-15.1696],[-74.4514,-15.176],[-74.4658,-15.1735],[-74.4882,-15.1637],[-74.5036,-15.1603],[-74.5127,-15.1488],[-74.534,-15.1464],[-74.5525,-15.1399],[-74.5725,-15.1409],[-74.5851,-15.1491],[-74.5947,-15.1466],[-74.606,-15.1485],[-74.6154,-15.1373],[-74.624,-15.1305],[-74.6282,-15.1245],[-74.6378,-15.1318],[-74.652,-15.1391],[-74.68,-15.1326],[-74.6895,-15.1391],[-74.6997,-15.1371],[-74.7046,-15.1397],[-74.7186,-15.1357],[-74.7214,-15.1247],[-74.7261,-15.1221],[-74.7385,-15.1234],[-74.7461,-15.116],[-74.7526,-15.1134],[-74.7623,-15.0981],[-74.7649,-15.1023],[-74.7785,-15.108],[-74.7884,-15.1201],[-74.8021,-15.1307],[-74.8159,-15.1395],[-74.836,-15.1456],[-74.8552,-15.1538],[-74.8706,-15.1512],[-74.8773,-15.1537],[-74.8885,-15.1612],[-74.8998,-15.174],[-74.9172,-15.1818],[-74.9198,-15.1862],[-74.9293,-15.1924],[-74.9399,-15.206],[-74.9459,-15.2315],[-74.959,-15.2461],[-74.9636,-15.2539],[-74.9644,-15.285],[-74.9682,-15.2994],[-74.9824,-15.3168],[-74.995,-15.3225],[-75.0039,-15.3302],[-75.007,-15.339],[-75.0166,-15.3511],[-75.0163,-15.3644],[-75.0185,-15.3824],[-75.0289,-15.4043],[-75.0455,-15.4303],[-75.0497,-15.4345],[-75.0611,-15.4353],[-75.072,-15.4433],[-75.0564,-15.4546],[-75.0321,-15.461],[-75.0261,-15.4576],[-75.0068,-15.46],[-74.9854,-15.4699],[-74.9804,-15.482],[-74.9736,-15.4906],[-74.9672,-15.4905],[-74.9564,-15.4952],[-74.9354,-15.5018],[-74.91,-15.5121],[-74.8876,-15.5241],[-74.8685,-15.5357],[-74.8546,-15.547],[-74.8478,-15.5545],[-74.8443,-15.5652],[-74.8307,-15.5672],[-74.7857,-15.5839],[-74.7497,-15.6004],[-74.7285,-15.6117],[-74.6972,-15.6296],[-74.6878,-15.6358],[-74.6826,-15.6429],[-74.6613,-15.6528],[-74.6158,-15.6678],[-74.6082,-15.6714],[-74.5538,-15.6933],[-74.5316,-15.7008],[-74.5024,-15.7068],[-74.4725,-15.7195],[-74.4628,-15.7265],[-74.4627,-15.7371],[-74.4597,-15.7429],[-74.4627,-15.7554],[-74.4514,-15.7706],[-74.4476,-15.7734],[-74.4393,-15.7946],[-74.4241,-15.8055],[-74.4228,-15.8108],[-74.4137,-15.8143],[-74.4057,-15.8214],[-74.3933,-15.8293],[-74.3874,-15.8278],[-74.383,-15.8326],[-74.3714,-15.8344],[-74.3632,-15.832],[-74.3567,-15.8379],[-74.3458,-15.8432],[-74.3263,-15.8438],[-74.3279,-15.8487],[-74.2942,-15.8412],[-74.2855,-15.8371],[-74.2752,-15.8405],[-74.2565,-15.8515],[-74.2499,-15.8581],[-74.2505,-15.8689],[-74.2416,-15.8787],[-74.2307,-15.8802],[-74.2213,-15.8846],[-74.2133,-15.8853],[-74.2065,-15.8908],[-74.1888,-15.8925],[-74.1672,-15.9009],[-74.1524,-15.9087],[-74.1323,-15.9174],[-74.1196,-15.9241],[-74.1011,-15.9316],[-74.0545,-15.9545],[-74.0425,-15.9642],[-74.0423,-15.9691],[-74.0365,-15.973],[-74.0248,-15.9944],[-74.0258,-16.0005],[-74.0324,-16.0088],[-74.0331,-16.0181],[-74.0205,-16.0258],[-74.0183,-16.0364],[-74.0075,-16.0338],[-73.9984,-16.0422],[-73.9899,-16.039],[-73.9796,-16.0469],[-73.9751,-16.0525],[-73.9594,-16.0606],[-73.9512,-16.074],[-73.9416,-16.081],[-73.931,-16.0851],[-73.924,-16.0921],[-73.9041,-16.1011],[-73.8894,-16.1094],[-73.8809,-16.1164],[-73.879,-16.1226],[-73.8694,-16.1355],[-73.8534,-16.1419],[-73.8345,-16.1547],[-73.8112,-16.1628],[-73.8008,-16.1687],[-73.7717,-16.175],[-73.7367,-16.1927],[-73.7279,-16.1952],[-73.7207,-16.2071],[-73.7073,-16.2141],[-73.6994,-16.2207],[-73.6988,-16.2267],[-73.7023,-16.2373],[-73.6949,-16.2375],[-73.695,-16.2308],[-73.6872,-16.2299],[-73.6762,-16.2236],[-73.6712,-16.2243],[-73.6643,-16.2307],[-73.6587,-16.2278],[-73.6478,-16.2327],[-73.6433,-16.2293],[-73.6199,-16.2301],[-73.606,-16.2359],[-73.6026,-16.2399],[-73.5886,-16.2409],[-73.5674,-16.2495],[-73.5593,-16.2445],[-73.5512,-16.2506],[-73.5309,-16.2571],[-73.5274,-16.262],[-73.5186,-16.2634],[-73.5019,-16.2722],[-73.4971,-16.2733],[-73.482,-16.2837],[-73.4758,-16.2794],[-73.4616,-16.2786],[-73.4513,-16.2813],[-73.4051,-16.2994],[-73.391,-16.3091],[-73.3838,-16.31],[-73.3538,-16.3216],[-73.3317,-16.3292],[-73.3261,-16.334],[-73.3142,-16.3387],[-73.3101,-16.3462],[-73.3026,-16.3494],[-73.3006,-16.3579],[-73.3071,-16.3625],[-73.3033,-16.3698],[-73.3048,-16.3797],[-73.2993,-16.3829],[-73.2899,-16.4042],[-73.2722,-16.3982],[-73.2604,-16.402],[-73.2604,-16.4093],[-73.2461,-16.4063],[-73.2385,-16.4089],[-73.2349,-16.4144],[-73.225,-16.4128],[-73.2152,-16.4002],[-73.2034,-16.4026],[-73.2,-16.4071],[-73.1873,-16.4158],[-73.1826,-16.4139],[-73.1711,-16.4196],[-73.1592,-16.4199],[-73.1511,-16.43],[-73.1489,-16.4386],[-73.1378,-16.444],[-73.1335,-16.4489],[-73.1245,-16.45],[-73.1193,-16.4537],[-73.1102,-16.4519],[-73.0992,-16.4579],[-73.09,-16.4665],[-73.0776,-16.4752],[-73.0639,-16.4816],[-73.0533,-16.4894],[-73.053,-16.4978],[-73.0348,-16.4995],[-73.0265,-16.5024],[-73.0117,-16.5124],[-73.0041,-16.507],[-72.9917,-16.5126],[-72.9868,-16.5174],[-72.9742,-16.5144],[-72.9636,-16.5185],[-72.9509,-16.5152],[-72.943,-16.5155],[-72.9307,-16.5199],[-72.9228,-16.518],[-72.9163,-16.5204],[-72.8851,-16.5391],[-72.8453,-16.5672],[-72.8329,-16.5774],[-72.8202,-16.5903],[-72.7973,-16.6098],[-72.7719,-16.6288],[-72.7592,-16.635],[-72.7342,-16.6449],[-72.709,-16.6527],[-72.677,-16.6567],[-72.6257,-16.662],[-72.5937,-16.6673],[-72.5724,-16.6739],[-72.5632,-16.6739],[-72.5432,-16.6781],[-72.5045,-16.689],[-72.5,-16.6892],[-72.4703,-16.6977],[-72.4565,-16.6995],[-72.4472,-16.704],[-72.435,-16.7172],[-72.4192,-16.7285],[-72.4153,-16.7371],[-72.4107,-16.736],[-72.4039,-16.7409],[-72.3989,-16.7523],[-72.3871,-16.7501],[-72.3812,-16.7558],[-72.3726,-16.753],[-72.3743,-16.7608],[-72.3648,-16.7606],[-72.3593,-16.7642],[-72.3385,-16.7847],[-72.3306,-16.7899],[-72.3316,-16.795],[-72.3258,-16.8031],[-72.3152,-16.8029],[-72.3104,-16.8074],[-72.3122,-16.8135],[-72.2991,-16.8264],[-72.2954,-16.8274],[-72.2924,-16.8414],[-72.2963,-16.8449],[-72.2918,-16.8659],[-72.2883,-16.8753],[-72.2829,-16.8736],[-72.2727,-16.8768],[-72.2634,-16.8857],[-72.2505,-16.8849],[-72.2415,-16.8908],[-72.2325,-16.9006],[-72.2282,-16.8982],[-72.2115,-16.9024],[-72.2052,-16.9086],[-72.2059,-16.9125],[-72.1925,-16.9268],[-72.1862,-16.929],[-72.173,-16.9408],[-72.1659,-16.9386],[-72.1623,-16.9512],[-72.1542,-16.9524],[-72.1489,-16.962],[-72.1439,-16.9658],[-72.1357,-16.9644],[-72.1196,-16.9697],[-72.1235,-16.9762],[-72.1143,-16.987],[-72.1038,-16.9961],[-72.1127,-17.0058],[-72.113,-17.0142],[-72.0988,-17.0144],[-72.0879,-17.0127],[-72.0762,-17.0212],[-72.067,-17.0218],[-72.0562,-17.0183],[-72.039,-17.0173],[-72.0337,-17.0225],[-72.0256,-17.0214],[-72.0223,-17.0265],[-72.011,-17.0332],[-71.9597,-17.0604],[-71.9324,-17.079],[-71.9143,-17.0968],[-71.8993,-17.1162],[-71.8779,-17.1397],[-71.8577,-17.1589],[-71.8401,-17.1714],[-71.8299,-17.1767],[-71.8043,-17.1873],[-71.7761,-17.1947],[-71.7289,-17.2026],[-71.6904,-17.212],[-71.6646,-17.2204],[-71.6314,-17.2327],[-71.6083,-17.2428],[-71.5761,-17.2536],[-71.5699,-17.2544],[-71.564,-17.2616],[-71.5572,-17.2561],[-71.5518,-17.2596],[-71.5436,-17.2551],[-71.5341,-17.2555],[-71.5299,-17.267],[-71.5159,-17.2659],[-71.5063,-17.271],[-71.5033,-17.2782],[-71.4908,-17.285],[-71.4851,-17.2809],[-71.4793,-17.2702],[-71.4712,-17.2652],[-71.4669,-17.2555],[-71.4574,-17.2522],[-71.441,-17.2517],[-71.4365,-17.2441],[-71.4217,-17.2346],[-71.4151,-17.2235],[-71.4109,-17.2126],[-71.3809,-17.1857],[-71.3704,-17.1742],[-71.3595,-17.1563],[-71.3514,-17.1474],[-71.327,-17.1365],[-71.3225,-17.1289],[-71.3163,-17.1247],[-71.3163,-17.1161],[-71.3058,-17.1037],[-71.3022,-17.0939],[-71.3078,-17.0901],[-71.3105,-17.0809],[-71.3156,-17.0786],[-71.3139,-17.0715],[-71.3159,-17.0653],[-71.3236,-17.0618],[-71.3258,-17.0564],[-71.319,-17.0442],[-71.3204,-17.04],[-71.3312,-17.0333],[-71.3394,-17.0218],[-71.3485,-17.0247],[-71.3596,-17.0235],[-71.3652,-17.018],[-71.3846,-17.0211],[-71.3876,-17.0146],[-71.3892,-17.0025],[-71.3938,-16.9977],[-71.3951,-16.985],[-71.3909,-16.9805],[-71.3946,-16.9734],[-71.4013,-16.9698],[-71.4018,-16.9605],[-71.4058,-16.9558],[-71.4221,-16.9551],[-71.4344,-16.9603],[-71.4449,-16.9565],[-71.4483,-16.9592],[-71.4595,-16.9608],[-71.4659,-16.9506],[-71.4603,-16.9439],[-71.456,-16.9342],[-71.4413,-16.9325],[-71.4397,-16.9276],[-71.4312,-16.9265],[-71.4244,-16.9183],[-71.4255,-16.9064],[-71.4225,-16.8964],[-71.4303,-16.8888],[-71.4359,-16.8789],[-71.4406,-16.8652],[-71.4411,-16.841],[-71.4358,-16.8353],[-71.4424,-16.8285],[-71.4446,-16.8174],[-71.4443,-16.8047],[-71.4369,-16.7969],[-71.4294,-16.7747],[-71.4297,-16.7513],[-71.4255,-16.7406],[-71.4177,-16.7383],[-71.4071,-16.7301],[-71.4009,-16.7281],[-71.3946,-16.7312],[-71.3694,-16.7197],[-71.3533,-16.725],[-71.3504,-16.7279],[-71.347,-16.7422],[-71.331,-16.7481],[-71.3276,-16.7523],[-71.3124,-16.743],[-71.3114,-16.7387],[-71.296,-16.7322],[-71.2891,-16.7265],[-71.2858,-16.7164],[-71.296,-16.7074],[-71.2936,-16.6906],[-71.2839,-16.6822],[-71.2847,-16.667],[-71.2804,-16.6576],[-71.2792,-16.6158],[-71.2732,-16.607],[-71.2615,-16.6067],[-71.2593,-16.5911],[-71.2628,-16.5849],[-71.2593,-16.5774],[-71.2528,-16.5726],[-71.2448,-16.5502],[-71.2428,-16.5256],[-71.2382,-16.5167],[-71.2371,-16.5021],[-71.2493,-16.4824],[-71.2433,-16.4744],[-71.2456,-16.4669],[-71.2362,-16.466],[-71.2295,-16.4619],[-71.2191,-16.4606],[-71.2063,-16.4638],[-71.197,-16.4717],[-71.1827,-16.4726],[-71.1579,-16.471],[-71.1395,-16.475],[-71.1364,-16.4697],[-71.1239,-16.461],[-71.1102,-16.4658],[-71.0934,-16.4623],[-71.0916,-16.4576],[-71.0783,-16.4586],[-71.0727,-16.4658],[-71.0649,-16.4618],[-71.0475,-16.4604],[-71.0373,-16.4857],[-71.0183,-16.4874],[-71.0159,-16.4949],[-70.9997,-16.4984],[-70.9925,-16.4959],[-70.9806,-16.4813],[-70.9672,-16.4811],[-70.9554,-16.4716],[-70.9529,-16.461],[-70.9648,-16.4463],[-70.9649,-16.4372],[-70.9737,-16.4259],[-70.9752,-16.4122],[-70.9688,-16.4086],[-70.9648,-16.3976],[-70.9738,-16.3942],[-70.9754,-16.3889],[-70.973,-16.3773],[-70.9696,-16.3723],[-70.9756,-16.3622],[-70.9728,-16.3537],[-70.9778,-16.3488],[-70.98,-16.3318],[-70.9851,-16.3254],[-70.9863,-16.3099],[-70.9751,-16.3085],[-70.957,-16.3084],[-70.9463,-16.3138],[-70.9404,-16.3103],[-70.9391,-16.2989],[-70.921,-16.2877],[-70.9158,-16.2824],[-70.9034,-16.2776],[-70.8861,-16.2853],[-70.8765,-16.2816],[-70.872,-16.2657],[-70.8539,-16.2415],[-70.8464,-16.2381],[-70.8451,-16.2324],[-70.8505,-16.228],[-70.8658,-16.2263],[-70.8665,-16.2184],[-70.8584,-16.2112],[-70.8539,-16.2025],[-70.8541,-16.1928],[-70.8611,-16.1747],[-70.8743,-16.171],[-70.8786,-16.1666],[-70.8678,-16.1539],[-70.8675,-16.1467],[-70.8719,-16.1429],[-70.8682,-16.1269],[-70.8757,-16.1247],[-70.8861,-16.1181],[-70.8938,-16.1028],[-70.8855,-16.1009],[-70.8751,-16.0946],[-70.8781,-16.0814],[-70.8668,-16.0801],[-70.8645,-16.0672],[-70.8567,-16.0563],[-70.8327,-16.0551],[-70.8237,-16.056],[-70.8126,-16.054],[-70.8045,-16.0551],[-70.8066,-16.0423],[-70.8201,-16.0316],[-70.819,-16.0234],[-70.8144,-16.0168],[-70.8166,-16.0028],[-70.8262,-16.0006],[-70.8291,-15.9955],[-70.8275,-15.9892],[-70.8202,-15.9785]]]},"properties":{"shapeName":"Arequipa","shapeISO":"PE-ARE","shapeID":"20122684B67450783996173","shapeGroup":"PER","shapeType":"ADM1"}},
{"type":"Feature","geometry":{"type":"Polygon","coordinates":[[[-72.2393,-11.3451],[-72.2426,-11.3639],[-72.2479,-11.385],[-72.2573,-11.3935],[-72.2667,-11.3965],[-72.2786,-11.4125],[-72.2814,-11.421],[-72.2874,-11.4243],[-72.2926,-11.4333],[-72.2924,-11.4509],[-72.2875,-11.4666],[-72.2896,-11.4829],[-72.304,-11.4978],[-72.2982,-11.5029],[-72.3056,-11.5159],[-72.3038,-11.5315],[-72.3081,-11.5406],[-72.3126,-11.5654],[-72.3062,-11.5724],[-72.3155,-11.5956],[-72.3279,-11.6075],[-72.3432,-11.6144],[-72.3509,-11.6218],[-72.3556,-11.635],[-72.3696,-11.6303],[-72.3756,-11.6332],[-72.3753,-11.6442],[-72.3811,-11.6493],[-72.3896,-11.6503],[-72.3874,-11.6593],[-72.3971,-11.6712],[-72.4065,-11.6775],[-72.4101,-11.693],[-72.4149,-11.6989],[-72.4242,-11.7024],[-72.4287,-11.709],[-72.4251,-11.7332],[-72.4224,-11.7389],[-72.4131,-11.746],[-72.3975,-11.7548],[-72.3925,-11.7601],[-72.3859,-11.7615],[-72.3824,-11.7745],[-72.3777,-11.7767],[-72.3708,-11.785],[-72.3745,-11.7947],[-72.3875,-11.8018],[-72.3918,-11.8095],[-72.3931,-11.8181],[-72.3913,-11.8263],[-72.3808,-11.8322],[-72.3707,-11.835],[-72.3597,-11.8465],[-72.3529,-11.8478],[-72.3388,-11.8546],[-72.3322,-11.8555],[-72.3357,-11.8667],[-72.3403,-11.868],[-72.3435,-11.8825],[-72.3475,-11.8913],[-72.3448,-11.9012],[-72.3469,-11.9157],[-72.3383,-11.9242],[-72.3368,-11.9404],[-72.3376,-11.953],[-72.3411,-11.9634],[-72.3375,-11.9681],[-72.3214,-11.971],[-72.3118,-11.9744],[-72.2892,-11.9748],[-72.2846,-11.9764],[-72.2808,-11.9965],[-72.2593,-12.0063],[-72.2651,-12.0122],[-72.2709,-12.03],[-72.2692,-12.0367],[-72.2725,-12.0474],[-72.2689,-12.0544],[-72.2444,-12.0587],[-72.2372,-12.0577],[-72.2297,-12.0618],[-72.2219,-12.0601],[-72.2026,-12.0608],[-72.1898,-12.0589],[-72.1829,-12.0609],[-72.1737,-12.0598],[-72.1607,-12.0653],[-72.1453,-12.0697],[-72.1315,-12.0713],[-72.1164,-12.0788],[-72.1117,-12.0789],[-72.0944,-12.0852],[-72.0958,-12.1008],[-72.0926,-12.1323],[-72.0876,-12.1427],[-72.0926,-12.1551],[-72.0992,-12.165],[-72.1002,-12.1717],[-72.092,-12.191],[-72.0925,-12.197],[-72.0983,-12.2073],[-72.1014,-12.2171],[-72.1002,-12.2246],[-72.1055,-12.2381],[-72.0925,-12.2401],[-72.0852,-12.2464],[-72.0753,-12.2433],[-72.0698,-12.249],[-72.0564,-12.2573],[-72.0489,-12.254],[-72.0411,-12.2569],[-72.0338,-12.265],[-72.03,-12.2863],[-72.0143,-12.2979],[-71.9909,-12.306],[-71.9838,-12.3139],[-71.973,-12.3205],[-71.9523,-12.3229],[-71.9459,-12.3302],[-71.9471,-12.3344],[-71.9619,-12.3382],[-71.9672,-12.3476],[-71.9706,-12.359],[-71.963,-12.3715],[-71.9652,-12.3828],[-71.9699,-12.3842],[-71.9762,-12.3942],[-71.976,-12.3988],[-71.9938,-12.3992],[-72.0098,-12.4042],[-72.0175,-12.4152],[-72.0224,-12.415],[-72.0371,-12.4228],[-72.0465,-12.4224],[-72.0493,-12.4331],[-72.0615,-12.4404],[-72.0595,-12.45],[-72.0644,-12.4556],[-72.0651,-12.4715],[-72.0709,-12.4828],[-72.0709,-12.4889],[-72.079,-12.4986],[-72.0754,-12.5078],[-72.0711,-12.5115],[-72.0643,-12.5066],[-72.0547,-12.509],[-72.0518,-12.5187],[-72.0371,-12.5258],[-72.0315,-12.5248],[-72.008,-12.551],[-72.008,-12.5604],[-71.9978,-12.5727],[-71.991,-12.578],[-71.9814,-12.5805],[-71.9835,-12.5947],[-71.9839,-12.6088],[-71.9664,-12.6128],[-71.9651,-12.632],[-71.9571,-12.6395],[-71.9587,-12.6455],[-71.9564,-12.6549],[-71.9694,-12.6614],[-71.971,-12.672],[-71.9771,-12.6774],[-71.9786,-12.6833],[-71.9649,-12.6936],[-71.9578,-12.6939],[-71.9531,-12.6907],[-71.9265,-12.6995],[-71.9204,-12.6981],[-71.9165,-12.7033],[-71.9184,-12.719],[-71.9004,-12.7334],[-71.8816,-12.7304],[-71.8714,-12.7353],[-71.858,-12.7348],[-71.8495,-12.7389],[-71.8395,-12.7389],[-71.8326,-12.7423],[-71.8227,-12.7404],[-71.8106,-12.745],[-71.8041,-12.7536],[-71.7998,-12.7653],[-71.7853,-12.7649],[-71.7647,-12.7675],[-71.76,-12.7827],[-71.7602,-12.7879],[-71.7535,-12.7947],[-71.7469,-12.7961],[-71.7353,-12.7914],[-71.7298,-12.7871],[-71.7235,-12.7867],[-71.7128,-12.778],[-71.7059,-12.7667],[-71.6983,-12.762],[-71.6929,-12.7478],[-71.695,-12.7388],[-71.6838,-12.7332],[-71.6605,-12.7289],[-71.6534,-12.7212],[-71.6481,-12.7187],[-71.6385,-12.7094],[-71.6174,-12.7051],[-71.6118,-12.7019],[-71.6003,-12.7001],[-71.5929,-12.7023],[-71.5657,-12.7054],[-71.562,-12.7099],[-71.5521,-12.7093],[-71.5488,-12.714],[-71.5527,-12.724],[-71.5473,-12.7345],[-71.5334,-12.7386],[-71.53,-12.7441],[-71.5235,-12.7472],[-71.5165,-12.7434],[-71.5123,-12.7452],[-71.5026,-12.7562],[-71.4957,-12.782],[-71.4861,-12.7875],[-71.4843,-12.7921],[-71.4753,-12.8019],[-71.4648,-12.8097],[-71.4598,-12.8185],[-71.4583,-12.8259],[-71.451,-12.825],[-71.4489,-12.8334],[-71.4545,-12.8362],[-71.4543,-12.8422],[-71.4451,-12.8407],[-71.4425,-12.8536],[-71.4498,-12.8583],[-71.4489,-12.8633],[-71.4376,-12.8726],[-71.4299,-12.8761],[-71.4152,-12.8943],[-71.3962,-12.8829],[-71.3886,-12.8884],[-71.3804,-12.8992],[-71.3756,-12.9006],[-71.3664,-12.8956],[-71.3549,-12.884],[-71.3481,-12.8925],[-71.3413,-12.8955],[-71.3334,-12.9045],[-71.3261,-12.9183],[-71.3158,-12.9245],[-71.301,-12.9407],[-71.288,-12.9489],[-71.272,-12.9544],[-71.2717,-12.9618],[-71.2521,-12.964],[-71.2388,-12.9719],[-71.2297,-12.9672],[-71.2263,-12.961],[-71.2124,-12.9588],[-71.2056,-12.9616],[-71.1951,-12.96],[-71.1865,-12.9688],[-71.1783,-12.9685],[-71.1721,-12.9653],[-71.1614,-12.9681],[-71.159,-12.9787],[-71.173,-12.9833],[-71.1742,-12.9905],[-71.1787,-12.9953],[-71.1783,-13.0037],[-71.1686,-13.0101],[-71.1662,-13.0225],[-71.1718,-13.0368],[-71.171,-13.0435],[-71.1733,-13.0564],[-71.1616,-13.0665],[-71.1614,-13.0757],[-71.1682,-13.0941],[-71.1648,-13.1123],[-71.1582,-13.123],[-71.1511,-13.1241],[-71.1462,-13.1307],[-71.1438,-13.14],[-71.1465,-13.1475],[-71.1431,-13.1558],[-71.1402,-13.1697],[-71.1393,-13.1958],[-71.1348,-13.204],[-71.1349,-13.211],[-71.1276,-13.2269],[-71.122,-13.2335],[-71.1075,-13.2382],[-71.0992,-13.2381],[-71.0829,-13.2446],[-71.0642,-13.2567],[-71.0476,-13.2628],[-71.0409,-13.2687],[-71.0279,-13.2707],[-71.014,-13.2672],[-71.0097,-13.2607],[-71.0079,-13.2515],[-71.0115,-13.2398],[-71.0079,-13.231],[-71.0011,-13.2293],[-70.9909,-13.2215],[-70.9906,-13.2155],[-70.9943,-13.2032],[-70.9884,-13.1946],[-70.9878,-13.1896],[-70.9745,-13.1683],[-70.963,-13.1695],[-70.9574,-13.1635],[-70.9422,-13.1565],[-70.9376,-13.1441],[-70.9423,-13.1355],[-70.9354,-13.13],[-70.9283,-13.1292],[-70.9221,-13.1215],[-70.9214,-13.1108],[-70.8899,-13.1029],[-70.899,-13.0807],[-70.8993,-13.0697],[-70.8822,-13.0707],[-70.8791,-13.0738],[-70.8631,-13.0803],[-70.8524,-13.0791],[-70.8495,-13.072],[-70.843,-13.067],[-70.8295,-13.067],[-70.8133,-13.0729],[-70.812,-13.0776],[-70.8029,-13.0841],[-70.7999,-13.0899],[-70.7917,-13.0926],[-70.7743,-13.1033],[-70.7584,-13.108],[-70.746,-13.1035],[-70.7229,-13.1058],[-70.71,-13.1095],[-70.7056,-13.1052],[-70.6839,-13.1055],[-70.6834,-13.0984],[-70.6746,-13.0966],[-70.6696,-13.0907],[-70.6598,-13.0885],[-70.6539,-13.0933],[-70.6417,-13.0908],[-70.6249,-13.0931],[-70.6142,-13.0995],[-70.6064,-13.1017],[-70.5995,-13.0991],[-70.5875,-13.1031],[-70.5836,-13.113],[-70.578,-13.1175],[-70.5705,-13.1303],[-70.558,-13.1367],[-70.551,-13.146],[-70.5498,-13.1529],[-70.542,-13.1546],[-70.5297,-13.1526],[-70.5043,-13.1595],[-70.5008,-13.1565],[-70.4794,-13.1602],[-70.4642,-13.1597],[-70.4465,-13.1704],[-70.4123,-13.1776],[-70.4096,-13.1828],[-70.4011,-13.1812],[-70.3955,-13.1831],[-70.3885,-13.1924],[-70.3832,-13.1813],[-70.3856,-13.167],[-70.3969,-13.1581],[-70.4006,-13.1512],[-70.3908,-13.1383],[-70.3937,-13.13],[-70.4068,-13.1384],[-70.4118,-13.1386],[-70.4177,-13.1331],[-70.4145,-13.1293],[-70.4044,-13.1261],[-70.4029,-13.1144],[-70.2105,-13.1711],[-70.0326,-13.2237],[-70,-13.2345],[-69.9742,-13.2451],[-69.8955,-13.2688],[-69.8844,-13.2718],[-69.7791,-13.3033],[-69.7657,-13.3069],[-69.6986,-13.3275],[-69.6528,-13.341],[-69.6472,-13.3412],[-69.5074,-13.2811],[-69.3106,-13.1958],[-69.2202,-13.1557],[-69.1138,-13.1098],[-69.0486,-13.0809],[-68.9274,-13.0289],[-68.8727,-13.0041],[-68.866,-12.9954],[-68.8696,-12.9881],[-68.8623,-12.9831],[-68.8619,-12.9788],[-68.8686,-12.9695],[-68.8725,-12.9739],[-68.8779,-12.9541],[-68.8746,-12.9485],[-68.863,-12.9442],[-68.8731,-12.9403],[-68.8663,-12.9334],[-68.8615,-12.9247],[-68.874,-12.9203],[-68.8719,-12.9008],[-68.8664,-12.8963],[-68.8716,-12.8855],[-68.8644,-12.8736],[-68.8689,-12.8685],[-68.8592,-12.864],[-68.8491,-12.866],[-68.845,-12.8584],[-68.8358,-12.859],[-68.8389,-12.8423],[-68.8309,-12.8417],[-68.8342,-12.8341],[-68.8314,-12.8262],[-68.8382,-12.8261],[-68.8347,-12.8132],[-68.8251,-12.8058],[-68.8141,-12.805],[-68.8178,-12.7897],[-68.8116,-12.7841],[-68.8042,-12.7703],[-68.8048,-12.7585],[-68.8018,-12.7556],[-68.7922,-12.7604],[-68.7882,-12.7569],[-68.7808,-12.7368],[-68.7708,-12.7382],[-68.7661,-12.7417],[-68.7527,-12.7309],[-68.7428,-12.7258],[-68.7407,-12.7173],[-68.7346,-12.7166],[-68.729,-12.7115],[-68.742,-12.7066],[-68.7278,-12.6999],[-68.7252,-12.6954],[-68.729,-12.6888],[-68.7201,-12.6872],[-68.7129,-12.6816],[-68.7198,-12.6736],[-68.7202,-12.6618],[-68.7276,-12.6611],[-68.7357,-12.6666],[-68.7379,-12.6579],[-68.7315,-12.6528],[-68.734,-12.6442],[-68.7416,-12.6354],[-68.7346,-12.6247],[-68.7331,-12.6107],[-68.7231,-12.6026],[-68.7132,-12.6028],[-68.7107,-12.5909],[-68.7024,-12.5848],[-68.6958,-12.5881],[-68.6929,-12.5809],[-68.7,-12.5719],[-68.6933,-12.565],[-68.6922,-12.5573],[-68.6767,-12.5547],[-68.673,-12.5416],[-68.6751,-12.5299],[-68.683,-12.5269],[-68.6809,-12.5221],[-68.6706,-12.525],[-68.6642,-12.5243],[-68.6612,-12.5361],[-68.6542,-12.5303],[-68.6609,-12.5183],[-68.6534,-12.5096],[-68.652,-12.498],[-68.9704,-11.913],[-69.2551,-11.4591],[-69.3361,-11.3278],[-69.3789,-11.2642],[-69.4752,-11.1022],[-69.5725,-10.9445],[-69.5845,-10.9401],[-69.592,-10.9476],[-69.5961,-10.9409],[-69.6112,-10.9468],[-69.6161,-10.951],[-69.6226,-10.9504],[-69.6339,-10.9577],[-69.6459,-10.9539],[-69.6596,-10.9528],[-69.6694,-10.9627],[-69.6748,-10.9603],[-69.6901,-10.9638],[-69.6958,-10.9676],[-69.7011,-10.9655],[-69.7151,-10.9769],[-69.7194,-10.967],[-69.7228,-10.9648],[-69.7367,-10.975],[-69.7415,-10.9729],[-69.7395,-10.9638],[-69.7461,-10.9619],[-69.7479,-10.9537],[-69.7569,-10.9441],[-69.7723,-10.9409],[-69.7746,-10.9348],[-69.7806,-10.936],[-69.7884,-10.9297],[-69.7932,-10.9348],[-69.7991,-10.9276],[-69.8079,-10.9272],[-69.8233,-10.9337],[-69.8312,-10.9339],[-69.8338,-10.9283],[-69.8401,-10.9304],[-69.843,-10.9252],[-69.8527,-10.924],[-69.8571,-10.9329],[-69.862,-10.9261],[-69.8733,-10.9308],[-69.8779,-10.9244],[-69.8853,-10.9244],[-69.9012,-10.92],[-69.9178,-10.9253],[-69.9179,-10.9327],[-69.9246,-10.9308],[-69.926,-10.9231],[-69.9335,-10.9212],[-69.9418,-10.9264],[-69.9485,-10.9247],[-69.9552,-10.9281],[-69.9586,-10.934],[-69.9695,-10.9456],[-69.975,-10.9489],[-69.9844,-10.9443],[-69.9835,-10.9534],[-69.9954,-10.9562],[-69.9974,-10.9626],[-70.0071,-10.9611],[-70.0151,-10.9701],[-70.0214,-10.9688],[-70.0306,-10.9754],[-70.0376,-10.9705],[-70.0399,-10.9804],[-70.047,-10.9795],[-70.0491,-10.9839],[-70.0588,-10.988],[-70.067,-10.9945],[-70.0784,-10.9891],[-70.0855,-10.9894],[-70.0922,-10.9853],[-70.0984,-10.9924],[-70.1091,-10.9961],[-70.1064,-11.0069],[-70.1208,-11.0104],[-70.1271,-11.0151],[-70.132,-11.0242],[-70.1387,-11.0221],[-70.1412,-11.0308],[-70.1509,-11.032],[-70.1583,-11.0382],[-70.1712,-11.043],[-70.1894,-11.0456],[-70.1891,-11.0488],[-70.1993,-11.055],[-70.2115,-11.0505],[-70.2234,-11.052],[-70.2292,-11.0496],[-70.2561,-11.0507],[-70.262,-11.0522],[-70.2717,-11.0603],[-70.282,-11.0566],[-70.29,-11.0633],[-70.3086,-11.0708],[-70.3273,-11.0658],[-70.3422,-11.0678],[-70.3501,-11.0658],[-70.3538,-11.0592],[-70.3656,-11.0608],[-70.3764,-11.0598],[-70.3835,-11.0493],[-70.3909,-11.0464],[-70.4076,-11.0475],[-70.4105,-11.0428],[-70.4242,-11.0381],[-70.4377,-11.0391],[-70.4414,-11.0339],[-70.4376,-11.0266],[-70.4534,-10.9965],[-70.47,-10.9878],[-70.4754,-10.9768],[-70.4842,-10.9658],[-70.4944,-10.9634],[-70.5045,-10.9518],[-70.5147,-10.9483],[-70.5194,-10.9407],[-70.5303,-10.9347],[-70.621,-10.9998],[-70.6225,-10.706],[-70.6254,-10.4986],[-70.6251,-10.4249],[-70.6241,-10.0803],[-70.6208,-9.9613],[-70.6138,-9.9172],[-70.6242,-9.9074],[-70.633,-9.9069],[-70.6423,-9.9162],[-70.6501,-9.93],[-70.6469,-9.9459],[-70.6504,-9.9546],[-70.6676,-9.9725],[-70.6591,-9.9898],[-70.6572,-10.0019],[-70.6665,-10.0066],[-70.6665,-10.014],[-70.6723,-10.0231],[-70.6728,-10.0352],[-70.663,-10.0452],[-70.6574,-10.0551],[-70.6572,-10.0652],[-70.6525,-10.0721],[-70.6505,-10.0803],[-70.6566,-10.0821],[-70.664,-10.089],[-70.6708,-10.0998],[-70.681,-10.1026],[-70.6839,-10.1126],[-70.6982,-10.118],[-70.7003,-10.1267],[-70.7079,-10.1356],[-70.7051,-10.1587],[-70.7125,-10.1652],[-70.717,-10.1726],[-70.7287,-10.1804],[-70.7465,-10.1886],[-70.7535,-10.1941],[-70.7616,-10.2092],[-70.7681,-10.2134],[-70.7762,-10.2226],[-70.796,-10.2383],[-70.8174,-10.2569],[-70.8421,-10.2667],[-70.8567,-10.2706],[-70.8792,-10.2842],[-70.8943,-10.2996],[-70.9072,-10.3112],[-70.9229,-10.3275],[-70.9347,-10.3333],[-70.9589,-10.3348],[-70.9659,-10.3398],[-70.9669,-10.3502],[-70.9653,-10.3688],[-70.9672,-10.3813],[-70.9809,-10.4014],[-70.9906,-10.4205],[-70.9937,-10.4386],[-71.0081,-10.4575],[-71.0196,-10.4676],[-71.0245,-10.4782],[-71.0409,-10.4887],[-71.0479,-10.4886],[-71.0548,-10.4935],[-71.0622,-10.4942],[-71.0785,-10.5014],[-71.1027,-10.5029],[-71.1135,-10.5008],[-71.1274,-10.5044],[-71.1369,-10.5148],[-71.14,-10.5218],[-71.1553,-10.5312],[-71.1646,-10.5313],[-71.1664,-10.5573],[-71.1638,-10.5642],[-71.1665,-10.5716],[-71.1731,-10.575],[-71.1823,-10.5739],[-71.1962,-10.5799],[-71.2052,-10.5915],[-71.2053,-10.5985],[-71.2091,-10.6075],[-71.2109,-10.6192],[-71.2208,-10.6367],[-71.2172,-10.642],[-71.2084,-10.6475],[-71.2063,-10.6522],[-71.2128,-10.6683],[-71.2286,-10.6795],[-71.2296,-10.689],[-71.2219,-10.7054],[-71.2149,-10.7137],[-71.2222,-10.724],[-71.2238,-10.7336],[-71.2183,-10.7487],[-71.2212,-10.7614],[-71.2274,-10.7613],[-71.2285,-10.7702],[-71.2365,-10.7794],[-71.2445,-10.7766],[-71.2479,-10.7817],[-71.2573,-10.7845],[-71.2608,-10.7911],[-71.2715,-10.819],[-71.2713,-10.8365],[-71.2734,-10.8474],[-71.2914,-10.8727],[-71.309,-10.8787],[-71.3165,-10.8974],[-71.3173,-10.9096],[-71.329,-10.911],[-71.3465,-10.9265],[-71.3519,-10.9408],[-71.3521,-10.9479],[-71.3573,-10.9515],[-71.3704,-10.9473],[-71.3763,-10.9527],[-71.3949,-10.9476],[-71.3994,-10.953],[-71.4129,-10.9581],[-71.4261,-10.9557],[-71.4434,-10.9587],[-71.4706,-10.9555],[-71.4805,-10.9571],[-71.486,-10.9638],[-71.494,-10.9618],[-71.5081,-10.9661],[-71.5145,-10.963],[-71.5271,-10.9617],[-71.5316,-10.9522],[-71.5383,-10.9537],[-71.5562,-10.9639],[-71.5711,-10.9648],[-71.5905,-10.972],[-71.5969,-10.9727],[-71.6119,-10.9708],[-71.6284,-10.9758],[-71.6513,-10.977],[-71.6551,-10.9814],[-71.6665,-10.9817],[-71.6717,-10.9759],[-71.678,-10.9761],[-71.6807,-10.9716],[-71.6922,-10.9794],[-71.6995,-10.9746],[-71.7054,-10.9756],[-71.7077,-10.9816],[-71.7137,-10.9849],[-71.7141,-10.9956],[-71.7202,-10.9966],[-71.7252,-10.9874],[-71.73,-10.9836],[-71.7452,-10.9927],[-71.7539,-10.9937],[-71.7649,-10.9915],[-71.77,-10.9928],[-71.7781,-10.9897],[-71.7876,-10.9926],[-71.809,-10.9938],[-71.8155,-10.9974],[-71.8262,-10.9975],[-71.8357,-11.0005],[-71.8498,-10.9942],[-71.8714,-10.9937],[-71.8774,-10.9999],[-71.8933,-10.9959],[-71.9166,-10.9992],[-71.9261,-10.9947],[-71.9334,-10.9974],[-71.9446,-10.9974],[-71.9479,-10.9924],[-71.9559,-10.994],[-71.9621,-10.9917],[-71.9694,-10.9963],[-71.9748,-10.9914],[-71.9804,-10.991],[-71.9866,-10.9955],[-71.9967,-10.9911],[-72.0161,-10.9897],[-72.0298,-10.9979],[-72.0408,-10.9999],[-72.0517,-11.0109],[-72.0698,-11.0084],[-72.0815,-11.005],[-72.098,-11.0033],[-72.1195,-10.9962],[-72.1303,-10.9903],[-72.1439,-10.9892],[-72.1529,-10.9942],[-72.1537,-11.0014],[-72.1588,-11.0077],[-72.1821,-11.0102],[-72.1753,-11.0248],[-72.1744,-11.0324],[-72.1759,-11.0454],[-72.1822,-11.0519],[-72.1849,-11.0658],[-72.1747,-11.0708],[-72.1694,-11.0759],[-72.1671,-11.0881],[-72.164,-11.0905],[-72.1525,-11.0879],[-72.1351,-11.0954],[-72.1259,-11.1012],[-72.1214,-11.1071],[-72.1202,-11.1181],[-72.1225,-11.1236],[-72.1366,-11.1368],[-72.1456,-11.1491],[-72.1621,-11.1566],[-72.1699,-11.1635],[-72.1789,-11.1632],[-72.1816,-11.1668],[-72.1869,-11.1872],[-72.1967,-11.1941],[-72.2002,-11.2053],[-72.1968,-11.2208],[-72.1982,-11.2617],[-72.2055,-11.2666],[-72.2115,-11.2776],[-72.2177,-11.3002],[-72.2133,-11.3124],[-72.214,-11.3197],[-72.2097,-11.3277],[-72.2088,-11.3354],[-72.204,-11.3434],[-72.2081,-11.3475],[-72.2137,-11.3442],[-72.2267,-11.3426],[-72.2393,-11.3451]]]},"properties":{"shapeName":"Madre de Dios","shapeISO":"PE-MDD","shapeID":"20122684B62976079231098","shapeGroup":"PER","shapeType":"ADM1"}},
{"type":"Feature","geometry":{"type":"Polygon","coordinates":[[[-79.4186,-5.9701],[-79.416,-6.0031],[-79.4097,-6.0006],[-79.4032,-5.985],[-79.3959,-5.9772],[-79.3888,-5.9788],[-79.3647,-5.9764],[-79.349,-5.9797],[-79.345,-6.0064],[-79.3331,-6.0183],[-79.3286,-6.0277],[-79.3191,-6.0426],[-79.3119,-6.0391],[-79.3113,-6.0335],[-79.3203,-6.0214],[-79.3224,-6.0004],[-79.3177,-5.9926],[-79.3063,-5.9856],[-79.294,-5.9867],[-79.2776,-5.9973],[-79.2643,-6.0025],[-79.266,-6.0112],[-79.2634,-6.0157],[-79.2665,-6.0227],[-79.2629,-6.0278],[-79.2477,-6.0299],[-79.2409,-6.0286],[-79.2357,-6.0451],[-79.224,-6.055],[-79.2158,-6.0505],[-79.2106,-6.0424],[-79.2087,-6.033],[-79.204,-6.0241],[-79.19,-6.0248],[-79.1847,-6.0316],[-79.1767,-6.0368],[-79.1754,-6.042],[-79.1832,-6.0486],[-79.1889,-6.0596],[-79.1829,-6.0682],[-79.1839,-6.0805],[-79.1808,-6.0863],[-79.1877,-6.0943],[-79.1943,-6.0956],[-79.1984,-6.1001],[-79.2132,-6.0989],[-79.2271,-6.0916],[-79.2339,-6.0931],[-79.2366,-6.1041],[-79.2433,-6.1058],[-79.253,-6.1251],[-79.2562,-6.1275],[-79.2592,-6.1402],[-79.2653,-6.1453],[-79.2725,-6.1467],[-79.2747,-6.1585],[-79.2726,-6.1688],[-79.2657,-6.1793],[-79.2633,-6.192],[-79.2593,-6.1989],[-79.2541,-6.2165],[-79.2492,-6.2218],[-79.2523,-6.2267],[-79.2727,-6.2258],[-79.279,-6.2293],[-79.2764,-6.2399],[-79.2847,-6.2545],[-79.3005,-6.2675],[-79.3084,-6.2701],[-79.3123,-6.2653],[-79.3218,-6.2631],[-79.329,-6.2663],[-79.3457,-6.2831],[-79.3447,-6.2877],[-79.3515,-6.2977],[-79.3536,-6.3043],[-79.3638,-6.3036],[-79.371,-6.2996],[-79.3818,-6.3006],[-79.3879,-6.2983],[-79.3999,-6.309],[-79.409,-6.3121],[-79.4161,-6.3086],[-79.4227,-6.3104],[-79.4277,-6.3174],[-79.4266,-6.3289],[-79.4454,-6.3551],[-79.4442,-6.3616],[-79.4518,-6.3658],[-79.4538,-6.3722],[-79.4467,-6.3767],[-79.447,-6.3859],[-79.4535,-6.3968],[-79.4499,-6.409],[-79.4463,-6.415],[-79.4376,-6.4199],[-79.4328,-6.428],[-79.4286,-6.4424],[-79.4229,-6.4519],[-79.4227,-6.4675],[-79.4313,-6.4797],[-79.4248,-6.4887],[-79.417,-6.5064],[-79.4195,-6.5264],[-79.4221,-6.5326],[-79.4187,-6.537],[-79.4033,-6.5407],[-79.3982,-6.533],[-79.388,-6.5314],[-79.3794,-6.5227],[-79.3696,-6.5208],[-79.3657,-6.5421],[-79.367,-6.5495],[-79.3601,-6.5582],[-79.3579,-6.5655],[-79.3455,-6.5779],[-79.3467,-6.5825],[-79.3357,-6.6024],[-79.3442,-6.606],[-79.353,-6.627],[-79.3587,-6.6283],[-79.3623,-6.6335],[-79.3507,-6.6398],[-79.3436,-6.6467],[-79.3254,-6.6407],[-79.3219,-6.6469],[-79.304,-6.6516],[-79.2981,-6.6628],[-79.2964,-6.6757],[-79.2807,-6.6776],[-79.2719,-6.6803],[-79.2562,-6.6771],[-79.2419,-6.6721],[-79.2291,-6.6714],[-79.2216,-6.6882],[-79.2138,-6.6956],[-79.2035,-6.6921],[-79.1955,-6.6968],[-79.1948,-6.7044],[-79.1884,-6.7165],[-79.176,-6.7104],[-79.171,-6.7017],[-79.156,-6.7048],[-79.1451,-6.7004],[-79.1416,-6.7015],[-79.1429,-6.7191],[-79.1355,-6.727],[-79.1387,-6.7368],[-79.1287,-6.7525],[-79.1289,-6.7597],[-79.1231,-6.7691],[-79.1208,-6.777],[-79.1237,-6.7828],[-79.1443,-6.7886],[-79.154,-6.7952],[-79.1588,-6.8009],[-79.1744,-6.8017],[-79.1825,-6.8062],[-79.1885,-6.8152],[-79.1936,-6.8159],[-79.2087,-6.8267],[-79.2184,-6.8403],[-79.2191,-6.8517],[-79.2291,-6.8605],[-79.246,-6.8587],[-79.2519,-6.8619],[-79.2627,-6.8592],[-79.271,-6.8665],[-79.2731,-6.8767],[-79.2956,-6.8835],[-79.302,-6.8948],[-79.311,-6.9013],[-79.3101,-6.9254],[-79.3003,-6.9367],[-79.2994,-6.9454],[-79.305,-6.9539],[-79.3031,-6.9613],[-79.3072,-6.9682],[-79.3009,-6.989],[-79.3023,-6.9938],[-79.2966,-6.9998],[-79.2998,-7.005],[-79.3072,-7.0074],[-79.3093,-7.0155],[-79.3195,-7.0199],[-79.3226,-7.0257],[-79.3316,-7.0574],[-79.3275,-7.0715],[-79.3305,-7.0756],[-79.3261,-7.083],[-79.3181,-7.0847],[-79.3129,-7.0904],[-79.3115,-7.1127],[-79.3137,-7.1183],[-79.3074,-7.1256],[-79.2977,-7.1282],[-79.3046,-7.139],[-79.3053,-7.1471],[-79.2953,-7.1496],[-79.2826,-7.1559],[-79.2788,-7.1633],[-79.2811,-7.1682],[-79.2762,-7.1753],[-79.2745,-7.1828],[-79.2701,-7.185],[-79.2673,-7.1924],[-79.2518,-7.1983],[-79.2713,-7.2151],[-79.2755,-7.2158],[-79.2716,-7.2293],[-79.2742,-7.2394],[-79.2793,-7.2477],[-79.2714,-7.2588],[-79.2683,-7.2706],[-79.2692,-7.2783],[-79.276,-7.2789],[-79.2826,-7.2751],[-79.2966,-7.2815],[-79.3088,-7.2854],[-79.314,-7.295],[-79.3275,-7.3089],[-79.3373,-7.3122],[-79.3503,-7.3219],[-79.367,-7.3272],[-79.3656,-7.3324],[-79.352,-7.3368],[-79.3471,-7.3366],[-79.3343,-7.3529],[-79.3225,-7.3545],[-79.3149,-7.3597],[-79.3,-7.3531],[-79.2931,-7.3473],[-79.2803,-7.3509],[-79.2792,-7.3595],[-79.2731,-7.367],[-79.2645,-7.3718],[-79.2563,-7.3819],[-79.2398,-7.3863],[-79.2309,-7.391],[-79.1937,-7.3738],[-79.1871,-7.3771],[-79.1882,-7.3954],[-79.1816,-7.3998],[-79.1797,-7.4047],[-79.1621,-7.418],[-79.1527,-7.4398],[-79.1228,-7.4416],[-79.0654,-7.4727],[-79.0691,-7.4796],[-79.0716,-7.5053],[-79.0657,-7.5122],[-79.0659,-7.5208],[-79.0572,-7.5273],[-79.0615,-7.5388],[-79.0598,-7.5467],[-79.0391,-7.5612],[-79.0383,-7.5681],[-79.0402,-7.5816],[-79.0437,-7.588],[-79.0412,-7.5999],[-79.0343,-7.6039],[-79.0333,-7.6117],[-79.029,-7.6156],[-79.0264,-7.6255],[-79.0186,-7.6291],[-79.0085,-7.6396],[-79.0065,-7.6452],[-78.9921,-7.6609],[-78.9873,-7.6595],[-78.9726,-7.6603],[-78.9609,-7.6578],[-78.9517,-7.6465],[-78.9507,-7.6407],[-78.9422,-7.6272],[-78.9444,-7.6187],[-78.9426,-7.6128],[-78.9443,-7.5984],[-78.9365,-7.5949],[-78.9352,-7.5819],[-78.9311,-7.5751],[-78.9139,-7.5583],[-78.9128,-7.5511],[-78.8959,-7.5374],[-78.8861,-7.5334],[-78.8826,-7.5353],[-78.8739,-7.5312],[-78.8615,-7.5319],[-78.8604,-7.5279],[-78.8515,-7.5225],[-78.8575,-7.5124],[-78.8576,-7.5042],[-78.8618,-7.4972],[-78.8744,-7.4899],[-78.8807,-7.4892],[-78.8867,-7.4841],[-78.8766,-7.4703],[-78.8676,-7.467],[-78.8569,-7.4574],[-78.8478,-7.4528],[-78.847,-7.4469],[-78.8416,-7.4376],[-78.8359,-7.4365],[-78.8209,-7.426],[-78.8135,-7.4258],[-78.8034,-7.419],[-78.8014,-7.4035],[-78.7899,-7.3952],[-78.7837,-7.4046],[-78.7859,-7.4108],[-78.7828,-7.4222],[-78.7721,-7.4118],[-78.7619,-7.4082],[-78.7601,-7.402],[-78.7453,-7.407],[-78.7382,-7.4201],[-78.7305,-7.4199],[-78.7133,-7.4096],[-78.6981,-7.4145],[-78.6851,-7.4118],[-78.6733,-7.4116],[-78.6616,-7.406],[-78.6625,-7.413],[-78.6522,-7.4276],[-78.646,-7.4277],[-78.6383,-7.4336],[-78.6298,-7.4455],[-78.6278,-7.4564],[-78.6295,-7.4663],[-78.6275,-7.4795],[-78.6319,-7.4837],[-78.6313,-7.4918],[-78.6362,-7.5043],[-78.6444,-7.5149],[-78.6496,-7.529],[-78.634,-7.5427],[-78.6246,-7.5486],[-78.6021,-7.5491],[-78.5947,-7.5468],[-78.5901,-7.5502],[-78.5805,-7.5471],[-78.5607,-7.5525],[-78.5544,-7.5503],[-78.5391,-7.5493],[-78.5239,-7.5499],[-78.5181,-7.5548],[-78.511,-7.5567],[-78.4974,-7.5534],[-78.4914,-7.5549],[-78.4798,-7.546],[-78.4746,-7.539],[-78.4653,-7.5346],[-78.4595,-7.528],[-78.4516,-7.5126],[-78.4373,-7.5021],[-78.4275,-7.4924],[-78.4175,-7.4894],[-78.4156,-7.4851],[-78.4031,-7.4835],[-78.3929,-7.492],[-78.3845,-7.492],[-78.3784,-7.4971],[-78.36,-7.5004],[-78.3442,-7.4941],[-78.3278,-7.4975],[-78.3222,-7.5033],[-78.327,-7.5093],[-78.339,-7.5079],[-78.3496,-7.5118],[-78.3532,-7.5206],[-78.3608,-7.53],[-78.3639,-7.5455],[-78.3598,-7.5511],[-78.3568,-7.574],[-78.3618,-7.5847],[-78.3702,-7.5933],[-78.3777,-7.5935],[-78.3798,-7.6003],[-78.3763,-7.6166],[-78.3769,-7.6247],[-78.3828,-7.6301],[-78.3719,-7.6446],[-78.3607,-7.6443],[-78.3606,-7.6538],[-78.3564,-7.6623],[-78.3595,-7.668],[-78.3522,-7.673],[-78.348,-7.6857],[-78.3356,-7.6905],[-78.3301,-7.6996],[-78.3209,-7.6974],[-78.3152,-7.7032],[-78.3028,-7.6965],[-78.2958,-7.7069],[-78.2896,-7.7066],[-78.2839,-7.7156],[-78.2757,-7.7202],[-78.2821,-7.7264],[-78.2832,-7.7421],[-78.2812,-7.7473],[-78.2724,-7.7535],[-78.2476,-7.7566],[-78.2423,-7.7545],[-78.2247,-7.7593],[-78.2212,-7.7631],[-78.2135,-7.754],[-78.2163,-7.7491],[-78.2116,-7.7432],[-78.2196,-7.7286],[-78.2111,-7.7278],[-78.1995,-7.7294],[-78.1928,-7.7272],[-78.1903,-7.7175],[-78.1783,-7.7119],[-78.1713,-7.7134],[-78.1589,-7.6934],[-78.1491,-7.6917],[-78.141,-7.6827],[-78.14,-7.6754],[-78.1417,-7.664],[-78.1318,-7.6599],[-78.1278,-7.6535],[-78.1161,-7.654],[-78.0991,-7.671],[-78.0949,-7.6736],[-78.0812,-7.6962],[-78.0632,-7.6888],[-78.0509,-7.6789],[-78.0438,-7.6782],[-78.026,-7.6825],[-78.017,-7.6798],[-77.9986,-7.6791],[-77.9774,-7.67],[-77.9732,-7.667],[-77.9667,-7.6751],[-77.9647,-7.6662],[-77.9578,-7.6548],[-77.9483,-7.6597],[-77.9366,-7.6575],[-77.9323,-7.6518],[-77.9391,-7.6484],[-77.9403,-7.6405],[-77.9263,-7.6371],[-77.92,-7.6286],[-77.9128,-7.6249],[-77.916,-7.6193],[-77.9193,-7.6057],[-77.9228,-7.6003],[-77.9101,-7.5972],[-77.8879,-7.5882],[-77.8704,-7.5853],[-77.8658,-7.5611],[-77.8618,-7.5523],[-77.8626,-7.5348],[-77.8575,-7.5242],[-77.8442,-7.5144],[-77.8184,-7.5073],[-77.8135,-7.5044],[-77.7912,-7.5],[-77.7782,-7.4899],[-77.77,-7.4818],[-77.7594,-7.4782],[-77.7473,-7.4803],[-77.7414,-7.4667],[-77.7451,-7.4637],[-77.748,-7.455],[-77.7554,-7.441],[-77.7674,-7.4408],[-77.7721,-7.4292],[-77.772,-7.4185],[-77.7769,-7.4172],[-77.7807,-7.4109],[-77.7977,-7.4037],[-77.8054,-7.3963],[-77.8134,-7.3925],[-77.825,-7.3787],[-77.8209,-7.3691],[-77.8314,-7.3425],[-77.8384,-7.3411],[-77.8311,-7.31],[-77.8376,-7.3003],[-77.8394,-7.291],[-77.843,-7.2878],[-77.8566,-7.2832],[-77.8544,-7.2721],[-77.8596,-7.2649],[-77.8596,-7.2551],[-77.857,-7.2453],[-77.8496,-7.2381],[-77.8546,-7.2309],[-77.8648,-7.2264],[-77.8692,-7.2287],[-77.8809,-7.2214],[-77.8811,-7.2104],[-77.8843,-7.2],[-77.8822,-7.193],[-77.8935,-7.1813],[-77.8999,-7.1788],[-77.8993,-7.1652],[-77.9047,-7.1659],[-77.9227,-7.1575],[-77.9262,-7.1528],[-77.9256,-7.1364],[-77.9292,-7.1188],[-77.9295,-7.1064],[-77.9394,-7.097],[-77.9404,-7.0885],[-77.9493,-7.0784],[-77.9477,-7.0693],[-77.9579,-7.0543],[-77.9659,-7.0508],[-77.9653,-7.0383],[-77.9729,-7.024],[-77.9789,-7.0239],[-77.9789,-7.016],[-77.9851,-7.0142],[-77.9929,-6.9932],[-78.0002,-6.9896],[-77.9936,-6.9779],[-77.9939,-6.9695],[-78.0004,-6.9702],[-78.0017,-6.9668],[-77.9986,-6.9509],[-78.0021,-6.9379],[-78.0098,-6.9379],[-78.0141,-6.9316],[-78.0117,-6.9257],[-78.0062,-6.9235],[-78.005,-6.9157],[-78.0009,-6.9129],[-78.0009,-6.8968],[-78.0055,-6.8881],[-78.0017,-6.8809],[-78.0065,-6.8783],[-78.0022,-6.8713],[-78.0033,-6.8624],[-78.0147,-6.8513],[-78.0195,-6.8534],[-78.0312,-6.847],[-78.024,-6.8384],[-78.0162,-6.833],[-78.0141,-6.8223],[-78.0211,-6.8176],[-78.0176,-6.8082],[-78.0238,-6.7971],[-78.0212,-6.7941],[-78.026,-6.7759],[-78.0381,-6.7458],[-78.0344,-6.7399],[-78.0394,-6.732],[-78.0382,-6.726],[-78.0437,-6.7138],[-78.0467,-6.7027],[-78.046,-6.6916],[-78.0582,-6.6762],[-78.0639,-6.677],[-78.0746,-6.6725],[-78.0792,-6.6664],[-78.076,-6.6591],[-78.0813,-6.6552],[-78.0943,-6.6573],[-78.0973,-6.6506],[-78.1076,-6.6423],[-78.1037,-6.6343],[-78.1044,-6.6251],[-78.1075,-6.6182],[-78.1135,-6.6123],[-78.1152,-6.6043],[-78.1203,-6.5994],[-78.1219,-6.5892],[-78.1178,-6.5821],[-78.1196,-6.5746],[-78.1371,-6.5637],[-78.1326,-6.5531],[-78.1371,-6.5494],[-78.1383,-6.5386],[-78.1346,-6.5347],[-78.136,-6.5263],[-78.1444,-6.5195],[-78.1446,-6.5143],[-78.1507,-6.5122],[-78.1522,-6.4998],[-78.1644,-6.4908],[-78.173,-6.4942],[-78.1767,-6.4835],[-78.1771,-6.4744],[-78.1858,-6.4711],[-78.19,-6.457],[-78.1984,-6.4593],[-78.21,-6.458],[-78.2115,-6.4474],[-78.2181,-6.4469],[-78.2219,-6.4297],[-78.2261,-6.4271],[-78.2412,-6.4105],[-78.2419,-6.4042],[-78.2552,-6.3948],[-78.2683,-6.3911],[-78.2759,-6.3998],[-78.2801,-6.3958],[-78.2779,-6.389],[-78.289,-6.375],[-78.2935,-6.3718],[-78.2995,-6.3754],[-78.3056,-6.3679],[-78.319,-6.357],[-78.324,-6.3582],[-78.3337,-6.351],[-78.3349,-6.3419],[-78.3329,-6.3365],[-78.3354,-6.3187],[-78.3454,-6.3046],[-78.3477,-6.2985],[-78.3564,-6.2954],[-78.3604,-6.2804],[-78.3651,-6.2808],[-78.37,-6.2711],[-78.3722,-6.2526],[-78.3701,-6.2391],[-78.3803,-6.2307],[-78.3844,-6.2312],[-78.4016,-6.226],[-78.402,-6.2198],[-78.409,-6.2137],[-78.4142,-6.2138],[-78.419,-6.2057],[-78.4169,-6.1935],[-78.4274,-6.1799],[-78.437,-6.1736],[-78.4382,-6.1657],[-78.4605,-6.1482],[-78.4655,-6.1376],[-78.4758,-6.1326],[-78.479,-6.1262],[-78.4773,-6.1148],[-78.4826,-6.109],[-78.4984,-6.1025],[-78.4989,-6.0887],[-78.5098,-6.0842],[-78.511,-6.0773],[-78.5188,-6.0715],[-78.5258,-6.0732],[-78.5333,-6.071],[-78.5422,-6.0731],[-78.5568,-6.071],[-78.5643,-6.0768],[-78.5768,-6.0786],[-78.5894,-6.0765],[-78.6019,-6.0655],[-78.6039,-6.0592],[-78.6105,-6.0534],[-78.6096,-6.0416],[-78.6116,-6.0355],[-78.6123,-6.0182],[-78.6223,-6.0111],[-78.6262,-6.0049],[-78.6298,-5.989],[-78.6359,-5.9887],[-78.6394,-5.9745],[-78.6603,-5.9556],[-78.6629,-5.9416],[-78.6702,-5.9274],[-78.6718,-5.9193],[-78.6828,-5.9111],[-78.6877,-5.8969],[-78.6959,-5.8885],[-78.696,-5.8832],[-78.6913,-5.872],[-78.6984,-5.8609],[-78.6968,-5.8528],[-78.6991,-5.8408],[-78.7068,-5.832],[-78.712,-5.8304],[-78.7043,-5.7946],[-78.701,-5.7858],[-78.6947,-5.7771],[-78.6916,-5.7583],[-78.6918,-5.7507],[-78.686,-5.7444],[-78.675,-5.7423],[-78.6535,-5.735],[-78.6524,-5.7228],[-78.6563,-5.7179],[-78.6664,-5.7174],[-78.6838,-5.7071],[-78.6863,-5.7014],[-78.6792,-5.6907],[-78.6511,-5.6756],[-78.6488,-5.6623],[-78.6376,-5.6443],[-78.6248,-5.6394],[-78.6182,-5.6207],[-78.6092,-5.615],[-78.6048,-5.6072],[-78.6081,-5.5961],[-78.6,-5.5902],[-78.5946,-5.5775],[-78.5942,-5.5707],[-78.5851,-5.5648],[-78.5851,-5.555],[-78.5807,-5.5485],[-78.5698,-5.5454],[-78.5641,-5.5383],[-78.5547,-5.5381],[-78.5517,-5.5306],[-78.5501,-5.5187],[-78.5585,-5.4991],[-78.5431,-5.4818],[-78.5476,-5.4775],[-78.5421,-5.4704],[-78.5234,-5.4581],[-78.5152,-5.4543],[-78.5113,-5.4468],[-78.5138,-5.4261],[-78.5216,-5.4206],[-78.5221,-5.4089],[-78.5184,-5.3993],[-78.5227,-5.3944],[-78.5287,-5.3822],[-78.539,-5.3722],[-78.5399,-5.3657],[-78.5513,-5.3603],[-78.564,-5.3446],[-78.5786,-5.3359],[-78.6045,-5.3099],[-78.6097,-5.3075],[-78.6384,-5.3053],[-78.648,-5.2933],[-78.6544,-5.2743],[-78.6646,-5.2685],[-78.6715,-5.2668],[-78.6771,-5.2691],[-78.6842,-5.2675],[-78.6884,-5.255],[-78.6853,-5.2376],[-78.6936,-5.2327],[-78.6997,-5.2123],[-78.703,-5.2077],[-78.7023,-5.1985],[-78.7051,-5.1931],[-78.706,-5.1801],[-78.7091,-5.1796],[-78.7109,-5.1568],[-78.7058,-5.1496],[-78.7039,-5.1352],[-78.7039,-5.1237],[-78.7005,-5.1155],[-78.7006,-5.1041],[-78.6955,-5.0935],[-78.6834,-5.087],[-78.6802,-5.0721],[-78.673,-5.0715],[-78.6675,-5.0677],[-78.6577,-5.0674],[-78.6515,-5.0553],[-78.6475,-5.0393],[-78.6418,-5.0364],[-78.6412,-5.0267],[-78.6311,-5.0132],[-78.6196,-5.0005],[-78.6195,-4.9863],[-78.6216,-4.9795],[-78.627,-4.9732],[-78.6414,-4.9718],[-78.6458,-4.9623],[-78.6383,-4.9441],[-78.6373,-4.9365],[-78.6399,-4.9286],[-78.6385,-4.9151],[-78.6292,-4.8978],[-78.623,-4.8787],[-78.6207,-4.8545],[-78.6113,-4.8402],[-78.6098,-4.8226],[-78.6125,-4.8141],[-78.6209,-4.8027],[-78.6211,-4.7928],[-78.6164,-4.7872],[-78.6006,-4.7734],[-78.6021,-4.7651],[-78.6181,-4.7473],[-78.6268,-4.7399],[-78.6382,-4.7404],[-78.6447,-4.7365],[-78.6437,-4.7172],[-78.64,-4.7052],[-78.6317,-4.6984],[-78.6358,-4.6854],[-78.6445,-4.6832],[-78.6419,-4.677],[-78.6424,-4.6683],[-78.6379,-4.658],[-78.6497,-4.6466],[-78.6569,-4.6486],[-78.6638,-4.656],[-78.6868,-4.6433],[-78.6954,-4.637],[-78.6982,-4.6297],[-78.706,-4.6239],[-78.7283,-4.6259],[-78.7545,-4.6302],[-78.7642,-4.6335],[-78.7684,-4.639],[-78.7758,-4.6429],[-78.7852,-4.6376],[-78.794,-4.64],[-78.8051,-4.6382],[-78.8154,-4.6418],[-78.8426,-4.6545],[-78.8496,-4.6642],[-78.8559,-4.667],[-78.8633,-4.6794],[-78.8629,-4.6893],[-78.8707,-4.7003],[-78.8808,-4.707],[-78.8888,-4.7151],[-78.8914,-4.7294],[-78.8888,-4.7367],[-78.8893,-4.7623],[-78.8957,-4.7724],[-78.904,-4.7734],[-78.9149,-4.7801],[-78.9122,-4.7901],[-78.9029,-4.795],[-78.9007,-4.7998],[-78.891,-4.8085],[-78.8955,-4.8118],[-78.8981,-4.8232],[-78.9045,-4.835],[-78.9148,-4.8468],[-78.9131,-4.8569],[-78.902,-4.8666],[-78.8913,-4.8716],[-78.8929,-4.8804],[-78.8929,-4.8979],[-78.8998,-4.9],[-78.9171,-4.8921],[-78.9342,-4.8935],[-78.9461,-4.8982],[-78.9549,-4.8933],[-78.9724,-4.8942],[-78.9771,-4.9028],[-78.9784,-4.9137],[-78.9863,-4.9353],[-78.9877,-4.9531],[-78.993,-4.9574],[-78.9917,-4.9659],[-78.9955,-4.9737],[-79.0043,-4.9844],[-79.0039,-4.9912],[-79.0091,-5.0011],[-79.0125,-5.0121],[-79.0277,-5.0151],[-79.035,-5.0136],[-79.0493,-4.9989],[-79.0506,-4.992],[-79.0618,-4.9863],[-79.0719,-4.9891],[-79.0713,-4.9796],[-79.0759,-4.9698],[-79.0849,-4.9734],[-79.0973,-4.9737],[-79.1019,-4.9783],[-79.1256,-4.9757],[-79.142,-4.9649],[-79.1587,-4.9648],[-79.1805,-4.9605],[-79.2021,-4.965],[-79.2103,-4.9651],[-79.2118,-4.9762],[-79.2194,-4.9889],[-79.2451,-5.0014],[-79.2473,-5.0182],[-79.2456,-5.0302],[-79.2473,-5.0351],[-79.2482,-5.0545],[-79.2516,-5.0545],[-79.2592,-5.0411],[-79.2741,-5.0389],[-79.2791,-5.0444],[-79.2771,-5.0553],[-79.2791,-5.0652],[-79.2764,-5.0718],[-79.2841,-5.0937],[-79.2944,-5.1105],[-79.3116,-5.1135],[-79.3223,-5.1169],[-79.3297,-5.1234],[-79.3412,-5.1407],[-79.3433,-5.1654],[-79.3536,-5.1669],[-79.3625,-5.1741],[-79.3675,-5.1745],[-79.3728,-5.1845],[-79.3784,-5.1905],[-79.3742,-5.1949],[-79.3683,-5.2134],[-79.3549,-5.2241],[-79.3487,-5.2326],[-79.3492,-5.2455],[-79.347,-5.2499],[-79.3529,-5.2682],[-79.3594,-5.2729],[-79.359,-5.2886],[-79.3455,-5.2999],[-79.3437,-5.3077],[-79.3329,-5.3098],[-79.3281,-5.3159],[-79.3304,-5.3254],[-79.3254,-5.341],[-79.3258,-5.3485],[-79.3197,-5.3623],[-79.3084,-5.3647],[-79.3101,-5.375],[-79.3066,-5.3804],[-79.3044,-5.3918],[-79.3058,-5.4207],[-79.3042,-5.4281],[-79.2945,-5.4378],[-79.2977,-5.4581],[-79.2956,-5.4671],[-79.2918,-5.4684],[-79.2876,-5.4798],[-79.281,-5.4855],[-79.2822,-5.491],[-79.2787,-5.5033],[-79.2732,-5.5116],[-79.2724,-5.519],[-79.2821,-5.525],[-79.2933,-5.5251],[-79.3045,-5.523],[-79.3101,-5.5198],[-79.3191,-5.5305],[-79.329,-5.5351],[-79.3362,-5.5299],[-79.3521,-5.5271],[-79.3675,-5.5284],[-79.3731,-5.5242],[-79.3871,-5.5219],[-79.395,-5.5281],[-79.3983,-5.537],[-79.3933,-5.5515],[-79.3837,-5.5623],[-79.3805,-5.5715],[-79.3807,-5.5876],[-79.3721,-5.6036],[-79.3756,-5.6062],[-79.3778,-5.6259],[-79.3809,-5.6308],[-79.3781,-5.6467],[-79.3851,-5.658],[-79.383,-5.6683],[-79.3859,-5.6739],[-79.3866,-5.686],[-79.3983,-5.7005],[-79.399,-5.7087],[-79.3968,-5.7226],[-79.3998,-5.7319],[-79.3987,-5.7423],[-79.4007,-5.7495],[-79.3976,-5.7732],[-79.3928,-5.779],[-79.3898,-5.7911],[-79.3845,-5.7966],[-79.3765,-5.7991],[-79.3751,-5.8098],[-79.3776,-5.8122],[-79.3751,-5.8221],[-79.3695,-5.8343],[-79.3622,-5.8423],[-79.3577,-5.8435],[-79.352,-5.863],[-79.3525,-5.873],[-79.3388,-5.8821],[-79.3404,-5.8878],[-79.3341,-5.8936],[-79.3547,-5.913],[-79.3623,-5.926],[-79.3609,-5.929],[-79.3674,-5.9372],[-79.3802,-5.9401],[-79.3984,-5.9499],[-79.4186,-5.9701]]]},"properties":{"shapeName":"Cajamarca","shapeISO":"PE-CAJ","shapeID":"20122684B22671429050866","shapeGroup":"PER","shapeType":"ADM1"}},
{"type":"Feature","geometry":{"type":"Polygon","coordinates":[[[-74.7623,-15.0981],[-74.7575,-15.0926],[-74.7365,-15.0849],[-74.7296,-15.0854],[-74.7045,-15.071],[-74.6976,-15.0628],[-74.6869,-15.0615],[-74.671,-15.055],[-74.6643,-15.0447],[-74.6672,-15.028],[-74.6645,-15.0027],[-74.6606,-14.995],[-74.6504,-14.9853],[-74.6463,-14.9779],[-74.6594,-14.9703],[-74.6642,-14.9635],[-74.6655,-14.9557],[-74.6739,-14.9483],[-74.6747,-14.9446],[-74.6855,-14.9295],[-74.6847,-14.9256],[-74.6731,-14.9182],[-74.6635,-14.9079],[-74.6639,-14.8923],[-74.6719,-14.8794],[-74.6811,-14.8731],[-74.6758,-14.8621],[-74.6818,-14.8534],[-74.6898,-14.8482],[-74.6938,-14.8382],[-74.7202,-14.8366],[-74.7301,-14.8428],[-74.7383,-14.8415],[-74.7462,-14.8436],[-74.7534,-14.8385],[-74.7515,-14.8276],[-74.7396,-14.8242],[-74.7269,-14.8234],[-74.716,-14.8194],[-74.7203,-14.8125],[-74.7377,-14.8115],[-74.7465,-14.8136],[-74.7569,-14.7951],[-74.7646,-14.7902],[-74.7561,-14.7836],[-74.756,-14.7711],[-74.7503,-14.7615],[-74.7385,-14.7537],[-74.7345,-14.7408],[-74.7355,-14.732],[-74.7276,-14.7203],[-74.7318,-14.7144],[-74.7436,-14.726],[-74.7536,-14.7278],[-74.7764,-14.7289],[-74.7901,-14.7392],[-74.8027,-14.7522],[-74.81,-14.7482],[-74.8136,-14.7418],[-74.8274,-14.734],[-74.83,-14.7201],[-74.8378,-14.7122],[-74.8457,-14.708],[-74.8379,-14.6963],[-74.8459,-14.6894],[-74.8487,-14.6735],[-74.8466,-14.6661],[-74.8286,-14.6562],[-74.8181,-14.6398],[-74.8105,-14.6316],[-74.7968,-14.6243],[-74.7959,-14.6157],[-74.8113,-14.6152],[-74.8292,-14.6126],[-74.8528,-14.6118],[-74.8601,-14.6074],[-74.8681,-14.5969],[-74.8784,-14.5875],[-74.8824,-14.5743],[-74.8753,-14.5553],[-74.8842,-14.5455],[-74.8954,-14.5451],[-74.9037,-14.5478],[-74.9045,-14.5524],[-74.9134,-14.5656],[-74.9244,-14.5684],[-74.9332,-14.5766],[-74.9472,-14.5819],[-74.9476,-14.5885],[-74.9589,-14.6065],[-74.978,-14.6024],[-74.9968,-14.6118],[-75.0012,-14.608],[-75.01,-14.6062],[-75.0183,-14.6105],[-75.0342,-14.6113],[-75.052,-14.6267],[-75.0599,-14.6226],[-75.0635,-14.6075],[-75.0618,-14.5972],[-75.0659,-14.5745],[-75.0801,-14.569],[-75.0784,-14.5559],[-75.0753,-14.5482],[-75.0676,-14.5384],[-75.0691,-14.5269],[-75.0787,-14.5316],[-75.0859,-14.5311],[-75.0915,-14.5212],[-75.0907,-14.4954],[-75.0981,-14.4851],[-75.0949,-14.479],[-75.0818,-14.4711],[-75.0685,-14.4584],[-75.0702,-14.4492],[-75.0651,-14.4457],[-75.053,-14.4312],[-75.0629,-14.4269],[-75.0682,-14.429],[-75.0769,-14.426],[-75.089,-14.4264],[-75.1013,-14.4332],[-75.1071,-14.4335],[-75.1153,-14.4282],[-75.1191,-14.4211],[-75.138,-14.4147],[-75.1315,-14.4048],[-75.1321,-14.3997],[-75.126,-14.3885],[-75.12,-14.3837],[-75.1167,-14.3741],[-75.1051,-14.3588],[-75.1081,-14.3479],[-75.1002,-14.3302],[-75.0939,-14.3124],[-75.0864,-14.309],[-75.0814,-14.2971],[-75.0734,-14.299],[-75.0634,-14.2954],[-75.0552,-14.2872],[-75.0497,-14.2865],[-75.04,-14.2779],[-75.0377,-14.2698],[-75.0322,-14.2657],[-75.0346,-14.2579],[-75.0395,-14.2542],[-75.0551,-14.2552],[-75.0649,-14.2523],[-75.0721,-14.2459],[-75.0737,-14.2356],[-75.0872,-14.2318],[-75.0908,-14.2152],[-75.0858,-14.2096],[-75.0784,-14.1864],[-75.0764,-14.1659],[-75.0674,-14.1512],[-75.063,-14.1351],[-75.059,-14.1296],[-75.0574,-14.124],[-75.0625,-14.1073],[-75.0625,-14.0906],[-75.0696,-14.0798],[-75.0885,-14.0816],[-75.104,-14.0505],[-75.1088,-14.0329],[-75.1177,-14.0388],[-75.1268,-14.0509],[-75.1492,-14.0644],[-75.1657,-14.0725],[-75.1827,-14.0561],[-75.1916,-14.0529],[-75.2585,-14.0432],[-75.2596,-14.0379],[-75.2365,-14.0144],[-75.2323,-14.0048],[-75.2527,-13.9981],[-75.2709,-14.0106],[-75.2778,-14.0086],[-75.2854,-14.0115],[-75.3098,-14.0156],[-75.319,-14.019],[-75.3332,-14.016],[-75.3476,-14.0049],[-75.3557,-13.9958],[-75.3536,-13.9923],[-75.3589,-13.9841],[-75.3592,-13.9715],[-75.3817,-13.9628],[-75.3905,-13.9495],[-75.3959,-13.9447],[-75.4054,-13.9436],[-75.4119,-13.9358],[-75.4154,-13.9274],[-75.4338,-13.9139],[-75.444,-13.913],[-75.4457,-13.9097],[-75.4575,-13.9055],[-75.4606,-13.9088],[-75.4744,-13.9126],[-75.4823,-13.9104],[-75.4979,-13.9002],[-75.5022,-13.9014],[-75.5111,-13.8922],[-75.5221,-13.8851],[-75.5293,-13.8852],[-75.5455,-13.8895],[-75.55,-13.8814],[-75.5555,-13.8791],[-75.5601,-13.8709],[-75.5595,-13.8633],[-75.5662,-13.8541],[-75.5634,-13.8409],[-75.5442,-13.8356],[-75.5359,-13.8289],[-75.535,-13.824],[-75.5249,-13.8179],[-75.5275,-13.797],[-75.5384,-13.7928],[-75.5415,-13.7814],[-75.5376,-13.7624],[-75.5487,-13.7569],[-75.5546,-13.7496],[-75.546,-13.7436],[-75.5374,-13.7459],[-75.5294,-13.7401],[-75.5291,-13.7284],[-75.5257,-13.7222],[-75.5195,-13.7192],[-75.5159,-13.6964],[-75.5076,-13.6865],[-75.5016,-13.6871],[-75.4962,-13.6733],[-75.4886,-13.6739],[-75.4867,-13.6689],[-75.4849,-13.651],[-75.4924,-13.6354],[-75.514,-13.6171],[-75.5195,-13.6028],[-75.5129,-13.5952],[-75.5097,-13.5654],[-75.4958,-13.5671],[-75.4773,-13.5255],[-75.489,-13.5243],[-75.4837,-13.5142],[-75.4845,-13.5048],[-75.4767,-13.4892],[-75.4704,-13.4843],[-75.4696,-13.4743],[-75.4734,-13.4633],[-75.4704,-13.4429],[-75.4657,-13.4326],[-75.4763,-13.4254],[-75.4863,-13.4139],[-75.4867,-13.4079],[-75.4914,-13.3961],[-75.4982,-13.3912],[-75.4924,-13.3785],[-75.4966,-13.3732],[-75.4964,-13.3673],[-75.5029,-13.366],[-75.5052,-13.3718],[-75.5114,-13.377],[-75.5166,-13.3859],[-75.5223,-13.3913],[-75.5305,-13.3892],[-75.5389,-13.405],[-75.549,-13.4064],[-75.5578,-13.4029],[-75.5851,-13.4027],[-75.5956,-13.3913],[-75.599,-13.39],[-75.6079,-13.4043],[-75.6136,-13.4096],[-75.6149,-13.4168],[-75.6305,-13.4148],[-75.6422,-13.4174],[-75.6534,-13.4278],[-75.6624,-13.4275],[-75.6658,-13.4303],[-75.6765,-13.4297],[-75.6893,-13.4397],[-75.6958,-13.4355],[-75.7027,-13.4225],[-75.7095,-13.4218],[-75.7122,-13.4164],[-75.7362,-13.4098],[-75.7449,-13.4048],[-75.7521,-13.4129],[-75.7625,-13.4138],[-75.7698,-13.4097],[-75.7788,-13.4092],[-75.793,-13.4037],[-75.806,-13.4014],[-75.8094,-13.3968],[-75.8078,-13.3841],[-75.8012,-13.3805],[-75.7951,-13.3619],[-75.7902,-13.3425],[-75.7845,-13.3324],[-75.7792,-13.3306],[-75.7604,-13.3173],[-75.7532,-13.3091],[-75.7437,-13.3136],[-75.7378,-13.31],[-75.7309,-13.3103],[-75.7065,-13.2883],[-75.704,-13.2792],[-75.7051,-13.2725],[-75.7041,-13.2521],[-75.7053,-13.2463],[-75.7007,-13.2423],[-75.7024,-13.2269],[-75.697,-13.2189],[-75.6889,-13.2143],[-75.6917,-13.2072],[-75.7063,-13.1868],[-75.6989,-13.1708],[-75.7006,-13.1668],[-75.6954,-13.16],[-75.6968,-13.1542],[-75.6938,-13.1475],[-75.7011,-13.1417],[-75.7078,-13.1427],[-75.7083,-13.1324],[-75.7121,-13.1162],[-75.7188,-13.1098],[-75.7107,-13.0984],[-75.7051,-13.0872],[-75.7055,-13.0804],[-75.695,-13.0748],[-75.6956,-13.0582],[-75.6928,-13.049],[-75.6815,-13.0406],[-75.6755,-13.0453],[-75.6781,-13.0534],[-75.6632,-13.0649],[-75.6525,-13.0705],[-75.6403,-13.0626],[-75.6286,-13.0571],[-75.6289,-13.0534],[-75.6363,-13.0437],[-75.6386,-13.03],[-75.6304,-13.0245],[-75.6283,-13.02],[-75.621,-13.0197],[-75.6195,-13.0137],[-75.6119,-13.0091],[-75.6084,-13.003],[-75.6102,-12.9969],[-75.6026,-12.9802],[-75.609,-12.9685],[-75.6144,-12.9649],[-75.6263,-12.9663],[-75.6375,-12.9732],[-75.6342,-12.9854],[-75.6516,-12.9942],[-75.6632,-12.994],[-75.6687,-13.0035],[-75.6649,-13.012],[-75.6704,-13.0226],[-75.6861,-13.0253],[-75.6905,-13.0351],[-75.707,-13.0396],[-75.7255,-13.0381],[-75.744,-13.0254],[-75.7521,-13.0282],[-75.759,-13.0243],[-75.7622,-13.0189],[-75.7693,-13.0266],[-75.7725,-13.0379],[-75.7823,-13.0443],[-75.7934,-13.0558],[-75.8021,-13.0604],[-75.8077,-13.0516],[-75.8165,-13.0535],[-75.8202,-13.0476],[-75.8216,-13.0332],[-75.8269,-13.0294],[-75.8391,-13.0307],[-75.848,-13.0361],[-75.8719,-13.0246],[-75.8788,-13.016],[-75.8983,-13.0133],[-75.9016,-13.0102],[-75.9139,-13.0069],[-75.9377,-12.9913],[-75.9429,-12.9922],[-75.9511,-12.9982],[-75.9614,-13.0014],[-75.9628,-13.0096],[-75.9608,-13.0204],[-75.9682,-13.0321],[-75.9692,-13.0416],[-75.9842,-13.0529],[-76.0038,-13.0735],[-76.0119,-13.0855],[-76.0181,-13.088],[-76.0214,-13.0939],[-76.034,-13.1031],[-76.0419,-13.1057],[-76.0494,-13.1146],[-76.0676,-13.1272],[-76.0724,-13.1283],[-76.0904,-13.1442],[-76.0958,-13.1472],[-76.0996,-13.1542],[-76.1285,-13.1775],[-76.1397,-13.1802],[-76.156,-13.1937],[-76.1622,-13.2185],[-76.161,-13.2209],[-76.1676,-13.2315],[-76.1719,-13.2428],[-76.1858,-13.2593],[-76.1888,-13.2698],[-76.1998,-13.2959],[-76.2073,-13.3061],[-76.2337,-13.3158],[-76.2448,-13.3235],[-76.2227,-13.3551],[-76.2084,-13.381],[-76.2008,-13.398],[-76.1915,-13.4239],[-76.1857,-13.4481],[-76.1854,-13.4616],[-76.1912,-13.4708],[-76.1886,-13.502],[-76.1893,-13.5043],[-76.1866,-13.5505],[-76.1874,-13.5658],[-76.1911,-13.5883],[-76.1926,-13.6098],[-76.1977,-13.6409],[-76.2002,-13.6482],[-76.2074,-13.6568],[-76.217,-13.6812],[-76.218,-13.7042],[-76.2204,-13.7176],[-76.2326,-13.7584],[-76.2375,-13.7666],[-76.2386,-13.7762],[-76.2467,-13.8062],[-76.2496,-13.8109],[-76.251,-13.8238],[-76.2477,-13.8297],[-76.2564,-13.8361],[-76.2575,-13.8407],[-76.2508,-13.8498],[-76.2516,-13.8554],[-76.261,-13.8656],[-76.2691,-13.8611],[-76.2698,-13.8566],[-76.283,-13.8532],[-76.2886,-13.8469],[-76.3008,-13.8377],[-76.3042,-13.843],[-76.3115,-13.8433],[-76.3031,-13.8322],[-76.3046,-13.8253],[-76.2937,-13.8108],[-76.2903,-13.7999],[-76.304,-13.792],[-76.3281,-13.7935],[-76.3361,-13.8011],[-76.3447,-13.8043],[-76.3568,-13.8005],[-76.3654,-13.8033],[-76.3713,-13.8089],[-76.3681,-13.8207],[-76.3707,-13.832],[-76.3787,-13.8334],[-76.3859,-13.8439],[-76.3903,-13.8621],[-76.3899,-13.8762],[-76.3927,-13.8865],[-76.3984,-13.8921],[-76.3945,-13.8965],[-76.3963,-13.9089],[-76.3727,-13.9102],[-76.3604,-13.9148],[-76.356,-13.9228],[-76.35,-13.9212],[-76.3437,-13.915],[-76.3329,-13.9193],[-76.33,-13.925],[-76.3163,-13.9146],[-76.3176,-13.9055],[-76.3131,-13.8927],[-76.2984,-13.8933],[-76.2956,-13.9046],[-76.2835,-13.9083],[-76.2825,-13.918],[-76.2876,-13.9194],[-76.2952,-13.9274],[-76.2786,-13.9434],[-76.273,-13.9519],[-76.2737,-13.9586],[-76.2704,-13.9688],[-76.2702,-13.9809],[-76.2751,-13.9925],[-76.2847,-13.9943],[-76.2855,-13.9982],[-76.2728,-14.0119],[-76.2665,-14.0147],[-76.2614,-14.026],[-76.2641,-14.0324],[-76.2705,-14.0361],[-76.2686,-14.0454],[-76.2615,-14.0501],[-76.2611,-14.0582],[-76.2644,-14.0623],[-76.2764,-14.0619],[-76.2761,-14.0825],[-76.2857,-14.0895],[-76.2884,-14.0961],[-76.2846,-14.0997],[-76.2863,-14.1135],[-76.28,-14.1245],[-76.285,-14.1304],[-76.2855,-14.1387],[-76.2808,-14.144],[-76.279,-14.154],[-76.2902,-14.1615],[-76.2854,-14.1717],[-76.2753,-14.1834],[-76.2764,-14.1935],[-76.2717,-14.2001],[-76.2613,-14.1851],[-76.256,-14.1672],[-76.2714,-14.1427],[-76.2675,-14.1402],[-76.2595,-14.1424],[-76.2526,-14.15],[-76.2305,-14.1491],[-76.221,-14.153],[-76.2159,-14.1598],[-76.2179,-14.1679],[-76.2046,-14.1748],[-76.198,-14.1728],[-76.1914,-14.1859],[-76.1907,-14.1975],[-76.1679,-14.2108],[-76.1436,-14.2276],[-76.138,-14.2342],[-76.1301,-14.2481],[-76.1315,-14.2576],[-76.1288,-14.2654],[-76.1099,-14.2927],[-76.1068,-14.302],[-76.1053,-14.3141],[-76.1079,-14.3256],[-76.111,-14.3292],[-76.1242,-14.3276],[-76.1422,-14.3275],[-76.1443,-14.3296],[-76.1347,-14.3453],[-76.1319,-14.3543],[-76.1252,-14.3594],[-76.0992,-14.3682],[-76.0797,-14.3777],[-76.0662,-14.3869],[-76.0584,-14.3948],[-76.058,-14.3985],[-76.0412,-14.4162],[-76.0392,-14.4243],[-76.016,-14.4367],[-76.0115,-14.4444],[-75.9855,-14.458],[-75.9723,-14.4705],[-75.9734,-14.4748],[-75.9666,-14.4895],[-75.9648,-14.5055],[-75.9694,-14.5108],[-75.9742,-14.5253],[-75.9659,-14.5298],[-75.9562,-14.5386],[-75.946,-14.5559],[-75.932,-14.5683],[-75.9294,-14.5754],[-75.9334,-14.5795],[-75.932,-14.5895],[-75.9264,-14.6008],[-75.9323,-14.6097],[-75.9278,-14.6161],[-75.9235,-14.6319],[-75.9275,-14.6431],[-75.9215,-14.648],[-75.9165,-14.6592],[-75.8983,-14.6697],[-75.878,-14.6789],[-75.8567,-14.6934],[-75.8508,-14.7007],[-75.8497,-14.712],[-75.8556,-14.7163],[-75.8123,-14.7352],[-75.7844,-14.7483],[-75.7488,-14.7692],[-75.7373,-14.7772],[-75.7364,-14.7825],[-75.7056,-14.7981],[-75.6934,-14.8065],[-75.6799,-14.8178],[-75.6545,-14.8298],[-75.6335,-14.8388],[-75.5745,-14.8678],[-75.54,-14.8877],[-75.5205,-14.9018],[-75.5024,-14.9187],[-75.4918,-14.9337],[-75.4928,-14.9397],[-75.5,-14.9419],[-75.5043,-14.9599],[-75.5,-14.967],[-75.4753,-14.9842],[-75.4501,-14.9977],[-75.4427,-15.0006],[-75.4379,-15.0158],[-75.43,-15.0287],[-75.4232,-15.03],[-75.4231,-15.0355],[-75.4136,-15.0431],[-75.4145,-15.0529],[-75.4094,-15.0612],[-75.4092,-15.068],[-75.4032,-15.0704],[-75.3948,-15.0807],[-75.3919,-15.0918],[-75.3929,-15.0987],[-75.3849,-15.106],[-75.3841,-15.1164],[-75.3757,-15.121],[-75.3692,-15.1337],[-75.3687,-15.1408],[-75.3635,-15.143],[-75.3557,-15.1405],[-75.3434,-15.1561],[-75.339,-15.1471],[-75.3286,-15.1467],[-75.3169,-15.1499],[-75.2747,-15.1683],[-75.256,-15.1822],[-75.2402,-15.1972],[-75.2322,-15.2028],[-75.2246,-15.2146],[-75.2166,-15.2314],[-75.2159,-15.2393],[-75.2189,-15.2502],[-75.2248,-15.2586],[-75.2444,-15.2559],[-75.2584,-15.2498],[-75.258,-15.2567],[-75.2486,-15.2553],[-75.2372,-15.2676],[-75.2404,-15.2734],[-75.2306,-15.2772],[-75.2276,-15.2866],[-75.219,-15.2847],[-75.2034,-15.2918],[-75.1968,-15.2911],[-75.1847,-15.298],[-75.1791,-15.3035],[-75.1688,-15.3074],[-75.1572,-15.3209],[-75.1534,-15.3288],[-75.1516,-15.3443],[-75.1567,-15.3559],[-75.1662,-15.3551],[-75.1781,-15.3569],[-75.183,-15.3548],[-75.1921,-15.3623],[-75.1923,-15.3694],[-75.1852,-15.37],[-75.162,-15.3787],[-75.1588,-15.3838],[-75.1582,-15.3929],[-75.1502,-15.3913],[-75.142,-15.3982],[-75.1404,-15.4072],[-75.1245,-15.4056],[-75.1076,-15.4119],[-75.0986,-15.4211],[-75.0909,-15.4239],[-75.0826,-15.4237],[-75.0701,-15.4352],[-75.072,-15.4433],[-75.0611,-15.4353],[-75.0497,-15.4345],[-75.0455,-15.4303],[-75.0289,-15.4043],[-75.0185,-15.3824],[-75.0163,-15.3644],[-75.0166,-15.3511],[-75.007,-15.339],[-75.0039,-15.3302],[-74.995,-15.3225],[-74.9824,-15.3168],[-74.9682,-15.2994],[-74.9644,-15.285],[-74.9636,-15.2539],[-74.959,-15.2461],[-74.9459,-15.2315],[-74.9399,-15.206],[-74.9293,-15.1924],[-74.9198,-15.1862],[-74.9172,-15.1818],[-74.8998,-15.174],[-74.8885,-15.1612],[-74.8773,-15.1537],[-74.8706,-15.1512],[-74.8552,-15.1538],[-74.836,-15.1456],[-74.8159,-15.1395],[-74.8021,-15.1307],[-74.7884,-15.1201],[-74.7785,-15.108],[-74.7649,-15.1023],[-74.7623,-15.0981]]]},"properties":{"shapeName":"Ica","shapeISO":"PE-ICA","shapeID":"20122684B97548347824910","shapeGroup":"PER","shapeType":"ADM1"}},
{"type":"Feature","geometry":{"type":"MultiPolygon","coordinates":[[[[-69.6417,-17.2873],[-69.6436,-17.2797],[-69.6326,-17.2736],[-69.6274,-17.273],[-69.616,-17.2613],[-69.6015,-17.2166],[-69.5906,-17.2105],[-69.5798,-17.2081],[-69.569,-17.194],[-69.5732,-17.1852],[-69.5628,-17.175],[-69.5569,-17.1593],[-69.5118,-17.1462],[-69.4727,-17.1179],[-69.4491,-17.0978],[-69.4329,-17.1099],[-69.4063,-17.1003],[-69.3737,-17.0731],[-69.3725,-17.0499],[-69.3809,-17.0398],[-69.3841,-17.0312],[-69.3946,-17.0239],[-69.3857,-17.0129],[-69.3834,-17.007],[-69.3682,-16.9905],[-69.3436,-16.9869],[-69.3354,-16.9803],[-69.3201,-16.9608],[-69.3246,-16.9515],[-69.3047,-16.9158],[-69.2534,-16.861],[-69.2192,-16.8361],[-69.2133,-16.8229],[-69.1975,-16.7992],[-69.1862,-16.7976],[-69.1819,-16.7731],[-69.1817,-16.7575],[-69.17,-16.7275],[-69.153,-16.7246],[-69.1364,-16.7135],[-69.1239,-16.7162],[-69.1002,-16.7106],[-69.0731,-16.6963],[-69.0585,-16.6929],[-69.0552,-16.6867],[-69.0453,-16.6883],[-69.0291,-16.6768],[-69.0256,-16.6728],[-69.0119,-16.6698],[-68.9961,-16.6566],[-69.0097,-16.6459],[-69.0171,-16.6382],[-69.0209,-16.629],[-69.0225,-16.6154],[-69.0331,-16.6068],[-69.0359,-16.5799],[-69.0401,-16.5734],[-69.0365,-16.5595],[-69.0524,-16.5434],[-69.0567,-16.5375],[-69.066,-16.5334],[-69.0678,-16.5246],[-69.0745,-16.5194],[-69.0846,-16.4971],[-69.0935,-16.4996],[-69.0985,-16.4907],[-69.0911,-16.4822],[-69.0937,-16.4781],[-69.0858,-16.4697],[-69.084,-16.4627],[-69.0662,-16.4511],[-69.0583,-16.441],[-69.056,-16.4349],[-69.0477,-16.4349],[-69.0425,-16.4301],[-69.0427,-16.4192],[-69.034,-16.4129],[-69.0363,-16.4096],[-69.0231,-16.4039],[-69.0266,-16.3835],[-69.0308,-16.3758],[-69.0277,-16.3634],[-69.0244,-16.3606],[-69.0228,-16.3511],[-69.0263,-16.3432],[-69.022,-16.3319],[-69.0321,-16.3133],[-69.0379,-16.308],[-69.0376,-16.2999],[-69.0506,-16.2827],[-69.0618,-16.2801],[-69.0707,-16.2812],[-69.0759,-16.2752],[-69.0773,-16.2614],[-69.0734,-16.256],[-69.0627,-16.2576],[-69.0544,-16.2537],[-69.0444,-16.2655],[-69.0286,-16.2716],[-69.0264,-16.2638],[-69.016,-16.2642],[-69.0068,-16.2601],[-69.004,-16.2523],[-68.9943,-16.2436],[-69.0015,-16.2673],[-68.9982,-16.2741],[-68.9888,-16.2633],[-68.9881,-16.2584],[-68.9781,-16.2584],[-68.97,-16.2414],[-68.9701,-16.2302],[-68.9616,-16.2231],[-68.9661,-16.2189],[-68.962,-16.2049],[-68.9576,-16.1975],[-68.9613,-16.1944],[-68.9768,-16.1919],[-68.9985,-16.1986],[-69.007,-16.2054],[-69.0073,-16.2164],[-69.0132,-16.2198],[-69.0247,-16.2101],[-69.0324,-16.206],[-69.0443,-16.2031],[-69.0553,-16.1974],[-69.0622,-16.2075],[-69.0815,-16.2214],[-69.0969,-16.2257],[-69.1015,-16.2296],[-69.0942,-16.237],[-69.0984,-16.2452],[-69.1081,-16.2465],[-69.1178,-16.2395],[-69.136,-16.2491],[-69.1483,-16.2543],[-69.1687,-16.2588],[-69.1729,-16.2568],[-69.2116,-16.2678],[-69.2155,-16.2662],[-69.2295,-16.2685],[-69.2363,-16.2668],[-69.2375,-16.2733],[-69.2436,-16.2781],[-69.2485,-16.2864],[-69.2547,-16.2918],[-69.2568,-16.2997],[-69.2652,-16.2961],[-69.2679,-16.2904],[-69.2787,-16.2893],[-69.2815,-16.282],[-69.2895,-16.2742],[-69.2863,-16.2638],[-69.2944,-16.2548],[-69.3064,-16.2547],[-69.3114,-16.2572],[-69.3291,-16.2562],[-69.3551,-16.252],[-69.3757,-16.2365],[-69.388,-16.2187],[-69.3986,-16.2089],[-69.3992,-16.1986],[-69.3909,-16.1989],[-69.3836,-16.191],[-69.3904,-16.1812],[-69.4003,-16.1861],[-69.4039,-16.1905],[-69.4148,-16.1868],[-69.4181,-16.1811],[-69.4263,-16.1788],[-69.4357,-16.1815],[-69.4479,-16.1892],[-69.4556,-16.199],[-69.4628,-16.2027],[-69.4727,-16.1982],[-69.4813,-16.2045],[-69.4943,-16.2081],[-69.509,-16.1951],[-69.5141,-16.1841],[-69.513,-16.1681],[-69.5066,-16.1659],[-69.5042,-16.1736],[-69.492,-16.1594],[-69.5035,-16.1498],[-69.5015,-16.1417],[-69.4853,-16.1219],[-69.4745,-16.1162],[-69.4742,-16.1107],[-69.4669,-16.1047],[-69.4708,-16.1001],[-69.4672,-16.0935],[-69.4597,-16.0936],[-69.4592,-16.0865],[-69.452,-16.0801],[-69.456,-16.0711],[-69.4552,-16.0641],[-69.4469,-16.0627],[-69.4407,-16.0566],[-69.4342,-16.0542],[-69.4336,-16.0645],[-69.4362,-16.0691],[-69.4351,-16.0788],[-69.4285,-16.0808],[-69.4254,-16.0732],[-69.4223,-16.0572],[-69.4232,-16.047],[-69.4439,-16.0162],[-69.4443,-16.0028],[-69.4517,-15.9936],[-69.4582,-15.9914],[-69.4647,-15.994],[-69.4814,-15.9942],[-69.4906,-15.9906],[-69.5085,-15.9796],[-69.5311,-15.9693],[-69.5627,-15.9595],[-69.6066,-15.9564],[-69.617,-15.9569],[-69.6287,-15.9553],[-69.6362,-15.958],[-69.6632,-15.9558],[-69.671,-15.9576],[-69.6797,-15.9491],[-69.6867,-15.9338],[-69.6884,-15.9229],[-69.6833,-15.9107],[-69.6768,-15.9081],[-69.6975,-15.8906],[-69.6997,-15.8932],[-69.7008,-15.9073],[-69.7121,-15.9166],[-69.7261,-15.9143],[-69.7321,-15.9036],[-69.7395,-15.9048],[-69.7369,-15.9136],[-69.7406,-15.9192],[-69.7465,-15.9093],[-69.7548,-15.9034],[-69.7614,-15.9039],[-69.7698,-15.8948],[-69.7689,-15.8911],[-69.7742,-15.8735],[-69.7782,-15.8658],[-69.78,-15.8559],[-69.7741,-15.8476],[-69.7746,-15.8415],[-69.7707,-15.8345],[-69.7763,-15.8236],[-69.7829,-15.8152],[-69.7959,-15.8095],[-69.7999,-15.8008],[-69.8031,-15.7852],[-69.812,-15.7866],[-69.8233,-15.7857],[-69.8431,-15.808],[-69.8447,-15.8192],[-69.8424,-15.8239],[-69.8466,-15.8403],[-69.8511,-15.8435],[-69.8502,-15.8616],[-69.8372,-15.8688],[-69.8359,-15.862],[-69.8277,-15.8592],[-69.8251,-15.8691],[-69.8195,-15.8658],[-69.8152,-15.8721],[-69.8062,-15.8735],[-69.7991,-15.8787],[-69.7925,-15.8924],[-69.784,-15.8912],[-69.7803,-15.8999],[-69.7809,-15.914],[-69.7779,-15.917],[-69.7875,-15.9237],[-69.7956,-15.9207],[-69.8072,-15.9224],[-69.8159,-15.9129],[-69.8251,-15.9107],[-69.8381,-15.912],[-69.8358,-15.9199],[-69.8434,-15.9196],[-69.8498,-15.9261],[-69.8605,-15.9317],[-69.8659,-15.9274],[-69.8674,-15.9192],[-69.8772,-15.9118],[-69.8843,-15.9029],[-69.883,-15.8908],[-69.8935,-15.8819],[-69.8991,-15.8847],[-69.9143,-15.8795],[-69.9195,-15.88],[-69.9225,-15.873],[-69.9366,-15.867],[-69.9522,-15.8623],[-69.9662,-15.8526],[-69.9745,-15.8529],[-69.9838,-15.8615],[-69.9973,-15.8637],[-70.0042,-15.8533],[-70.0108,-15.8515],[-70.0156,-15.8458],[-70.0162,-15.8297],[-70.0036,-15.8244],[-69.996,-15.8242],[-69.9891,-15.8194],[-69.9942,-15.803],[-70.0053,-15.7894],[-70.0167,-15.7932],[-70.0241,-15.7869],[-70.0293,-15.7725],[-70.0352,-15.7687],[-70.0328,-15.7636],[-70.036,-15.7542],[-70.033,-15.7474],[-70.0253,-15.7451],[-70.0251,-15.7344],[-70.0295,-15.7317],[-70.0342,-15.723],[-70.0279,-15.7067],[-70.0211,-15.7029],[-70.0174,-15.6908],[-70.0116,-15.6867],[-70,-15.6868],[-69.9892,-15.691],[-69.9831,-15.7015],[-69.9749,-15.7053],[-69.9635,-15.6998],[-69.9619,-15.6918],[-69.9563,-15.6879],[-69.9674,-15.6654],[-69.9592,-15.6647],[-69.9499,-15.6754],[-69.9324,-15.6476],[-69.9263,-15.6445],[-69.9249,-15.63],[-69.9159,-15.6271],[-69.9138,-15.6176],[-69.9224,-15.606],[-69.9224,-15.6002],[-69.918,-15.5923],[-69.9315,-15.5819],[-69.9221,-15.5732],[-69.9168,-15.5792],[-69.9088,-15.5716],[-69.9287,-15.5617],[-69.9212,-15.5603],[-69.9178,-15.5658],[-69.906,-15.5655],[-69.8927,-15.5934],[-69.8828,-15.6001],[-69.8812,-15.6069],[-69.8607,-15.6187],[-69.8549,-15.625],[-69.851,-15.6337],[-69.8449,-15.6407],[-69.8495,-15.6499],[-69.8508,-15.6741],[-69.8455,-15.685],[-69.8355,-15.6941],[-69.8292,-15.6968],[-69.817,-15.7085],[-69.8019,-15.7166],[-69.7934,-15.7254],[-69.7631,-15.7276],[-69.7528,-15.7297],[-69.7457,-15.7249],[-69.7461,-15.7197],[-69.7772,-15.6975],[-69.7868,-15.693],[-69.7889,-15.6884],[-69.7984,-15.6812],[-69.804,-15.6735],[-69.7971,-15.6676],[-69.7763,-15.682],[-69.7661,-15.6842],[-69.7612,-15.6818],[-69.7717,-15.6582],[-69.7845,-15.6628],[-69.7964,-15.6621],[-69.8045,-15.6548],[-69.8135,-15.6381],[-69.8125,-15.625],[-69.8165,-15.6173],[-69.8089,-15.6118],[-69.8118,-15.6064],[-69.8215,-15.5975],[-69.8258,-15.588],[-69.8424,-15.5764],[-69.8483,-15.5624],[-69.8604,-15.5588],[-69.8599,-15.5451],[-69.8647,-15.5353],[-69.8767,-15.52],[-69.8819,-15.5183],[-69.8891,-15.5111],[-69.8936,-15.498],[-69.8994,-15.4929],[-69.9046,-15.4804],[-69.9109,-15.4728],[-69.9139,-15.4649],[-69.9221,-15.4549],[-69.9183,-15.4458],[-69.9194,-15.4366],[-69.9258,-15.4337],[-69.9356,-15.4149],[-69.9322,-15.4113],[-69.9429,-15.3967],[-69.9385,-15.3898],[-69.9292,-15.3847],[-69.9313,-15.3684],[-69.9254,-15.3664],[-69.9201,-15.371],[-69.9068,-15.3637],[-69.9025,-15.3558],[-69.8974,-15.3597],[-69.8911,-15.3579],[-69.8875,-15.3615],[-69.8763,-15.3622],[-69.8685,-15.371],[-69.8646,-15.363],[-69.8523,-15.3583],[-69.8331,-15.3597],[-69.8237,-15.3554],[-69.8042,-15.3502],[-69.8069,-15.3459],[-69.8139,-15.35],[-69.8219,-15.347],[-69.8294,-15.3543],[-69.8328,-15.3512],[-69.8485,-15.3463],[-69.8442,-15.353],[-69.8588,-15.3579],[-69.8682,-15.3641],[-69.8788,-15.3572],[-69.878,-15.3499],[-69.8681,-15.3412],[-69.8715,-15.3346],[-69.8894,-15.3317],[-69.8895,-15.3231],[-69.8987,-15.3186],[-69.9,-15.3082],[-69.8986,-15.2964],[-69.8875,-15.2971],[-69.8759,-15.2947],[-69.87,-15.2903],[-69.8674,-15.3013],[-69.8559,-15.2985],[-69.8564,-15.2925],[-69.8444,-15.2937],[-69.8368,-15.2789],[-69.8229,-15.2749],[-69.8134,-15.2754],[-69.8112,-15.2858],[-69.8024,-15.2949],[-69.7917,-15.3012],[-69.7844,-15.3113],[-69.7812,-15.3199],[-69.7737,-15.3191],[-69.7727,-15.3089],[-69.7653,-15.3061],[-69.7596,-15.3084],[-69.755,-15.3051],[-69.7584,-15.2977],[-69.7533,-15.2934],[-69.756,-15.2876],[-69.7508,-15.2823],[-69.7396,-15.2863],[-69.7352,-15.2912],[-69.7229,-15.297],[-69.7189,-15.3047],[-69.7132,-15.3071],[-69.7104,-15.2998],[-69.7054,-15.2951],[-69.7161,-15.2836],[-69.7144,-15.2788],[-69.7269,-15.2796],[-69.7479,-15.2734],[-69.7508,-15.2699],[-69.745,-15.2636],[-69.7541,-15.2562],[-69.7502,-15.2492],[-69.7398,-15.2569],[-69.7358,-15.2416],[-69.7283,-15.2391],[-69.7175,-15.2396],[-69.7105,-15.2335],[-69.6992,-15.2336],[-69.6867,-15.2379],[-69.679,-15.2426],[-69.6749,-15.2509],[-69.6649,-15.2575],[-69.6569,-15.2676],[-69.6588,-15.272],[-69.6689,-15.2684],[-69.6678,-15.2752],[-69.6568,-15.2826],[-69.6451,-15.2833],[-69.6409,-15.2882],[-69.644,-15.2948],[-69.6351,-15.3074],[-69.6365,-15.313],[-69.6465,-15.3084],[-69.642,-15.3202],[-69.6329,-15.3249],[-69.6292,-15.3337],[-69.6334,-15.3538],[-69.6242,-15.3523],[-69.6211,-15.3452],[-69.6146,-15.355],[-69.605,-15.3548],[-69.5957,-15.3703],[-69.578,-15.3665],[-69.5723,-15.3613],[-69.5732,-15.3509],[-69.5666,-15.3476],[-69.5638,-15.3556],[-69.5555,-15.3593],[-69.5588,-15.3636],[-69.5537,-15.3755],[-69.5411,-15.3795],[-69.5351,-15.3769],[-69.5337,-15.3717],[-69.5221,-15.3699],[-69.5158,-15.3777],[-69.5286,-15.3894],[-69.5131,-15.4068],[-69.5065,-15.4088],[-69.48,-15.4255],[-69.4714,-15.4363],[-69.4642,-15.4417],[-69.4592,-15.4535],[-69.4476,-15.4571],[-69.4378,-15.4674],[-69.4368,-15.4819],[-69.4409,-15.4825],[-69.4416,-15.4917],[-69.432,-15.502],[-69.4171,-15.5041],[-69.4157,-15.4974],[-69.4243,-15.4953],[-69.4348,-15.4809],[-69.4265,-15.4782],[-69.4228,-15.4814],[-69.3982,-15.4827],[-69.3902,-15.4733],[-69.3765,-15.4714],[-69.3584,-15.4829],[-69.3576,-15.492],[-69.3544,-15.4956],[-69.3594,-15.5012],[-69.3502,-15.5102],[-69.3592,-15.5152],[-69.3628,-15.5028],[-69.3725,-15.503],[-69.3708,-15.4905],[-69.3799,-15.4929],[-69.3791,-15.4973],[-69.3911,-15.5073],[-69.3821,-15.5134],[-69.3762,-15.5143],[-69.3676,-15.5221],[-69.3594,-15.5214],[-69.3563,-15.5301],[-69.3487,-15.5312],[-69.3319,-15.5379],[-69.3268,-15.5337],[-69.3145,-15.518],[-69.3146,-15.5127],[-69.3089,-15.5051],[-69.3126,-15.4916],[-69.3006,-15.4863],[-69.3117,-15.473],[-69.309,-15.4639],[-69.3035,-15.4598],[-69.3015,-15.4527],[-69.2955,-15.4467],[-69.2901,-15.4369],[-69.2535,-15.4692],[-69.2408,-15.4604],[-69.2323,-15.4418],[-69.2498,-15.4267],[-69.2603,-15.374],[-69.2486,-15.3708],[-69.231,-15.3355],[-69.2156,-15.3172],[-69.2066,-15.3243],[-69.1948,-15.315],[-69.1933,-15.2952],[-69.178,-15.2792],[-69.1763,-15.2614],[-69.1569,-15.2684],[-69.1529,-15.2685],[-69.1397,-15.2567],[-69.1287,-15.2595],[-69.1197,-15.2582],[-69.1266,-15.2473],[-69.1316,-15.2461],[-69.1316,-15.2292],[-69.1331,-15.2209],[-69.14,-15.2159],[-69.1493,-15.213],[-69.1533,-15.1985],[-69.1583,-15.1987],[-69.1656,-15.1938],[-69.1753,-15.1794],[-69.1913,-15.1649],[-69.1953,-15.1587],[-69.2072,-15.147],[-69.2156,-15.1415],[-69.2179,-15.136],[-69.2337,-15.1269],[-69.2358,-15.1203],[-69.2525,-15.1113],[-69.2584,-15.1126],[-69.267,-15.1098],[-69.2727,-15.1035],[-69.2852,-15.095],[-69.2905,-15.0741],[-69.2974,-15.0704],[-69.2994,-15.0601],[-69.304,-15.0539],[-69.2992,-15.0495],[-69.3052,-15.045],[-69.3044,-15.0407],[-69.3164,-15.0364],[-69.3223,-15.0124],[-69.3295,-14.9965],[-69.3379,-14.9906],[-69.3544,-14.9724],[-69.3547,-14.9665],[-69.3601,-14.9605],[-69.3616,-14.9492],[-69.3577,-14.9302],[-69.3538,-14.9244],[-69.3439,-14.8827],[-69.3568,-14.852],[-69.3579,-14.84],[-69.3556,-14.8283],[-69.3538,-14.8017],[-69.3456,-14.7933],[-69.3399,-14.7956],[-69.336,-14.7887],[-69.3228,-14.7777],[-69.3012,-14.7653],[-69.2883,-14.7663],[-69.2802,-14.765],[-69.2709,-14.7696],[-69.2601,-14.7629],[-69.2399,-14.7595],[-69.2253,-14.7407],[-69.2303,-14.7326],[-69.2353,-14.7187],[-69.2408,-14.7172],[-69.2447,-14.7103],[-69.2545,-14.6998],[-69.2519,-14.6944],[-69.258,-14.6829],[-69.2474,-14.6642],[-69.2424,-14.6594],[-69.2297,-14.6567],[-69.227,-14.6458],[-69.2276,-14.6328],[-69.2255,-14.6286],[-69.2305,-14.6147],[-69.2299,-14.6005],[-69.2226,-14.5939],[-69.22,-14.5816],[-69.202,-14.5856],[-69.1899,-14.5861],[-69.1783,-14.5904],[-69.1654,-14.5887],[-69.15,-14.5803],[-69.1468,-14.5718],[-69.1496,-14.5613],[-69.1464,-14.5546],[-69.1476,-14.5437],[-69.1435,-14.5303],[-69.1542,-14.5221],[-69.1476,-14.5196],[-69.1406,-14.5134],[-69.1358,-14.5148],[-69.1247,-14.5126],[-69.1154,-14.5026],[-69.1154,-14.4951],[-69.1115,-14.4855],[-69.0988,-14.4861],[-69.0839,-14.4518],[-69.0819,-14.4444],[-69.074,-14.4463],[-69.06,-14.442],[-69.0504,-14.4291],[-69.0309,-14.4261],[-69.0273,-14.423],[-69.0262,-14.4097],[-69.0181,-14.4032],[-69.0053,-14.4043],[-69.004,-14.3912],[-68.9915,-14.3838],[-68.9854,-14.3747],[-68.9904,-14.3696],[-68.9982,-14.352],[-69.0041,-14.3452],[-69.0054,-14.335],[-69.0105,-14.3271],[-69.0152,-14.3147],[-69.0076,-14.3048],[-69.0048,-14.2904],[-68.9969,-14.2833],[-68.9899,-14.2816],[-68.9791,-14.2635],[-68.9845,-14.2612],[-68.9884,-14.2504],[-68.9887,-14.2425],[-68.9819,-14.2347],[-68.9763,-14.2329],[-68.9688,-14.235],[-68.969,-14.2272],[-68.9624,-14.2201],[-68.9233,-14.2199],[-68.828,-14.2201],[-68.8268,-14.2123],[-68.8311,-14.2053],[-68.8464,-14.1967],[-68.8535,-14.1744],[-68.8524,-14.1665],[-68.8562,-14.1627],[-68.8467,-14.1533],[-68.8423,-14.1541],[-68.8324,-14.1502],[-68.8375,-14.1417],[-68.8436,-14.1409],[-68.8528,-14.1324],[-68.8711,-14.1111],[-68.8753,-14.0998],[-68.8753,-14.0868],[-68.8841,-14.0839],[-68.8799,-14.0638],[-68.8902,-14.0473],[-68.8956,-14.0413],[-68.91,-14.0359],[-68.9178,-14.0311],[-68.9347,-14.0272],[-68.9418,-14.0213],[-68.9388,-14.0149],[-68.9466,-14.0131],[-68.9458,-14.0064],[-68.9532,-14.0058],[-68.9643,-13.9947],[-68.9633,-13.9909],[-68.9686,-13.9833],[-68.974,-13.9824],[-68.9789,-13.9765],[-68.9722,-13.9639],[-68.9714,-13.9559],[-68.9645,-13.9523],[-68.9746,-13.9429],[-68.9773,-13.9355],[-68.9828,-13.9301],[-68.9803,-13.9212],[-68.9847,-13.9079],[-68.9821,-13.8941],[-68.9728,-13.8822],[-68.9664,-13.8857],[-68.9552,-13.8791],[-68.9514,-13.8791],[-68.945,-13.8685],[-68.9411,-13.8395],[-68.9335,-13.8319],[-68.9223,-13.8272],[-68.9177,-13.8137],[-68.9499,-13.8006],[-68.9531,-13.7927],[-68.9586,-13.7905],[-68.9765,-13.7938],[-68.9942,-13.7875],[-68.9806,-13.7833],[-68.9797,-13.7698],[-68.9771,-13.7582],[-68.9907,-13.7527],[-68.9958,-13.7445],[-69.0081,-13.7384],[-69.0259,-13.7393],[-69.0304,-13.7319],[-69.0355,-13.7162],[-69.0483,-13.7104],[-69.0502,-13.7046],[-69.0557,-13.7022],[-69.0548,-13.6937],[-69.0661,-13.6883],[-69.061,-13.657],[-69.0534,-13.6555],[-69.049,-13.647],[-69.0372,-13.6403],[-69.033,-13.6539],[-69.0266,-13.651],[-69.021,-13.6573],[-69.0096,-13.652],[-69.0019,-13.6535],[-68.993,-13.6499],[-68.9984,-13.6324],[-68.9986,-13.6179],[-68.9916,-13.6182],[-68.9879,-13.6123],[-68.9799,-13.6095],[-68.9704,-13.6014],[-68.9668,-13.6049],[-68.952,-13.6029],[-68.9576,-13.5922],[-68.9535,-13.5768],[-68.9458,-13.5686],[-68.9455,-13.5585],[-68.9494,-13.5539],[-68.9437,-13.5457],[-68.9399,-13.5321],[-68.9408,-13.5223],[-68.9331,-13.523],[-68.9259,-13.5176],[-68.9146,-13.5134],[-68.9095,-13.497],[-68.9172,-13.4865],[-68.9021,-13.4715],[-68.9023,-13.4629],[-68.8964,-13.4621],[-68.9015,-13.4498],[-68.8964,-13.4431],[-68.9005,-13.4352],[-68.891,-13.4253],[-68.8958,-13.4221],[-68.8976,-13.4138],[-68.8888,-13.4026],[-68.8844,-13.391],[-68.8847,-13.3761],[-68.8804,-13.372],[-68.8738,-13.3603],[-68.8688,-13.3592],[-68.8735,-13.3483],[-68.8788,-13.3453],[-68.8732,-13.336],[-68.878,-13.3322],[-68.8684,-13.3182],[-68.8638,-13.3204],[-68.8594,-13.3123],[-68.8627,-13.302],[-68.8581,-13.2963],[-68.8608,-13.2881],[-68.8543,-13.2736],[-68.8583,-13.2676],[-68.8595,-13.256],[-68.8554,-13.2496],[-68.8455,-13.2459],[-68.8488,-13.2382],[-68.8577,-13.2345],[-68.8537,-13.2224],[-68.863,-13.2232],[-68.8596,-13.2115],[-68.8522,-13.2107],[-68.8551,-13.2027],[-68.8715,-13.1825],[-68.8603,-13.1731],[-68.8662,-13.1649],[-68.8666,-13.1591],[-68.8615,-13.1524],[-68.8699,-13.1469],[-68.8669,-13.135],[-68.8741,-13.1327],[-68.8712,-13.1241],[-68.8664,-13.12],[-68.8745,-13.1157],[-68.866,-13.1115],[-68.8598,-13.0957],[-68.8686,-13.0801],[-68.8606,-13.0732],[-68.8544,-13.0607],[-68.8615,-13.0563],[-68.863,-13.046],[-68.8503,-13.0486],[-68.8502,-13.0371],[-68.8561,-13.0314],[-68.8633,-13.0356],[-68.8665,-13.0281],[-68.8596,-13.028],[-68.8573,-13.0128],[-68.8706,-13.019],[-68.8755,-13.011],[-68.8727,-13.0041],[-68.9274,-13.0289],[-69.0486,-13.0809],[-69.1138,-13.1098],[-69.2202,-13.1557],[-69.3106,-13.1958],[-69.5074,-13.2811],[-69.6472,-13.3412],[-69.6528,-13.341],[-69.6986,-13.3275],[-69.7657,-13.3069],[-69.7791,-13.3033],[-69.8844,-13.2718],[-69.8955,-13.2688],[-69.9742,-13.2451],[-70,-13.2345],[-70.0326,-13.2237],[-70.2105,-13.1711],[-70.4029,-13.1144],[-70.4044,-13.1261],[-70.4145,-13.1293],[-70.4177,-13.1331],[-70.4118,-13.1386],[-70.4068,-13.1384],[-70.3937,-13.13],[-70.3908,-13.1383],[-70.4006,-13.1512],[-70.3969,-13.1581],[-70.3856,-13.167],[-70.3832,-13.1813],[-70.3885,-13.1924],[-70.3845,-13.2047],[-70.39,-13.2153],[-70.3879,-13.2252],[-70.3906,-13.2321],[-70.4005,-13.2347],[-70.4174,-13.2436],[-70.422,-13.2499],[-70.4204,-13.2586],[-70.4079,-13.263],[-70.4013,-13.2706],[-70.3824,-13.2716],[-70.3708,-13.2764],[-70.3671,-13.2817],[-70.3582,-13.2863],[-70.3547,-13.2919],[-70.3483,-13.2936],[-70.3451,-13.2998],[-70.3458,-13.3127],[-70.3667,-13.3071],[-70.3728,-13.3133],[-70.3822,-13.311],[-70.3928,-13.3142],[-70.402,-13.3265],[-70.4011,-13.3349],[-70.3948,-13.3382],[-70.3927,-13.3448],[-70.3996,-13.3638],[-70.4001,-13.3717],[-70.4172,-13.3618],[-70.4189,-13.3589],[-70.432,-13.358],[-70.434,-13.3621],[-70.4504,-13.3645],[-70.4524,-13.3685],[-70.446,-13.3817],[-70.4471,-13.3858],[-70.4426,-13.3934],[-70.451,-13.4021],[-70.4508,-13.4108],[-70.4571,-13.4163],[-70.4677,-13.4358],[-70.4687,-13.443],[-70.4574,-13.4443],[-70.4526,-13.4479],[-70.4566,-13.4566],[-70.4662,-13.4662],[-70.4691,-13.4743],[-70.4748,-13.4781],[-70.4848,-13.4909],[-70.4888,-13.5004],[-70.4958,-13.5014],[-70.5199,-13.514],[-70.534,-13.5253],[-70.5398,-13.5326],[-70.5459,-13.5454],[-70.5459,-13.5532],[-70.5422,-13.5598],[-70.5417,-13.5745],[-70.5503,-13.5768],[-70.5604,-13.5866],[-70.5779,-13.5858],[-70.5842,-13.5912],[-70.5858,-13.5964],[-70.5925,-13.5995],[-70.6007,-13.5991],[-70.6107,-13.609],[-70.6162,-13.6091],[-70.6216,-13.6211],[-70.6275,-13.6278],[-70.6369,-13.6328],[-70.6374,-13.6377],[-70.6479,-13.6448],[-70.6484,-13.6502],[-70.6539,-13.6559],[-70.6707,-13.6621],[-70.681,-13.6581],[-70.6889,-13.6526],[-70.6983,-13.6573],[-70.7151,-13.6623],[-70.7143,-13.6772],[-70.7209,-13.683],[-70.7212,-13.7002],[-70.7313,-13.7067],[-70.7356,-13.7118],[-70.7325,-13.7281],[-70.7347,-13.739],[-70.7264,-13.7471],[-70.7223,-13.7615],[-70.7079,-13.7825],[-70.7052,-13.7926],[-70.6989,-13.8032],[-70.7042,-13.8215],[-70.7086,-13.8281],[-70.7095,-13.8405],[-70.7214,-13.8293],[-70.7326,-13.8234],[-70.7359,-13.8242],[-70.7519,-13.8165],[-70.7684,-13.8143],[-70.7945,-13.8181],[-70.7963,-13.8222],[-70.8044,-13.8202],[-70.8179,-13.8205],[-70.8266,-13.8272],[-70.835,-13.8243],[-70.8389,-13.82],[-70.8471,-13.817],[-70.8503,-13.8128],[-70.8511,-13.8012],[-70.8625,-13.8003],[-70.8738,-13.8091],[-70.8803,-13.8181],[-70.8784,-13.828],[-70.8812,-13.8328],[-70.8723,-13.8409],[-70.8613,-13.8433],[-70.8535,-13.8538],[-70.8387,-13.8528],[-70.8313,-13.8589],[-70.8316,-13.8653],[-70.8256,-13.8787],[-70.8309,-13.8951],[-70.8185,-13.8986],[-70.8107,-13.9051],[-70.811,-13.9186],[-70.8199,-13.9294],[-70.833,-13.9381],[-70.8402,-13.9564],[-70.8456,-13.9622],[-70.8468,-13.9699],[-70.8439,-13.9754],[-70.8524,-13.9961],[-70.852,-14.0005],[-70.8405,-14.0073],[-70.8445,-14.0111],[-70.8535,-14.0129],[-70.8618,-14.0262],[-70.8588,-14.0344],[-70.8529,-14.0409],[-70.8482,-14.0556],[-70.8326,-14.0607],[-70.8295,-14.0763],[-70.8204,-14.0684],[-70.8076,-14.0691],[-70.7959,-14.0721],[-70.7898,-14.0788],[-70.7913,-14.084],[-70.8056,-14.0993],[-70.8049,-14.1144],[-70.8089,-14.1242],[-70.8217,-14.1338],[-70.8209,-14.14],[-70.834,-14.1429],[-70.841,-14.1483],[-70.8491,-14.1508],[-70.8544,-14.1592],[-70.8633,-14.1607],[-70.8668,-14.1691],[-70.8736,-14.1714],[-70.8825,-14.1684],[-70.8862,-14.1714],[-70.8896,-14.185],[-70.8835,-14.1923],[-70.8821,-14.1988],[-70.8881,-14.2063],[-70.8946,-14.2091],[-70.8993,-14.2293],[-70.8986,-14.2357],[-70.893,-14.2379],[-70.8895,-14.2472],[-70.8821,-14.2538],[-70.8826,-14.2658],[-70.8806,-14.2709],[-70.8917,-14.2738],[-70.8917,-14.284],[-70.9021,-14.2964],[-70.9139,-14.3044],[-70.913,-14.3276],[-70.9078,-14.334],[-70.9122,-14.3415],[-70.9177,-14.3447],[-70.9264,-14.3401],[-70.9333,-14.3428],[-70.9429,-14.3519],[-70.9483,-14.3526],[-70.9626,-14.3618],[-70.9705,-14.3783],[-70.9852,-14.3791],[-70.9787,-14.3945],[-70.9858,-14.4067],[-70.9782,-14.4171],[-70.9719,-14.4223],[-70.974,-14.4285],[-70.9664,-14.4352],[-70.9625,-14.4448],[-70.9814,-14.449],[-70.9881,-14.4559],[-70.9827,-14.4758],[-70.9892,-14.4894],[-70.988,-14.4997],[-70.9967,-14.5057],[-70.9882,-14.5263],[-70.9791,-14.5385],[-70.9816,-14.5485],[-70.9738,-14.554],[-70.9661,-14.5683],[-70.9725,-14.57],[-70.9753,-14.5803],[-70.9798,-14.583],[-70.9907,-14.5786],[-70.9936,-14.5736],[-71.0014,-14.5722],[-71.0147,-14.578],[-71.0204,-14.5853],[-71.0151,-14.5883],[-71.0149,-14.5968],[-71.0249,-14.5919],[-71.031,-14.5933],[-71.0428,-14.6014],[-71.052,-14.6142],[-71.0694,-14.626],[-71.0739,-14.6314],[-71.0807,-14.6299],[-71.1097,-14.6342],[-71.113,-14.6439],[-71.1179,-14.6489],[-71.1137,-14.6667],[-71.1048,-14.6775],[-71.1015,-14.6857],[-71.0974,-14.6852],[-71.0878,-14.6971],[-71.0895,-14.7132],[-71.0741,-14.7277],[-71.0632,-14.7365],[-71.0572,-14.7509],[-71.0532,-14.7543],[-71.0357,-14.7521],[-71.0324,-14.7591],[-71.0278,-14.7601],[-71.0218,-14.7529],[-71.0207,-14.7468],[-71.0131,-14.7397],[-71.0016,-14.7443],[-70.9815,-14.7555],[-70.9755,-14.7641],[-70.9765,-14.7711],[-70.9807,-14.7738],[-70.9837,-14.786],[-70.9803,-14.7926],[-70.9773,-14.8078],[-70.9793,-14.8251],[-70.9938,-14.8292],[-70.9919,-14.8403],[-70.9966,-14.8439],[-70.9915,-14.8609],[-70.9931,-14.8781],[-70.9966,-14.8857],[-70.9949,-14.899],[-70.9863,-14.9155],[-70.9906,-14.9269],[-70.9847,-14.9461],[-70.9966,-14.9539],[-70.9963,-14.9637],[-71.0041,-14.9719],[-71.0031,-14.9847],[-71.0039,-15.0014],[-70.9966,-15.0167],[-70.9968,-15.0288],[-70.9931,-15.0423],[-70.9964,-15.0591],[-70.9919,-15.0706],[-70.9946,-15.0807],[-70.9944,-15.0934],[-70.9803,-15.1064],[-70.9771,-15.1268],[-70.9775,-15.1447],[-70.982,-15.1471],[-70.976,-15.16],[-70.9762,-15.1756],[-70.9719,-15.1799],[-70.9732,-15.1862],[-70.9719,-15.1988],[-70.9667,-15.204],[-70.9668,-15.2109],[-70.9625,-15.2156],[-70.9703,-15.2331],[-70.9817,-15.2431],[-70.9853,-15.249],[-70.983,-15.256],[-70.9768,-15.261],[-70.9773,-15.2668],[-70.9734,-15.275],[-70.9608,-15.2812],[-70.9523,-15.2898],[-70.95,-15.2983],[-70.951,-15.3066],[-70.9579,-15.3182],[-70.9776,-15.3204],[-70.9839,-15.3166],[-71.0061,-15.3352],[-71.0123,-15.3438],[-71.0192,-15.3659],[-71.0199,-15.3733],[-71.0257,-15.3775],[-71.0364,-15.392],[-71.039,-15.4052],[-71.03,-15.4216],[-71.0271,-15.432],[-71.0059,-15.4417],[-70.994,-15.4548],[-70.9945,-15.4699],[-71.0057,-15.4827],[-71.0152,-15.4892],[-71.0184,-15.5],[-71.0103,-15.5113],[-71.008,-15.5192],[-71.0142,-15.522],[-71.018,-15.5278],[-71.0141,-15.5396],[-71.0072,-15.5429],[-71.0048,-15.5535],[-71.0082,-15.564],[-71.0014,-15.5758],[-70.9957,-15.5791],[-70.983,-15.597],[-70.9762,-15.6025],[-70.9665,-15.6067],[-70.9613,-15.6062],[-70.924,-15.633],[-70.918,-15.6438],[-70.9159,-15.6639],[-70.9183,-15.6734],[-70.9176,-15.6874],[-70.9092,-15.7038],[-70.9001,-15.7121],[-70.9039,-15.7354],[-70.9072,-15.7397],[-70.9218,-15.7455],[-70.9267,-15.7597],[-70.9332,-15.7707],[-70.9423,-15.7746],[-70.9361,-15.7848],[-70.9198,-15.8],[-70.9198,-15.8056],[-70.907,-15.829],[-70.8904,-15.8528],[-70.8954,-15.8599],[-70.8943,-15.8735],[-70.8963,-15.8767],[-70.8938,-15.8869],[-70.8859,-15.8935],[-70.875,-15.8876],[-70.8658,-15.8894],[-70.8605,-15.9029],[-70.8554,-15.9058],[-70.8433,-15.9233],[-70.8398,-15.9335],[-70.8392,-15.9443],[-70.8322,-15.9491],[-70.8384,-15.9551],[-70.8419,-15.971],[-70.8265,-15.9785],[-70.8202,-15.9785],[-70.8112,-15.9867],[-70.8043,-15.9847],[-70.8036,-15.9784],[-70.7966,-15.9785],[-70.7932,-15.9861],[-70.7954,-15.9924],[-70.7796,-16.007],[-70.7781,-16.0112],[-70.7686,-16.0168],[-70.7564,-16.0135],[-70.7416,-16.0161],[-70.736,-16.0202],[-70.7286,-16.0314],[-70.7184,-16.034],[-70.7054,-16.0318],[-70.696,-16.0274],[-70.6921,-16.023],[-70.6829,-16.0213],[-70.6792,-16.0168],[-70.6692,-16.0138],[-70.6607,-16.0041],[-70.6568,-16.0038],[-70.6433,-15.9897],[-70.6378,-15.9909],[-70.6248,-16.003],[-70.6127,-15.995],[-70.604,-15.9922],[-70.5923,-15.9916],[-70.5875,-15.9879],[-70.5786,-15.9907],[-70.57,-15.989],[-70.5627,-15.9838],[-70.5602,-15.9883],[-70.5493,-15.9952],[-70.5388,-16.0105],[-70.5309,-16.0142],[-70.5261,-16.0267],[-70.5195,-16.0325],[-70.5119,-16.0298],[-70.5077,-16.0378],[-70.4949,-16.0407],[-70.4826,-16.0395],[-70.4698,-16.0498],[-70.4631,-16.0496],[-70.4452,-16.0338],[-70.4392,-16.0381],[-70.4351,-16.0602],[-70.4276,-16.0674],[-70.4201,-16.0699],[-70.4175,-16.0744],[-70.4098,-16.0763],[-70.4029,-16.0891],[-70.4067,-16.1017],[-70.4013,-16.1025],[-70.4055,-16.1178],[-70.4083,-16.1208],[-70.4019,-16.149],[-70.3897,-16.1562],[-70.3841,-16.1675],[-70.3738,-16.1759],[-70.3672,-16.1893],[-70.3688,-16.199],[-70.3592,-16.2086],[-70.3403,-16.2009],[-70.3308,-16.2029],[-70.3245,-16.2159],[-70.3278,-16.2348],[-70.3342,-16.2376],[-70.3363,-16.2451],[-70.3451,-16.2561],[-70.3404,-16.2688],[-70.3431,-16.2833],[-70.3478,-16.2908],[-70.3442,-16.297],[-70.3468,-16.3014],[-70.3388,-16.3228],[-70.3437,-16.3369],[-70.3483,-16.3548],[-70.3566,-16.3622],[-70.3578,-16.3683],[-70.3706,-16.3687],[-70.3715,-16.3745],[-70.3821,-16.385],[-70.367,-16.3922],[-70.3566,-16.4003],[-70.3609,-16.4108],[-70.3503,-16.4157],[-70.3334,-16.4114],[-70.3251,-16.4175],[-70.3159,-16.4316],[-70.3167,-16.4444],[-70.3083,-16.4459],[-70.3068,-16.4511],[-70.3111,-16.4565],[-70.3138,-16.4665],[-70.3012,-16.4787],[-70.287,-16.4833],[-70.2823,-16.4878],[-70.2435,-16.5045],[-70.2287,-16.5061],[-70.2202,-16.5133],[-70.2137,-16.5238],[-70.2005,-16.5396],[-70.1854,-16.5372],[-70.1816,-16.5418],[-70.1799,-16.558],[-70.1757,-16.5607],[-70.1762,-16.5745],[-70.1731,-16.5834],[-70.1764,-16.5933],[-70.1689,-16.6019],[-70.1687,-16.6096],[-70.1579,-16.616],[-70.1488,-16.6153],[-70.1427,-16.6205],[-70.1378,-16.6286],[-70.1092,-16.6428],[-70.1051,-16.6476],[-70.0878,-16.6552],[-70.0828,-16.6484],[-70.0674,-16.6384],[-70.0552,-16.6379],[-70.0513,-16.6291],[-70.047,-16.628],[-70.0306,-16.6347],[-70.0253,-16.6312],[-70.0114,-16.6455],[-70.0049,-16.6503],[-70.0015,-16.6566],[-69.9984,-16.6751],[-70.0118,-16.6885],[-70.0105,-16.6999],[-69.9983,-16.7078],[-69.9951,-16.7208],[-69.9956,-16.7298],[-70.0119,-16.7418],[-70.0269,-16.7403],[-70.0355,-16.7429],[-70.0322,-16.7529],[-70.0395,-16.7561],[-70.0442,-16.7628],[-70.0509,-16.7637],[-70.0571,-16.7702],[-70.0542,-16.7737],[-70.0573,-16.7865],[-70.0696,-16.7984],[-70.0816,-16.8017],[-70.0853,-16.8088],[-70.0911,-16.8121],[-70.09,-16.823],[-70.0913,-16.8436],[-70.0911,-16.8709],[-70.0944,-16.8799],[-70.0943,-16.8909],[-70.1056,-16.8973],[-70.1094,-16.9031],[-70.1136,-16.9178],[-70.1181,-16.9238],[-70.1323,-16.9348],[-70.1466,-16.9387],[-70.1456,-16.9427],[-70.1334,-16.9453],[-70.127,-16.951],[-70.1254,-16.9565],[-70.1188,-16.9601],[-70.1171,-16.9726],[-70.106,-16.9771],[-70.0958,-16.9852],[-70.0985,-16.9946],[-70.0961,-16.9985],[-70.0996,-17.006],[-70.082,-17.0223],[-70.0732,-17.0349],[-70.0648,-17.0385],[-70.0622,-17.0436],[-70.0468,-17.0564],[-70.0416,-17.0774],[-70.0468,-17.0994],[-70.0458,-17.1116],[-70.0397,-17.128],[-70.0311,-17.1232],[-70.0231,-17.1238],[-70.0203,-17.1318],[-70.012,-17.1414],[-69.9985,-17.1492],[-69.9876,-17.1514],[-69.9874,-17.1577],[-69.9814,-17.1686],[-69.9731,-17.1656],[-69.9677,-17.1788],[-69.9583,-17.1863],[-69.9466,-17.1926],[-69.9386,-17.2002],[-69.927,-17.2025],[-69.9174,-17.2099],[-69.911,-17.2104],[-69.8981,-17.2211],[-69.8843,-17.2229],[-69.8753,-17.2223],[-69.8709,-17.2304],[-69.8586,-17.2333],[-69.8521,-17.2435],[-69.8417,-17.2425],[-69.8326,-17.2441],[-69.815,-17.2382],[-69.8102,-17.2333],[-69.7992,-17.2318],[-69.7865,-17.2377],[-69.7826,-17.2443],[-69.7717,-17.2498],[-69.7722,-17.2537],[-69.7655,-17.2646],[-69.7669,-17.2712],[-69.7616,-17.2813],[-69.7517,-17.2839],[-69.7457,-17.2897],[-69.7311,-17.2952],[-69.7157,-17.2914],[-69.7092,-17.2814],[-69.7007,-17.2785],[-69.6949,-17.2735],[-69.6897,-17.2783],[-69.6829,-17.2787],[-69.6712,-17.2741],[-69.665,-17.2745],[-69.6559,-17.2707],[-69.6464,-17.2861],[-69.6417,-17.2873]]],[[[-69.8339,-15.8924],[-69.8259,-15.8942],[-69.8231,-15.887],[-69.8254,-15.8805],[-69.8323,-15.8849],[-69.8339,-15.8924]]]]},"properties":{"shapeName":"Puno","shapeISO":"PE-PUN","shapeID":"20122684B52697833489331","shapeGroup":"PER","shapeType":"ADM1"}},
{"type":"Feature","geometry":{"type":"Polygon","coordinates":[[[-70.6138,-9.9172],[-70.6138,-9.8672],[-70.6211,-9.8561],[-70.619,-9.8465],[-70.6214,-9.8397],[-70.62,-9.8279],[-70.6234,-9.8211],[-70.6168,-9.8165],[-70.6123,-9.8054],[-70.6014,-9.8],[-70.5919,-9.8032],[-70.5862,-9.794],[-70.5866,-9.7857],[-70.5778,-9.7778],[-70.5625,-9.7889],[-70.5564,-9.7882],[-70.5366,-9.7658],[-70.5392,-9.7499],[-70.5327,-9.7454],[-70.5324,-9.7327],[-70.5281,-9.726],[-70.5339,-9.7013],[-70.5366,-9.6979],[-70.5429,-9.6798],[-70.5495,-9.6769],[-70.5512,-9.6698],[-70.5672,-9.6646],[-70.5751,-9.6545],[-70.587,-9.6303],[-70.5927,-9.6231],[-70.5918,-9.6158],[-70.5982,-9.6073],[-70.5892,-9.6007],[-70.5851,-9.5907],[-70.5881,-9.5718],[-70.6002,-9.563],[-70.5998,-9.556],[-70.5917,-9.5484],[-70.5875,-9.5496],[-70.5834,-9.5584],[-70.5869,-9.5667],[-70.5803,-9.5686],[-70.5744,-9.5634],[-70.5681,-9.5731],[-70.5576,-9.5749],[-70.5531,-9.5678],[-70.5576,-9.5595],[-70.5698,-9.556],[-70.5645,-9.5414],[-70.5645,-9.5361],[-70.5543,-9.5395],[-70.5416,-9.5382],[-70.5376,-9.5325],[-70.5393,-9.5269],[-70.5472,-9.5262],[-70.546,-9.5147],[-70.5375,-9.5105],[-70.5304,-9.5187],[-70.5262,-9.5128],[-70.5322,-9.504],[-70.5264,-9.4979],[-70.519,-9.5045],[-70.5156,-9.5021],[-70.5149,-9.4903],[-70.5081,-9.4944],[-70.5103,-9.502],[-70.5051,-9.5056],[-70.5028,-9.4938],[-70.511,-9.4854],[-70.5123,-9.4806],[-70.5185,-9.4783],[-70.5239,-9.4678],[-70.5219,-9.4561],[-70.5129,-9.458],[-70.5121,-9.4643],[-70.5038,-9.4637],[-70.5103,-9.4518],[-70.5101,-9.4457],[-70.502,-9.4447],[-70.4947,-9.4397],[-70.4946,-9.4243],[-70.5024,-9.4269],[-70.5055,-9.4221],[-70.5203,-9.4288],[-70.5195,-9.4339],[-70.5369,-9.4367],[-70.5384,-9.4319],[-70.5472,-9.4295],[-70.5592,-9.4333],[-70.5617,-9.4287],[-70.5712,-9.4371],[-70.5799,-9.4385],[-70.5845,-9.4432],[-70.595,-9.4409],[-70.5982,-9.4515],[-70.5961,-9.4593],[-70.613,-9.4622],[-70.6125,-9.4682],[-70.6227,-9.4695],[-70.6255,-9.4784],[-70.6321,-9.4791],[-70.6355,-9.4857],[-70.6346,-9.4941],[-70.6514,-9.4994],[-70.6533,-9.5108],[-70.6737,-9.5296],[-70.6787,-9.5297],[-70.6917,-9.5347],[-70.6944,-9.5405],[-70.7005,-9.5415],[-70.711,-9.5481],[-70.7246,-9.5607],[-70.7255,-9.5671],[-70.736,-9.5639],[-70.7383,-9.559],[-70.7519,-9.5654],[-70.7498,-9.5693],[-70.7587,-9.5877],[-70.7555,-9.5963],[-70.7591,-9.6018],[-70.7672,-9.6007],[-70.7743,-9.6104],[-70.7857,-9.6139],[-70.7852,-9.6236],[-70.7992,-9.6419],[-70.8236,-9.6448],[-70.8348,-9.6431],[-70.8387,-9.6567],[-70.8534,-9.6556],[-70.8579,-9.6606],[-70.8681,-9.6648],[-70.8716,-9.6742],[-70.8798,-9.6806],[-70.8801,-9.6879],[-70.8864,-9.6887],[-70.8969,-9.7034],[-70.8963,-9.7092],[-70.9061,-9.7186],[-70.9105,-9.7269],[-70.9144,-9.727],[-70.9245,-9.7416],[-70.9324,-9.7411],[-70.9387,-9.7442],[-70.9518,-9.7422],[-70.9623,-9.7494],[-70.9652,-9.7554],[-70.974,-9.7607],[-70.9803,-9.7713],[-70.9806,-9.778],[-70.991,-9.7928],[-70.9923,-9.8034],[-70.9908,-9.8112],[-70.9984,-9.8182],[-71.0192,-9.8159],[-71.0223,-9.8186],[-71.0301,-9.8156],[-71.0403,-9.8187],[-71.051,-9.8158],[-71.0574,-9.8236],[-71.0666,-9.8275],[-71.0783,-9.8356],[-71.079,-9.8402],[-71.0864,-9.8416],[-71.0984,-9.8389],[-71.1117,-9.841],[-71.1207,-9.8482],[-71.1265,-9.8574],[-71.1346,-9.8593],[-71.1427,-9.8752],[-71.1488,-9.8791],[-71.1497,-9.8876],[-71.1565,-9.8952],[-71.1558,-9.9053],[-71.1656,-9.9073],[-71.169,-9.9276],[-71.1821,-9.9336],[-71.187,-9.9397],[-71.1864,-9.9522],[-71.1998,-9.9572],[-71.2134,-9.9516],[-71.2186,-9.9537],[-71.224,-9.9492],[-71.2309,-9.9521],[-71.2283,-9.9612],[-71.234,-9.9657],[-71.2487,-9.965],[-71.2622,-9.9731],[-71.2689,-9.9697],[-71.2744,-9.9794],[-71.2934,-9.9725],[-71.2994,-9.9729],[-71.3066,-9.9609],[-71.3198,-9.954],[-71.3283,-9.9641],[-71.3271,-9.9724],[-71.337,-9.9709],[-71.352,-9.9873],[-71.5032,-10.0003],[-71.6772,-9.9999],[-71.7648,-9.9996],[-71.8648,-9.9997],[-71.8868,-10],[-72.0007,-9.9992],[-72.0197,-9.9999],[-72.1804,-9.9997],[-72.1785,-9.9875],[-72.1758,-9.9842],[-72.1616,-9.9805],[-72.153,-9.9714],[-72.1499,-9.9608],[-72.1606,-9.9556],[-72.1616,-9.9506],[-72.1564,-9.9416],[-72.1661,-9.9405],[-72.1739,-9.9302],[-72.1633,-9.9085],[-72.1589,-9.9108],[-72.1507,-9.9057],[-72.1479,-9.8886],[-72.138,-9.8811],[-72.1413,-9.8759],[-72.1482,-9.8722],[-72.1543,-9.8552],[-72.1558,-9.8457],[-72.1529,-9.8419],[-72.1566,-9.8324],[-72.1621,-9.8311],[-72.1599,-9.8173],[-72.1549,-9.8163],[-72.1516,-9.808],[-72.1514,-9.7974],[-72.1651,-9.7914],[-72.1706,-9.7839],[-72.1777,-9.7833],[-72.1935,-9.7764],[-72.2092,-9.777],[-72.2149,-9.7788],[-72.2205,-9.7695],[-72.2313,-9.762],[-72.2364,-9.7639],[-72.2415,-9.7604],[-72.2443,-9.752],[-72.2556,-9.7506],[-72.264,-9.7474],[-72.2547,-9.7338],[-72.259,-9.7122],[-72.2523,-9.7019],[-72.2511,-9.6876],[-72.2535,-9.6843],[-72.2493,-9.6775],[-72.246,-9.6573],[-72.252,-9.6564],[-72.2595,-9.6459],[-72.2596,-9.6393],[-72.2521,-9.6199],[-72.2592,-9.6147],[-72.2687,-9.6206],[-72.2828,-9.6091],[-72.2883,-9.6028],[-72.2855,-9.5938],[-72.2856,-9.5805],[-72.2832,-9.5782],[-72.2847,-9.565],[-72.282,-9.56],[-72.2813,-9.5423],[-72.2902,-9.535],[-72.2993,-9.5338],[-72.3016,-9.537],[-72.318,-9.5441],[-72.3287,-9.5347],[-72.3348,-9.5219],[-72.3391,-9.5224],[-72.3408,-9.5066],[-72.3491,-9.5037],[-72.3541,-9.4966],[-72.3614,-9.4969],[-72.367,-9.4897],[-72.3744,-9.495],[-72.3853,-9.4926],[-72.3923,-9.4866],[-72.4071,-9.4773],[-72.4162,-9.4834],[-72.4195,-9.4809],[-72.434,-9.4807],[-72.467,-9.4865],[-72.4746,-9.4831],[-72.4812,-9.4864],[-72.487,-9.4802],[-72.4967,-9.4841],[-72.5009,-9.4805],[-72.5064,-9.4861],[-72.5167,-9.4851],[-72.521,-9.4909],[-72.5304,-9.4823],[-72.5383,-9.4695],[-72.5447,-9.4659],[-72.5506,-9.469],[-72.5627,-9.4631],[-72.5773,-9.4642],[-72.5926,-9.4548],[-72.5994,-9.4564],[-72.6043,-9.4516],[-72.6209,-9.4522],[-72.6259,-9.4469],[-72.6423,-9.4423],[-72.6462,-9.448],[-72.6532,-9.4514],[-72.673,-9.4373],[-72.6801,-9.4388],[-72.6823,-9.4336],[-72.6977,-9.436],[-72.7049,-9.4335],[-72.7164,-9.4229],[-72.7172,-9.4122],[-72.8051,-9.4121],[-73.004,-9.4118],[-73.064,-9.412],[-73.1815,-9.4117],[-73.2004,-9.4114],[-73.2002,-9.4037],[-73.1869,-9.399],[-73.1914,-9.3888],[-73.1888,-9.3632],[-73.1809,-9.3609],[-73.1562,-9.3567],[-73.1474,-9.353],[-73.1506,-9.3485],[-73.1481,-9.3367],[-73.1352,-9.3317],[-73.1314,-9.3183],[-73.1223,-9.3144],[-73.1158,-9.3176],[-73.1078,-9.3142],[-73.1014,-9.3081],[-73.1004,-9.3017],[-73.1072,-9.291],[-73.1094,-9.2828],[-73.1065,-9.2742],[-73.0944,-9.2693],[-73.0826,-9.251],[-73.0812,-9.2445],[-73.0735,-9.2346],[-73.0651,-9.2321],[-73.0641,-9.2277],[-73.0505,-9.2294],[-73.0434,-9.235],[-73.0341,-9.2338],[-73.0246,-9.2265],[-73.0207,-9.2202],[-73.0093,-9.2224],[-73.008,-9.213],[-73.004,-9.211],[-73.0058,-9.2022],[-73.0043,-9.1942],[-73.0119,-9.1954],[-73.0196,-9.1855],[-73.0268,-9.1807],[-73.0224,-9.1747],[-73.0118,-9.1741],[-73.0051,-9.1653],[-72.9966,-9.1596],[-72.9902,-9.162],[-72.9635,-9.1438],[-72.9579,-9.1424],[-72.9576,-9.1357],[-72.9461,-9.1191],[-72.9435,-9.1083],[-72.9453,-9.1039],[-72.94,-9.0932],[-72.9428,-9.0808],[-72.9491,-9.0721],[-72.9477,-9.0601],[-72.9432,-9.0522],[-72.9472,-9.0452],[-72.9479,-9.0289],[-72.9528,-9.0273],[-72.9563,-9.0189],[-72.9631,-9.0128],[-72.9591,-9.0088],[-72.9571,-8.9998],[-72.9429,-8.9915],[-72.9417,-8.9838],[-72.9511,-8.9813],[-72.9624,-8.9838],[-72.9689,-8.9799],[-72.9765,-8.9666],[-72.9777,-8.9583],[-72.9822,-8.9523],[-72.9874,-8.9358],[-73.0013,-8.9169],[-73.0111,-8.9185],[-73.0198,-8.9114],[-73.0266,-8.916],[-73.0371,-8.9162],[-73.0497,-8.9113],[-73.059,-8.9056],[-73.0591,-8.8959],[-73.0641,-8.8913],[-73.0646,-8.8853],[-73.0701,-8.8784],[-73.0726,-8.8615],[-73.0799,-8.8607],[-73.081,-8.8523],[-73.079,-8.8413],[-73.0952,-8.8366],[-73.1054,-8.8227],[-73.112,-8.8193],[-73.1128,-8.812],[-73.1103,-8.8039],[-73.1138,-8.8004],[-73.1143,-8.7855],[-73.1199,-8.7771],[-73.1341,-8.7674],[-73.1354,-8.7586],[-73.1402,-8.7477],[-73.136,-8.7391],[-73.1435,-8.7271],[-73.1502,-8.7248],[-73.1567,-8.7124],[-73.1672,-8.6983],[-73.1791,-8.6912],[-73.1944,-8.6906],[-73.2039,-8.6878],[-73.2178,-8.6917],[-73.2372,-8.6868],[-73.2512,-8.6906],[-73.2581,-8.6878],[-73.2566,-8.6801],[-73.2657,-8.6713],[-73.2777,-8.6659],[-73.2845,-8.6648],[-73.2969,-8.6472],[-73.2961,-8.6396],[-73.3043,-8.6292],[-73.3102,-8.633],[-73.3131,-8.6181],[-73.3197,-8.6106],[-73.326,-8.6105],[-73.3285,-8.6171],[-73.3378,-8.6206],[-73.341,-8.6168],[-73.3441,-8.6027],[-73.3411,-8.5852],[-73.3377,-8.5756],[-73.3343,-8.5415],[-73.3342,-8.5311],[-73.329,-8.524],[-73.3308,-8.5114],[-73.3287,-8.4979],[-73.3325,-8.484],[-73.331,-8.4759],[-73.3398,-8.4706],[-73.3454,-8.4753],[-73.3593,-8.4704],[-73.3731,-8.4718],[-73.378,-8.4642],[-73.3835,-8.4707],[-73.3892,-8.4694],[-73.3906,-8.4579],[-73.3986,-8.4502],[-73.4001,-8.4392],[-73.4078,-8.4306],[-73.4217,-8.4347],[-73.4306,-8.4289],[-73.4413,-8.4254],[-73.4478,-8.4205],[-73.4547,-8.4116],[-73.4615,-8.4071],[-73.4729,-8.3947],[-73.4798,-8.3915],[-73.4853,-8.3842],[-73.512,-8.373],[-73.5203,-8.3727],[-73.5206,-8.3623],[-73.5251,-8.3567],[-73.5383,-8.3524],[-73.5429,-8.3476],[-73.5322,-8.336],[-73.5264,-8.3211],[-73.5268,-8.3144],[-73.534,-8.3066],[-73.5322,-8.3029],[-73.5374,-8.296],[-73.5299,-8.2852],[-73.526,-8.2744],[-73.5294,-8.2674],[-73.5395,-8.2654],[-73.552,-8.2566],[-73.563,-8.2455],[-73.5773,-8.2451],[-73.5874,-8.2409],[-73.5839,-8.2313],[-73.5715,-8.2246],[-73.5752,-8.2113],[-73.5892,-8.1959],[-73.5898,-8.1793],[-73.5955,-8.1658],[-73.5943,-8.159],[-73.5896,-8.155],[-73.5903,-8.1445],[-73.5849,-8.1351],[-73.5848,-8.1268],[-73.5897,-8.113],[-73.6008,-8.1036],[-73.6031,-8.0954],[-73.6086,-8.0903],[-73.609,-8.0837],[-73.6165,-8.0691],[-73.6255,-8.059],[-73.626,-8.0497],[-73.6168,-8.0388],[-73.6242,-8.0232],[-73.6296,-8.0231],[-73.6345,-8.0107],[-73.6403,-8.0065],[-73.6534,-8.0131],[-73.6689,-8.0123],[-73.6817,-7.9968],[-73.6807,-7.9846],[-73.6918,-7.9753],[-73.6973,-7.9777],[-73.7049,-7.9678],[-73.7062,-7.9618],[-73.7208,-7.9582],[-73.7274,-7.9653],[-73.7315,-7.9518],[-73.7454,-7.9495],[-73.7478,-7.9467],[-73.7413,-7.939],[-73.7424,-7.9281],[-73.7548,-7.9254],[-73.767,-7.9104],[-73.772,-7.91],[-73.7651,-7.8954],[-73.7578,-7.8947],[-73.7552,-7.8908],[-73.7658,-7.8662],[-73.7593,-7.8621],[-73.7583,-7.8707],[-73.7438,-7.8713],[-73.7355,-7.8788],[-73.7209,-7.8724],[-73.7061,-7.8765],[-73.6936,-7.868],[-73.6888,-7.8692],[-73.6782,-7.858],[-73.6784,-7.8424],[-73.6828,-7.8179],[-73.6787,-7.8102],[-73.6763,-7.8],[-73.6806,-7.7945],[-73.6786,-7.7834],[-73.689,-7.7667],[-73.6976,-7.7667],[-73.7028,-7.7613],[-73.7117,-7.7609],[-73.714,-7.7551],[-73.714,-7.743],[-73.726,-7.7401],[-73.7304,-7.7454],[-73.7356,-7.7441],[-73.7414,-7.7333],[-73.7585,-7.7311],[-73.7633,-7.7274],[-73.7715,-7.7272],[-73.7899,-7.7174],[-73.8033,-7.714],[-73.8099,-7.7194],[-73.8198,-7.7158],[-73.8225,-7.7005],[-73.8354,-7.6938],[-73.8373,-7.6706],[-73.8446,-7.6674],[-73.8559,-7.6776],[-73.8691,-7.6741],[-73.8768,-7.6586],[-73.885,-7.6538],[-73.9002,-7.639],[-73.8947,-7.6346],[-73.8955,-7.618],[-73.8902,-7.6102],[-73.8895,-7.6032],[-73.8987,-7.599],[-73.9108,-7.5969],[-73.9138,-7.5923],[-73.9267,-7.5815],[-73.9419,-7.5793],[-73.9584,-7.5644],[-73.9666,-7.5647],[-73.9791,-7.5608],[-73.983,-7.5344],[-73.991,-7.5283],[-73.9979,-7.5197],[-74.0048,-7.518],[-74.0134,-7.5124],[-74.0181,-7.4982],[-74.0184,-7.4914],[-74.0338,-7.4849],[-74.0373,-7.4779],[-74.0352,-7.4663],[-74.04,-7.4482],[-74.05,-7.446],[-74.0666,-7.4382],[-74.0802,-7.4285],[-74.0921,-7.4223],[-74.1015,-7.4141],[-74.1154,-7.4061],[-74.1297,-7.4022],[-74.1384,-7.3964],[-74.1416,-7.3882],[-74.1416,-7.3778],[-74.1618,-7.3711],[-74.1694,-7.3645],[-74.1809,-7.3587],[-74.1885,-7.3583],[-74.2175,-7.3612],[-74.2337,-7.36],[-74.2381,-7.3578],[-74.2446,-7.3474],[-74.2537,-7.3437],[-74.259,-7.3441],[-74.267,-7.3491],[-74.2706,-7.3468],[-74.2791,-7.3532],[-74.2934,-7.3536],[-74.3006,-7.3517],[-74.3162,-7.3513],[-74.3476,-7.3431],[-74.3566,-7.3366],[-74.3616,-7.3366],[-74.3666,-7.3202],[-74.3702,-7.3173],[-74.3883,-7.3164],[-74.394,-7.3178],[-74.4073,-7.3144],[-74.4138,-7.3149],[-74.4227,-7.3115],[-74.4308,-7.3021],[-74.4356,-7.302],[-74.4441,-7.3071],[-74.4538,-7.2983],[-74.4627,-7.2989],[-74.4679,-7.2905],[-74.4683,-7.283],[-74.4731,-7.2746],[-74.4881,-7.2688],[-74.5018,-7.2661],[-74.5147,-7.2768],[-74.5207,-7.276],[-74.5269,-7.2876],[-74.5357,-7.2944],[-74.5337,-7.3071],[-74.5357,-7.3202],[-74.5452,-7.3281],[-74.5567,-7.3415],[-74.5591,-7.3533],[-74.566,-7.3597],[-74.5713,-7.3887],[-74.5795,-7.4099],[-74.5849,-7.4178],[-74.5929,-7.4238],[-74.6078,-7.4281],[-74.6161,-7.435],[-74.6257,-7.4677],[-74.6306,-7.4816],[-74.6406,-7.4946],[-74.6429,-7.5001],[-74.6455,-7.5175],[-74.6412,-7.5348],[-74.6447,-7.5539],[-74.6431,-7.5623],[-74.6275,-7.586],[-74.6142,-7.5999],[-74.6076,-7.6099],[-74.5975,-7.6173],[-74.591,-7.6286],[-74.5772,-7.6359],[-74.5737,-7.6497],[-74.5708,-7.6685],[-74.574,-7.6783],[-74.5805,-7.6803],[-74.5835,-7.6851],[-74.584,-7.6985],[-74.5821,-7.706],[-74.5777,-7.7106],[-74.5716,-7.7269],[-74.5625,-7.7388],[-74.5579,-7.7485],[-74.5511,-7.7483],[-74.5432,-7.7556],[-74.526,-7.7561],[-74.5195,-7.761],[-74.5157,-7.7772],[-74.5271,-7.7878],[-74.5406,-7.7915],[-74.5456,-7.7952],[-74.5571,-7.8088],[-74.5697,-7.816],[-74.589,-7.8496],[-74.5967,-7.8614],[-74.6013,-7.8735],[-74.6044,-7.9008],[-74.6101,-7.914],[-74.6137,-7.9175],[-74.628,-7.9398],[-74.6339,-7.9419],[-74.6607,-7.9436],[-74.6684,-7.9456],[-74.6824,-7.9549],[-74.7113,-7.979],[-74.7279,-7.981],[-74.7606,-8.0164],[-74.7713,-8.0361],[-74.7877,-8.0468],[-74.8193,-8.0575],[-74.8356,-8.057],[-74.8404,-8.0584],[-74.8659,-8.0769],[-74.8844,-8.0839],[-74.8964,-8.0813],[-74.9079,-8.0662],[-74.929,-8.0412],[-74.9336,-8.0316],[-74.9465,-8.0211],[-74.9534,-8.0127],[-74.9631,-7.9941],[-74.9823,-7.969],[-75.0055,-7.9702],[-75.016,-7.9652],[-75.0333,-7.9501],[-75.0706,-7.9605],[-75.0922,-7.9737],[-75.1212,-7.9789],[-75.1425,-7.9786],[-75.1459,-7.9813],[-75.1462,-7.9945],[-75.1494,-8.0018],[-75.1677,-8.0052],[-75.175,-8.0134],[-75.1843,-8.0166],[-75.1873,-8.0253],[-75.1863,-8.0357],[-75.1904,-8.0429],[-75.1904,-8.0487],[-75.1957,-8.0544],[-75.189,-8.069],[-75.1898,-8.0799],[-75.196,-8.086],[-75.2044,-8.0889],[-75.2051,-8.0982],[-75.2125,-8.1008],[-75.2097,-8.1062],[-75.2095,-8.1162],[-75.2146,-8.1271],[-75.2272,-8.1322],[-75.2358,-8.1404],[-75.2347,-8.1499],[-75.2439,-8.1555],[-75.2512,-8.1502],[-75.2605,-8.1476],[-75.2669,-8.1359],[-75.2795,-8.1318],[-75.2878,-8.1255],[-75.2978,-8.1263],[-75.3113,-8.1361],[-75.3225,-8.1391],[-75.3305,-8.1338],[-75.3438,-8.1292],[-75.3655,-8.1379],[-75.3761,-8.1388],[-75.3899,-8.1523],[-75.3912,-8.1625],[-75.4015,-8.1697],[-75.4102,-8.1689],[-75.4181,-8.171],[-75.4301,-8.1666],[-75.4392,-8.1749],[-75.4367,-8.1794],[-75.4376,-8.1948],[-75.4486,-8.2026],[-75.4536,-8.2124],[-75.4484,-8.2205],[-75.4554,-8.2287],[-75.467,-8.236],[-75.4732,-8.2443],[-75.4715,-8.2521],[-75.475,-8.2563],[-75.4884,-8.264],[-75.4966,-8.2754],[-75.5029,-8.2894],[-75.4961,-8.3007],[-75.4913,-8.3173],[-75.4964,-8.3229],[-75.4941,-8.3369],[-75.5041,-8.3488],[-75.5024,-8.3546],[-75.4915,-8.3624],[-75.4815,-8.3631],[-75.4803,-8.3782],[-75.47,-8.3841],[-75.4504,-8.3901],[-75.448,-8.3928],[-75.4353,-8.3931],[-75.4329,-8.408],[-75.435,-8.4173],[-75.4359,-8.4321],[-75.4408,-8.4368],[-75.449,-8.4366],[-75.4615,-8.4397],[-75.4738,-8.439],[-75.4901,-8.4417],[-75.4998,-8.4454],[-75.5189,-8.4576],[-75.5314,-8.4594],[-75.5466,-8.4665],[-75.5537,-8.465],[-75.5609,-8.4574],[-75.5739,-8.4504],[-75.5734,-8.4467],[-75.5839,-8.441],[-75.5857,-8.4342],[-75.5813,-8.4301],[-75.5991,-8.412],[-75.6181,-8.4083],[-75.6341,-8.408],[-75.6481,-8.4098],[-75.6573,-8.4149],[-75.6726,-8.4171],[-75.6785,-8.4233],[-75.6881,-8.4234],[-75.6964,-8.4318],[-75.707,-8.4393],[-75.7068,-8.4534],[-75.7169,-8.4753],[-75.7165,-8.4873],[-75.7392,-8.4934],[-75.7521,-8.4953],[-75.7647,-8.4932],[-75.7684,-8.4983],[-75.7787,-8.4939],[-75.7865,-8.4962],[-75.7832,-8.5036],[-75.7898,-8.509],[-75.7875,-8.5194],[-75.7846,-8.5211],[-75.7795,-8.533],[-75.7796,-8.5474],[-75.7904,-8.5687],[-75.7955,-8.5925],[-75.8017,-8.6025],[-75.8129,-8.6082],[-75.8178,-8.6162],[-75.821,-8.6281],[-75.8182,-8.6361],[-75.8287,-8.6449],[-75.8334,-8.6523],[-75.845,-8.6536],[-75.8569,-8.6509],[-75.8736,-8.6541],[-75.8919,-8.6616],[-75.8976,-8.67],[-75.9,-8.6782],[-75.9103,-8.6817],[-75.9203,-8.6909],[-75.9242,-8.6979],[-75.9317,-8.6985],[-75.9458,-8.7161],[-75.9448,-8.7308],[-75.9385,-8.7518],[-75.9269,-8.7685],[-75.9216,-8.7808],[-75.9219,-8.7877],[-75.9262,-8.8018],[-75.9268,-8.8137],[-75.9296,-8.8304],[-75.9278,-8.8458],[-75.9243,-8.853],[-75.9228,-8.8641],[-75.9173,-8.8792],[-75.9125,-8.8836],[-75.9108,-8.8936],[-75.9063,-8.9019],[-75.8984,-8.9078],[-75.8921,-8.9165],[-75.8872,-8.9324],[-75.8859,-8.9457],[-75.8772,-8.9568],[-75.8744,-8.9703],[-75.8809,-9.0061],[-75.8765,-9.0147],[-75.8759,-9.0215],[-75.8705,-9.0291],[-75.8535,-9.0458],[-75.8444,-9.0515],[-75.8385,-9.0685],[-75.839,-9.0767],[-75.8328,-9.0892],[-75.8258,-9.0901],[-75.8219,-9.0993],[-75.8138,-9.1074],[-75.8065,-9.1215],[-75.8056,-9.1442],[-75.8007,-9.1573],[-75.8004,-9.1707],[-75.7941,-9.1884],[-75.7847,-9.1918],[-75.7749,-9.2075],[-75.7706,-9.2253],[-75.7592,-9.246],[-75.749,-9.2572],[-75.7388,-9.2641],[-75.7318,-9.2723],[-75.716,-9.3082],[-75.7022,-9.3367],[-75.691,-9.3504],[-75.6883,-9.3652],[-75.6804,-9.3751],[-75.6779,-9.3813],[-75.6713,-9.3872],[-75.6708,-9.3966],[-75.6527,-9.3971],[-75.6397,-9.3938],[-75.6216,-9.3967],[-75.5959,-9.3964],[-75.5875,-9.3988],[-75.5709,-9.3984],[-75.5624,-9.4002],[-75.5431,-9.3964],[-75.5325,-9.3887],[-75.5176,-9.3844],[-75.5111,-9.3808],[-75.4944,-9.3774],[-75.4878,-9.3727],[-75.4814,-9.3597],[-75.4667,-9.341],[-75.4563,-9.325],[-75.4521,-9.2967],[-75.4293,-9.2968],[-75.4199,-9.2928],[-75.4113,-9.296],[-75.3952,-9.2952],[-75.3891,-9.2984],[-75.3823,-9.3059],[-75.3723,-9.3094],[-75.3644,-9.306],[-75.356,-9.3072],[-75.3427,-9.3025],[-75.3331,-9.3031],[-75.3289,-9.297],[-75.3179,-9.2989],[-75.2898,-9.3121],[-75.2827,-9.3098],[-75.2754,-9.2925],[-75.2623,-9.2704],[-75.2483,-9.2648],[-75.2247,-9.241],[-75.2097,-9.2299],[-75.202,-9.211],[-75.2026,-9.202],[-75.2085,-9.1907],[-75.2114,-9.1669],[-75.2106,-9.1591],[-75.222,-9.1424],[-75.2285,-9.1359],[-75.2328,-9.1168],[-75.2376,-9.1068],[-75.2312,-9.1027],[-75.2227,-9.1042],[-75.2093,-9.1025],[-75.203,-9.0923],[-75.1974,-9.0874],[-75.1899,-9.0885],[-75.181,-9.081],[-75.1705,-9.0674],[-75.1697,-9.0628],[-75.1631,-9.0566],[-75.151,-9.0387],[-75.1484,-9.0315],[-75.1479,-9.0207],[-75.1507,-9.0025],[-75.1431,-8.9892],[-75.1433,-8.9722],[-75.1407,-8.9671],[-75.1293,-8.9598],[-75.1226,-8.9482],[-75.1149,-8.9425],[-75.1062,-8.9307],[-75.0944,-8.9223],[-75.0732,-8.915],[-75.0557,-8.9051],[-75.0456,-8.9042],[-75.0203,-8.9129],[-75.0126,-8.9136],[-74.9936,-8.933],[-74.9851,-8.9502],[-74.9789,-8.952],[-74.9742,-8.9456],[-74.965,-8.9382],[-74.9566,-8.9377],[-74.9451,-8.934],[-74.9383,-8.9348],[-74.9342,-8.9302],[-74.9297,-8.9147],[-74.9307,-8.906],[-74.9362,-8.8941],[-74.9441,-8.8933],[-74.9457,-8.884],[-74.951,-8.875],[-74.9536,-8.8581],[-74.9407,-8.8579],[-74.8957,-8.8048],[-74.8653,-8.7809],[-74.8529,-8.7644],[-74.8506,-8.7569],[-74.8507,-8.73],[-74.8465,-8.7135],[-74.8487,-8.7028],[-74.8471,-8.6889],[-74.8416,-8.6823],[-74.8419,-8.6764],[-74.8468,-8.6704],[-74.8467,-8.6612],[-74.7975,-8.6317],[-74.6925,-8.5812],[-74.6828,-8.576],[-74.6641,-8.5619],[-74.6442,-8.5541],[-74.6303,-8.5504],[-74.6178,-8.5487],[-74.5897,-8.5487],[-74.5776,-8.5538],[-74.5569,-8.5731],[-74.5471,-8.5846],[-74.5438,-8.5937],[-74.5414,-8.6086],[-74.5361,-8.6299],[-74.5278,-8.711],[-74.5254,-8.7493],[-74.5316,-8.7702],[-74.5322,-8.7761],[-74.5502,-8.7826],[-74.5729,-8.7926],[-74.577,-8.8007],[-74.5881,-8.8126],[-74.6089,-8.8202],[-74.6183,-8.832],[-74.6214,-8.8456],[-74.6231,-8.8806],[-74.6242,-8.8887],[-74.6364,-8.9123],[-74.6443,-8.9188],[-74.6473,-8.9381],[-74.6495,-8.9633],[-74.6527,-8.9796],[-74.6478,-8.9896],[-74.6511,-8.9998],[-74.6617,-9.0038],[-74.6692,-9.0203],[-74.6641,-9.0339],[-74.6514,-9.0488],[-74.6571,-9.0686],[-74.6649,-9.0796],[-74.6713,-9.0833],[-74.6781,-9.094],[-74.6755,-9.1071],[-74.6719,-9.1105],[-74.6548,-9.1138],[-74.6407,-9.1186],[-74.6365,-9.1255],[-74.6391,-9.1298],[-74.641,-9.1418],[-74.6396,-9.1597],[-74.6361,-9.173],[-74.627,-9.1971],[-74.6245,-9.2156],[-74.6166,-9.2303],[-74.6153,-9.238],[-74.6079,-9.2473],[-74.6023,-9.2507],[-74.5899,-9.2672],[-74.5912,-9.2911],[-74.5872,-9.2956],[-74.5894,-9.3032],[-74.5991,-9.3187],[-74.6106,-9.333],[-74.6246,-9.3419],[-74.6317,-9.3546],[-74.6442,-9.3661],[-74.6684,-9.3858],[-74.6743,-9.3945],[-74.6737,-9.4057],[-74.6749,-9.4207],[-74.6771,-9.4283],[-74.6727,-9.4328],[-74.6594,-9.4406],[-74.6443,-9.4558],[-74.6321,-9.466],[-74.622,-9.4725],[-74.5963,-9.4853],[-74.5846,-9.4956],[-74.5838,-9.5005],[-74.5918,-9.5048],[-74.5932,-9.5096],[-74.5839,-9.5217],[-74.5807,-9.5373],[-74.5732,-9.5509],[-74.5756,-9.5705],[-74.5682,-9.5764],[-74.5569,-9.5771],[-74.5413,-9.5857],[-74.5365,-9.5857],[-74.5317,-9.5921],[-74.5165,-9.5919],[-74.5108,-9.5941],[-74.4968,-9.5933],[-74.4935,-9.6149],[-74.4952,-9.6267],[-74.4901,-9.6477],[-74.4918,-9.6649],[-74.4894,-9.6707],[-74.4894,-9.6865],[-74.4842,-9.695],[-74.4856,-9.7022],[-74.4674,-9.7319],[-74.4625,-9.7343],[-74.4554,-9.746],[-74.4551,-9.7509],[-74.4476,-9.78],[-74.4511,-9.8107],[-74.4483,-9.8162],[-74.4504,-9.823],[-74.4505,-9.855],[-74.4533,-9.8628],[-74.4502,-9.8702],[-74.4376,-9.8724],[-74.4331,-9.8761],[-74.4279,-9.8879],[-74.4146,-9.9021],[-74.4117,-9.9152],[-74.4166,-9.9308],[-74.4119,-9.9369],[-74.4156,-9.9452],[-74.4114,-9.9582],[-74.419,-9.9705],[-74.424,-9.9894],[-74.4168,-9.9968],[-74.4124,-10.0082],[-74.414,-10.0206],[-74.4183,-10.0248],[-74.4147,-10.0296],[-74.4118,-10.0411],[-74.4047,-10.0528],[-74.4002,-10.0638],[-74.4006,-10.0705],[-74.3859,-10.0869],[-74.3785,-10.0913],[-74.3771,-10.0999],[-74.367,-10.1129],[-74.3556,-10.1188],[-74.3474,-10.1142],[-74.3278,-10.1097],[-74.3189,-10.1141],[-74.3104,-10.1287],[-74.3059,-10.1322],[-74.3071,-10.1531],[-74.3039,-10.1636],[-74.2851,-10.1712],[-74.2649,-10.1706],[-74.2554,-10.1751],[-74.2455,-10.1772],[-74.2317,-10.1851],[-74.2273,-10.1988],[-74.2338,-10.2117],[-74.2346,-10.22],[-74.2276,-10.2315],[-74.224,-10.2562],[-74.2272,-10.2639],[-74.2243,-10.2792],[-74.2304,-10.2836],[-74.2353,-10.2948],[-74.2468,-10.2977],[-74.2525,-10.3074],[-74.2492,-10.3151],[-74.2423,-10.3221],[-74.2406,-10.3281],[-74.2478,-10.332],[-74.2602,-10.3543],[-74.2734,-10.3646],[-74.2767,-10.3741],[-74.2755,-10.3822],[-74.2763,-10.3992],[-74.2749,-10.4148],[-74.2612,-10.4433],[-74.2552,-10.4525],[-74.2462,-10.4556],[-74.2187,-10.4521],[-74.2143,-10.4539],[-74.1976,-10.4698],[-74.191,-10.4807],[-74.1795,-10.4881],[-74.1818,-10.504],[-74.1692,-10.5316],[-74.1622,-10.5394],[-74.1569,-10.5492],[-74.1565,-10.5597],[-74.1509,-10.5721],[-74.1428,-10.5827],[-74.1327,-10.6049],[-74.1395,-10.611],[-74.1399,-10.6245],[-74.1321,-10.6548],[-74.1332,-10.6608],[-74.1405,-10.6661],[-74.1445,-10.6548],[-74.1578,-10.6501],[-74.1599,-10.6432],[-74.165,-10.6384],[-74.1724,-10.6368],[-74.1906,-10.6397],[-74.1976,-10.6375],[-74.206,-10.6307],[-74.2155,-10.6352],[-74.2246,-10.6323],[-74.2299,-10.6355],[-74.2276,-10.6518],[-74.2443,-10.6534],[-74.2528,-10.6595],[-74.2551,-10.664],[-74.2565,-10.6782],[-74.2609,-10.6798],[-74.2811,-10.6749],[-74.2954,-10.6957],[-74.3088,-10.712],[-74.3173,-10.7267],[-74.337,-10.7339],[-74.347,-10.7427],[-74.3505,-10.7558],[-74.3597,-10.7594],[-74.3743,-10.7581],[-74.379,-10.7619],[-74.3813,-10.769],[-74.379,-10.7779],[-74.3751,-10.7829],[-74.3757,-10.7927],[-74.3817,-10.8016],[-74.3857,-10.8118],[-74.39,-10.8143],[-74.3985,-10.8118],[-74.4158,-10.8135],[-74.4201,-10.8161],[-74.4296,-10.8127],[-74.4583,-10.8283],[-74.4666,-10.8363],[-74.4801,-10.8351],[-74.4849,-10.8365],[-74.4919,-10.8446],[-74.496,-10.8627],[-74.5011,-10.8711],[-74.51,-10.8803],[-74.5209,-10.8843],[-74.5276,-10.8823],[-74.548,-10.8906],[-74.5623,-10.8994],[-74.573,-10.9126],[-74.5624,-10.9137],[-74.5575,-10.9171],[-74.5423,-10.9326],[-74.5274,-10.9412],[-74.5173,-10.9448],[-74.5084,-10.9503],[-74.5027,-10.9652],[-74.5038,-10.9778],[-74.5001,-10.996],[-74.4945,-11.0011],[-74.4847,-11.0022],[-74.4624,-11.0006],[-74.4521,-11.0013],[-74.4454,-11.0049],[-74.4186,-11.0252],[-74.4134,-11.0336],[-74.4001,-11.0432],[-74.3919,-11.0447],[-74.3737,-11.0565],[-74.3642,-11.0548],[-74.3503,-11.0567],[-74.3394,-11.054],[-74.32,-11.0384],[-74.2939,-11.0313],[-74.2815,-11.0331],[-74.2564,-11.0182],[-74.2245,-11.0191],[-74.2199,-11.0208],[-74.2015,-11.0197],[-74.1984,-10.9972],[-74.1909,-10.986],[-74.1825,-10.9858],[-74.1779,-10.9905],[-74.1617,-10.9954],[-74.1579,-10.9984],[-74.148,-10.9988],[-74.1418,-10.996],[-74.1368,-10.9886],[-74.1276,-10.9884],[-74.1165,-10.9909],[-74.1075,-10.9868],[-74.0918,-10.9868],[-74.0771,-10.9928],[-74.0648,-10.9931],[-74.0614,-10.9957],[-74.0431,-10.9921],[-74.0363,-10.989],[-74.0248,-10.9904],[-74.0221,-10.9933],[-74.0055,-10.9932],[-73.9961,-11.0174],[-73.9908,-11.0269],[-73.9891,-11.0411],[-73.9787,-11.07],[-73.9783,-11.0831],[-73.9837,-11.0927],[-73.9815,-11.0994],[-73.9783,-11.1206],[-73.9759,-11.1255],[-73.9667,-11.1312],[-73.9584,-11.1415],[-73.9574,-11.1481],[-73.9503,-11.1514],[-73.9418,-11.1512],[-73.9347,-11.1423],[-73.9165,-11.1431],[-73.9085,-11.1517],[-73.8993,-11.1558],[-73.8887,-11.1701],[-73.8782,-11.1683],[-73.8631,-11.1691],[-73.8527,-11.1643],[-73.8574,-11.1587],[-73.8613,-11.1455],[-73.8597,-11.1326],[-73.8656,-11.0987],[-73.8631,-11.0907],[-73.8628,-11.0701],[-73.8666,-11.0374],[-73.8664,-11.0254],[-73.864,-11.0181],[-73.8637,-11.0017],[-73.8611,-10.9741],[-73.8578,-10.9716],[-73.8572,-10.962],[-73.8541,-10.9549],[-73.8483,-10.9508],[-73.8455,-10.9439],[-73.8322,-10.933],[-73.8234,-10.9211],[-73.8259,-10.9096],[-73.8178,-10.9018],[-73.8211,-10.8967],[-73.8142,-10.8916],[-73.8149,-10.8829],[-73.8208,-10.879],[-73.816,-10.8579],[-73.8169,-10.8504],[-73.8216,-10.8444],[-73.8222,-10.8361],[-73.8168,-10.8301],[-73.8189,-10.8254],[-73.8178,-10.8138],[-73.8118,-10.8056],[-73.8142,-10.7999],[-73.8005,-10.7959],[-73.7907,-10.7964],[-73.7818,-10.7862],[-73.7785,-10.775],[-73.7833,-10.758],[-73.782,-10.7506],[-73.7765,-10.7493],[-73.7572,-10.7359],[-73.7421,-10.734],[-73.7371,-10.7373],[-73.734,-10.7511],[-73.7293,-10.7556],[-73.7149,-10.7599],[-73.7043,-10.7713],[-73.6962,-10.773],[-73.6768,-10.7901],[-73.6714,-10.7887],[-73.6656,-10.7932],[-73.6675,-10.7994],[-73.6597,-10.807],[-73.6361,-10.8248],[-73.6104,-10.8466],[-73.5943,-10.8526],[-73.5805,-10.8546],[-73.5743,-10.8523],[-73.5716,-10.8567],[-73.5603,-10.8606],[-73.559,-10.8741],[-73.5629,-10.8884],[-73.5636,-10.8974],[-73.5673,-10.9059],[-73.5648,-10.9368],[-73.5717,-10.9486],[-73.5715,-10.9581],[-73.5656,-10.9682],[-73.5587,-10.9753],[-73.5594,-10.9899],[-73.5582,-10.9991],[-73.5545,-11.0034],[-73.553,-11.0141],[-73.5439,-11.0204],[-73.5406,-11.0286],[-73.5436,-11.035],[-73.5426,-11.0474],[-73.5229,-11.058],[-73.5066,-11.0579],[-73.4983,-11.064],[-73.4888,-11.0624],[-73.4826,-11.0652],[-73.4782,-11.0787],[-73.4713,-11.087],[-73.4742,-11.099],[-73.4696,-11.1065],[-73.4669,-11.12],[-73.4752,-11.1284],[-73.4676,-11.1564],[-73.4666,-11.1661],[-73.462,-11.1793],[-73.4633,-11.1855],[-73.4584,-11.1954],[-73.4592,-11.2088],[-73.4544,-11.2211],[-73.4501,-11.2247],[-73.4499,-11.2356],[-73.4557,-11.2575],[-73.4544,-11.2631],[-73.463,-11.2826],[-73.4631,-11.2936],[-73.4601,-11.3027],[-73.4713,-11.3056],[-73.4841,-11.3193],[-73.4803,-11.3227],[-73.4799,-11.3303],[-73.4856,-11.3443],[-73.4807,-11.3541],[-73.4706,-11.344],[-73.4671,-11.3442],[-73.4637,-11.3543],[-73.4498,-11.3681],[-73.4197,-11.3839],[-73.4139,-11.3872],[-73.4079,-11.3857],[-73.3863,-11.3713],[-73.3787,-11.3507],[-73.3598,-11.3399],[-73.3517,-11.3323],[-73.3488,-11.3263],[-73.3398,-11.3172],[-73.3313,-11.3113],[-73.3186,-11.3075],[-73.3081,-11.3094],[-73.2969,-11.3084],[-73.291,-11.3121],[-73.2689,-11.3097],[-73.2574,-11.3127],[-73.2452,-11.3081],[-73.2371,-11.2995],[-73.2164,-11.2987],[-73.2033,-11.29],[-73.1982,-11.2929],[-73.1797,-11.2925],[-73.1754,-11.2888],[-73.1374,-11.2938],[-73.124,-11.2918],[-73.1117,-11.2853],[-73.0907,-11.279],[-73.0791,-11.2769],[-73.065,-11.2844],[-73.0507,-11.2773],[-73.0413,-11.2756],[-73.039,-11.2713],[-73.0265,-11.2641],[-73.0254,-11.2569],[-73.0199,-11.2448],[-73.0073,-11.2338],[-72.999,-11.2204],[-72.9897,-11.1988],[-72.9889,-11.1858],[-72.9848,-11.1845],[-72.9793,-11.1936],[-72.9771,-11.2123],[-72.9679,-11.2158],[-72.9755,-11.2244],[-72.9742,-11.2507],[-72.9691,-11.2521],[-72.9686,-11.2641],[-72.9655,-11.2684],[-72.958,-11.263],[-72.9536,-11.2747],[-72.9456,-11.2751],[-72.9391,-11.2821],[-72.9371,-11.2927],[-72.9445,-11.2954],[-72.9506,-11.2929],[-72.9547,-11.3055],[-72.9385,-11.3057],[-72.9323,-11.3095],[-72.942,-11.3225],[-72.9459,-11.3149],[-72.9588,-11.3137],[-72.9578,-11.3204],[-72.952,-11.3204],[-72.9521,-11.3283],[-72.9638,-11.3287],[-72.9591,-11.3347],[-72.9519,-11.3306],[-72.9447,-11.3399],[-72.9374,-11.3326],[-72.9259,-11.3273],[-72.9213,-11.3352],[-72.9337,-11.3438],[-72.9328,-11.3504],[-72.9224,-11.3434],[-72.917,-11.3447],[-72.9099,-11.3518],[-72.9014,-11.3533],[-72.897,-11.3579],[-72.8903,-11.3509],[-72.8872,-11.3565],[-72.8758,-11.3577],[-72.8615,-11.3547],[-72.8521,-11.3653],[-72.8451,-11.3626],[-72.8454,-11.3722],[-72.8388,-11.3704],[-72.8335,-11.3787],[-72.8409,-11.3802],[-72.8425,-11.3868],[-72.8344,-11.3862],[-72.8218,-11.3896],[-72.8238,-11.3819],[-72.8171,-11.3753],[-72.8133,-11.3799],[-72.8071,-11.3764],[-72.8041,-11.383],[-72.7943,-11.3843],[-72.7847,-11.376],[-72.7757,-11.3757],[-72.7633,-11.3716],[-72.7564,-11.3619],[-72.7496,-11.359],[-72.7382,-11.3474],[-72.7341,-11.352],[-72.7242,-11.3501],[-72.7218,-11.3615],[-72.7164,-11.3605],[-72.7185,-11.351],[-72.7116,-11.3477],[-72.7073,-11.3522],[-72.7145,-11.3586],[-72.7066,-11.3815],[-72.7002,-11.3797],[-72.692,-11.3892],[-72.6886,-11.3968],[-72.68,-11.389],[-72.6644,-11.3872],[-72.6645,-11.3938],[-72.6523,-11.401],[-72.6456,-11.4128],[-72.6398,-11.4063],[-72.6321,-11.4064],[-72.6325,-11.4152],[-72.6231,-11.4128],[-72.6174,-11.4193],[-72.6231,-11.4264],[-72.61,-11.4282],[-72.6108,-11.4383],[-72.6032,-11.4326],[-72.6048,-11.423],[-72.6011,-11.4184],[-72.5957,-11.4206],[-72.5907,-11.4345],[-72.5808,-11.4308],[-72.5754,-11.4385],[-72.5669,-11.4318],[-72.5602,-11.4355],[-72.5559,-11.4323],[-72.5351,-11.4351],[-72.5259,-11.4394],[-72.5237,-11.4308],[-72.5159,-11.43],[-72.519,-11.4212],[-72.4978,-11.4035],[-72.4966,-11.3993],[-72.4872,-11.394],[-72.4799,-11.3874],[-72.4762,-11.3918],[-72.4694,-11.3853],[-72.4593,-11.3888],[-72.4474,-11.3845],[-72.4489,-11.3741],[-72.4412,-11.375],[-72.4355,-11.3725],[-72.436,-11.3661],[-72.4251,-11.3685],[-72.4259,-11.358],[-72.4179,-11.3568],[-72.4129,-11.3516],[-72.4065,-11.3571],[-72.4007,-11.345],[-72.3959,-11.35],[-72.3884,-11.3438],[-72.3788,-11.3326],[-72.361,-11.3339],[-72.3473,-11.3225],[-72.3393,-11.3238],[-72.337,-11.3167],[-72.3261,-11.3178],[-72.3242,-11.3221],[-72.3168,-11.3212],[-72.3147,-11.314],[-72.3077,-11.307],[-72.2947,-11.3157],[-72.2866,-11.3171],[-72.2802,-11.326],[-72.2807,-11.3366],[-72.2709,-11.3397],[-72.2613,-11.3372],[-72.2574,-11.3303],[-72.2489,-11.3333],[-72.2501,-11.3411],[-72.246,-11.3462],[-72.2393,-11.3451],[-72.2267,-11.3426],[-72.2137,-11.3442],[-72.2081,-11.3475],[-72.204,-11.3434],[-72.2088,-11.3354],[-72.2097,-11.3277],[-72.214,-11.3197],[-72.2133,-11.3124],[-72.2177,-11.3002],[-72.2115,-11.2776],[-72.2055,-11.2666],[-72.1982,-11.2617],[-72.1968,-11.2208],[-72.2002,-11.2053],[-72.1967,-11.1941],[-72.1869,-11.1872],[-72.1816,-11.1668],[-72.1789,-11.1632],[-72.1699,-11.1635],[-72.1621,-11.1566],[-72.1456,-11.1491],[-72.1366,-11.1368],[-72.1225,-11.1236],[-72.1202,-11.1181],[-72.1214,-11.1071],[-72.1259,-11.1012],[-72.1351,-11.0954],[-72.1525,-11.0879],[-72.164,-11.0905],[-72.1671,-11.0881],[-72.1694,-11.0759],[-72.1747,-11.0708],[-72.1849,-11.0658],[-72.1822,-11.0519],[-72.1759,-11.0454],[-72.1744,-11.0324],[-72.1753,-11.0248],[-72.1821,-11.0102],[-72.1588,-11.0077],[-72.1537,-11.0014],[-72.1529,-10.9942],[-72.1439,-10.9892],[-72.1303,-10.9903],[-72.1195,-10.9962],[-72.098,-11.0033],[-72.0815,-11.005],[-72.0698,-11.0084],[-72.0517,-11.0109],[-72.0408,-10.9999],[-72.0298,-10.9979],[-72.0161,-10.9897],[-71.9967,-10.9911],[-71.9866,-10.9955],[-71.9804,-10.991],[-71.9748,-10.9914],[-71.9694,-10.9963],[-71.9621,-10.9917],[-71.9559,-10.994],[-71.9479,-10.9924],[-71.9446,-10.9974],[-71.9334,-10.9974],[-71.9261,-10.9947],[-71.9166,-10.9992],[-71.8933,-10.9959],[-71.8774,-10.9999],[-71.8714,-10.9937],[-71.8498,-10.9942],[-71.8357,-11.0005],[-71.8262,-10.9975],[-71.8155,-10.9974],[-71.809,-10.9938],[-71.7876,-10.9926],[-71.7781,-10.9897],[-71.77,-10.9928],[-71.7649,-10.9915],[-71.7539,-10.9937],[-71.7452,-10.9927],[-71.73,-10.9836],[-71.7252,-10.9874],[-71.7202,-10.9966],[-71.7141,-10.9956],[-71.7137,-10.9849],[-71.7077,-10.9816],[-71.7054,-10.9756],[-71.6995,-10.9746],[-71.6922,-10.9794],[-71.6807,-10.9716],[-71.678,-10.9761],[-71.6717,-10.9759],[-71.6665,-10.9817],[-71.6551,-10.9814],[-71.6513,-10.977],[-71.6284,-10.9758],[-71.6119,-10.9708],[-71.5969,-10.9727],[-71.5905,-10.972],[-71.5711,-10.9648],[-71.5562,-10.9639],[-71.5383,-10.9537],[-71.5316,-10.9522],[-71.5271,-10.9617],[-71.5145,-10.963],[-71.5081,-10.9661],[-71.494,-10.9618],[-71.486,-10.9638],[-71.4805,-10.9571],[-71.4706,-10.9555],[-71.4434,-10.9587],[-71.4261,-10.9557],[-71.4129,-10.9581],[-71.3994,-10.953],[-71.3949,-10.9476],[-71.3763,-10.9527],[-71.3704,-10.9473],[-71.3573,-10.9515],[-71.3521,-10.9479],[-71.3519,-10.9408],[-71.3465,-10.9265],[-71.329,-10.911],[-71.3173,-10.9096],[-71.3165,-10.8974],[-71.309,-10.8787],[-71.2914,-10.8727],[-71.2734,-10.8474],[-71.2713,-10.8365],[-71.2715,-10.819],[-71.2608,-10.7911],[-71.2573,-10.7845],[-71.2479,-10.7817],[-71.2445,-10.7766],[-71.2365,-10.7794],[-71.2285,-10.7702],[-71.2274,-10.7613],[-71.2212,-10.7614],[-71.2183,-10.7487],[-71.2238,-10.7336],[-71.2222,-10.724],[-71.2149,-10.7137],[-71.2219,-10.7054],[-71.2296,-10.689],[-71.2286,-10.6795],[-71.2128,-10.6683],[-71.2063,-10.6522],[-71.2084,-10.6475],[-71.2172,-10.642],[-71.2208,-10.6367],[-71.2109,-10.6192],[-71.2091,-10.6075],[-71.2053,-10.5985],[-71.2052,-10.5915],[-71.1962,-10.5799],[-71.1823,-10.5739],[-71.1731,-10.575],[-71.1665,-10.5716],[-71.1638,-10.5642],[-71.1664,-10.5573],[-71.1646,-10.5313],[-71.1553,-10.5312],[-71.14,-10.5218],[-71.1369,-10.5148],[-71.1274,-10.5044],[-71.1135,-10.5008],[-71.1027,-10.5029],[-71.0785,-10.5014],[-71.0622,-10.4942],[-71.0548,-10.4935],[-71.0479,-10.4886],[-71.0409,-10.4887],[-71.0245,-10.4782],[-71.0196,-10.4676],[-71.0081,-10.4575],[-70.9937,-10.4386],[-70.9906,-10.4205],[-70.9809,-10.4014],[-70.9672,-10.3813],[-70.9653,-10.3688],[-70.9669,-10.3502],[-70.9659,-10.3398],[-70.9589,-10.3348],[-70.9347,-10.3333],[-70.9229,-10.3275],[-70.9072,-10.3112],[-70.8943,-10.2996],[-70.8792,-10.2842],[-70.8567,-10.2706],[-70.8421,-10.2667],[-70.8174,-10.2569],[-70.796,-10.2383],[-70.7762,-10.2226],[-70.7681,-10.2134],[-70.7616,-10.2092],[-70.7535,-10.1941],[-70.7465,-10.1886],[-70.7287,-10.1804],[-70.717,-10.1726],[-70.7125,-10.1652],[-70.7051,-10.1587],[-70.7079,-10.1356],[-70.7003,-10.1267],[-70.6982,-10.118],[-70.6839,-10.1126],[-70.681,-10.1026],[-70.6708,-10.0998],[-70.664,-10.089],[-70.6566,-10.0821],[-70.6505,-10.0803],[-70.6525,-10.0721],[-70.6572,-10.0652],[-70.6574,-10.0551],[-70.663,-10.0452],[-70.6728,-10.0352],[-70.6723,-10.0231],[-70.6665,-10.014],[-70.6665,-10.0066],[-70.6572,-10.0019],[-70.6591,-9.9898],[-70.6676,-9.9725],[-70.6504,-9.9546],[-70.6469,-9.9459],[-70.6501,-9.93],[-70.6423,-9.9162],[-70.633,-9.9069],[-70.6242,-9.9074],[-70.6138,-9.9172]]]},"properties":{"shapeName":"Ucayali","shapeISO":"PE-UCA","shapeID":"20122684B79670108796023","shapeGroup":"PER","shapeType":"ADM1"}},
{"type":"Feature","geometry":{"type":"Polygon","coordinates":[[[-71.039,-15.4052],[-71.0364,-15.392],[-71.0257,-15.3775],[-71.0199,-15.3733],[-71.0192,-15.3659],[-71.0123,-15.3438],[-71.0061,-15.3352],[-70.9839,-15.3166],[-70.9776,-15.3204],[-70.9579,-15.3182],[-70.951,-15.3066],[-70.95,-15.2983],[-70.9523,-15.2898],[-70.9608,-15.2812],[-70.9734,-15.275],[-70.9773,-15.2668],[-70.9768,-15.261],[-70.983,-15.256],[-70.9853,-15.249],[-70.9817,-15.2431],[-70.9703,-15.2331],[-70.9625,-15.2156],[-70.9668,-15.2109],[-70.9667,-15.204],[-70.9719,-15.1988],[-70.9732,-15.1862],[-70.9719,-15.1799],[-70.9762,-15.1756],[-70.976,-15.16],[-70.982,-15.1471],[-70.9775,-15.1447],[-70.9771,-15.1268],[-70.9803,-15.1064],[-70.9944,-15.0934],[-70.9946,-15.0807],[-70.9919,-15.0706],[-70.9964,-15.0591],[-70.9931,-15.0423],[-70.9968,-15.0288],[-70.9966,-15.0167],[-71.0039,-15.0014],[-71.0031,-14.9847],[-71.0041,-14.9719],[-70.9963,-14.9637],[-70.9966,-14.9539],[-70.9847,-14.9461],[-70.9906,-14.9269],[-70.9863,-14.9155],[-70.9949,-14.899],[-70.9966,-14.8857],[-70.9931,-14.8781],[-70.9915,-14.8609],[-70.9966,-14.8439],[-70.9919,-14.8403],[-70.9938,-14.8292],[-70.9793,-14.8251],[-70.9773,-14.8078],[-70.9803,-14.7926],[-70.9837,-14.786],[-70.9807,-14.7738],[-70.9765,-14.7711],[-70.9755,-14.7641],[-70.9815,-14.7555],[-71.0016,-14.7443],[-71.0131,-14.7397],[-71.0207,-14.7468],[-71.0218,-14.7529],[-71.0278,-14.7601],[-71.0324,-14.7591],[-71.0357,-14.7521],[-71.0532,-14.7543],[-71.0572,-14.7509],[-71.0632,-14.7365],[-71.0741,-14.7277],[-71.0895,-14.7132],[-71.0878,-14.6971],[-71.0974,-14.6852],[-71.1015,-14.6857],[-71.1048,-14.6775],[-71.1137,-14.6667],[-71.1179,-14.6489],[-71.113,-14.6439],[-71.1097,-14.6342],[-71.0807,-14.6299],[-71.0739,-14.6314],[-71.0694,-14.626],[-71.052,-14.6142],[-71.0428,-14.6014],[-71.031,-14.5933],[-71.0249,-14.5919],[-71.0149,-14.5968],[-71.0151,-14.5883],[-71.0204,-14.5853],[-71.0147,-14.578],[-71.0014,-14.5722],[-70.9936,-14.5736],[-70.9907,-14.5786],[-70.9798,-14.583],[-70.9753,-14.5803],[-70.9725,-14.57],[-70.9661,-14.5683],[-70.9738,-14.554],[-70.9816,-14.5485],[-70.9791,-14.5385],[-70.9882,-14.5263],[-70.9967,-14.5057],[-70.988,-14.4997],[-70.9892,-14.4894],[-70.9827,-14.4758],[-70.9881,-14.4559],[-70.9814,-14.449],[-70.9625,-14.4448],[-70.9664,-14.4352],[-70.974,-14.4285],[-70.9719,-14.4223],[-70.9782,-14.4171],[-70.9858,-14.4067],[-70.9787,-14.3945],[-70.9852,-14.3791],[-70.9705,-14.3783],[-70.9626,-14.3618],[-70.9483,-14.3526],[-70.9429,-14.3519],[-70.9333,-14.3428],[-70.9264,-14.3401],[-70.9177,-14.3447],[-70.9122,-14.3415],[-70.9078,-14.334],[-70.913,-14.3276],[-70.9139,-14.3044],[-70.9021,-14.2964],[-70.8917,-14.284],[-70.8917,-14.2738],[-70.8806,-14.2709],[-70.8826,-14.2658],[-70.8821,-14.2538],[-70.8895,-14.2472],[-70.893,-14.2379],[-70.8986,-14.2357],[-70.8993,-14.2293],[-70.8946,-14.2091],[-70.8881,-14.2063],[-70.8821,-14.1988],[-70.8835,-14.1923],[-70.8896,-14.185],[-70.8862,-14.1714],[-70.8825,-14.1684],[-70.8736,-14.1714],[-70.8668,-14.1691],[-70.8633,-14.1607],[-70.8544,-14.1592],[-70.8491,-14.1508],[-70.841,-14.1483],[-70.834,-14.1429],[-70.8209,-14.14],[-70.8217,-14.1338],[-70.8089,-14.1242],[-70.8049,-14.1144],[-70.8056,-14.0993],[-70.7913,-14.084],[-70.7898,-14.0788],[-70.7959,-14.0721],[-70.8076,-14.0691],[-70.8204,-14.0684],[-70.8295,-14.0763],[-70.8326,-14.0607],[-70.8482,-14.0556],[-70.8529,-14.0409],[-70.8588,-14.0344],[-70.8618,-14.0262],[-70.8535,-14.0129],[-70.8445,-14.0111],[-70.8405,-14.0073],[-70.852,-14.0005],[-70.8524,-13.9961],[-70.8439,-13.9754],[-70.8468,-13.9699],[-70.8456,-13.9622],[-70.8402,-13.9564],[-70.833,-13.9381],[-70.8199,-13.9294],[-70.811,-13.9186],[-70.8107,-13.9051],[-70.8185,-13.8986],[-70.8309,-13.8951],[-70.8256,-13.8787],[-70.8316,-13.8653],[-70.8313,-13.8589],[-70.8387,-13.8528],[-70.8535,-13.8538],[-70.8613,-13.8433],[-70.8723,-13.8409],[-70.8812,-13.8328],[-70.8784,-13.828],[-70.8803,-13.8181],[-70.8738,-13.8091],[-70.8625,-13.8003],[-70.8511,-13.8012],[-70.8503,-13.8128],[-70.8471,-13.817],[-70.8389,-13.82],[-70.835,-13.8243],[-70.8266,-13.8272],[-70.8179,-13.8205],[-70.8044,-13.8202],[-70.7963,-13.8222],[-70.7945,-13.8181],[-70.7684,-13.8143],[-70.7519,-13.8165],[-70.7359,-13.8242],[-70.7326,-13.8234],[-70.7214,-13.8293],[-70.7095,-13.8405],[-70.7086,-13.8281],[-70.7042,-13.8215],[-70.6989,-13.8032],[-70.7052,-13.7926],[-70.7079,-13.7825],[-70.7223,-13.7615],[-70.7264,-13.7471],[-70.7347,-13.739],[-70.7325,-13.7281],[-70.7356,-13.7118],[-70.7313,-13.7067],[-70.7212,-13.7002],[-70.7209,-13.683],[-70.7143,-13.6772],[-70.7151,-13.6623],[-70.6983,-13.6573],[-70.6889,-13.6526],[-70.681,-13.6581],[-70.6707,-13.6621],[-70.6539,-13.6559],[-70.6484,-13.6502],[-70.6479,-13.6448],[-70.6374,-13.6377],[-70.6369,-13.6328],[-70.6275,-13.6278],[-70.6216,-13.6211],[-70.6162,-13.6091],[-70.6107,-13.609],[-70.6007,-13.5991],[-70.5925,-13.5995],[-70.5858,-13.5964],[-70.5842,-13.5912],[-70.5779,-13.5858],[-70.5604,-13.5866],[-70.5503,-13.5768],[-70.5417,-13.5745],[-70.5422,-13.5598],[-70.5459,-13.5532],[-70.5459,-13.5454],[-70.5398,-13.5326],[-70.534,-13.5253],[-70.5199,-13.514],[-70.4958,-13.5014],[-70.4888,-13.5004],[-70.4848,-13.4909],[-70.4748,-13.4781],[-70.4691,-13.4743],[-70.4662,-13.4662],[-70.4566,-13.4566],[-70.4526,-13.4479],[-70.4574,-13.4443],[-70.4687,-13.443],[-70.4677,-13.4358],[-70.4571,-13.4163],[-70.4508,-13.4108],[-70.451,-13.4021],[-70.4426,-13.3934],[-70.4471,-13.3858],[-70.446,-13.3817],[-70.4524,-13.3685],[-70.4504,-13.3645],[-70.434,-13.3621],[-70.432,-13.358],[-70.4189,-13.3589],[-70.4172,-13.3618],[-70.4001,-13.3717],[-70.3996,-13.3638],[-70.3927,-13.3448],[-70.3948,-13.3382],[-70.4011,-13.3349],[-70.402,-13.3265],[-70.3928,-13.3142],[-70.3822,-13.311],[-70.3728,-13.3133],[-70.3667,-13.3071],[-70.3458,-13.3127],[-70.3451,-13.2998],[-70.3483,-13.2936],[-70.3547,-13.2919],[-70.3582,-13.2863],[-70.3671,-13.2817],[-70.3708,-13.2764],[-70.3824,-13.2716],[-70.4013,-13.2706],[-70.4079,-13.263],[-70.4204,-13.2586],[-70.422,-13.2499],[-70.4174,-13.2436],[-70.4005,-13.2347],[-70.3906,-13.2321],[-70.3879,-13.2252],[-70.39,-13.2153],[-70.3845,-13.2047],[-70.3885,-13.1924],[-70.3955,-13.1831],[-70.4011,-13.1812],[-70.4096,-13.1828],[-70.4123,-13.1776],[-70.4465,-13.1704],[-70.4642,-13.1597],[-70.4794,-13.1602],[-70.5008,-13.1565],[-70.5043,-13.1595],[-70.5297,-13.1526],[-70.542,-13.1546],[-70.5498,-13.1529],[-70.551,-13.146],[-70.558,-13.1367],[-70.5705,-13.1303],[-70.578,-13.1175],[-70.5836,-13.113],[-70.5875,-13.1031],[-70.5995,-13.0991],[-70.6064,-13.1017],[-70.6142,-13.0995],[-70.6249,-13.0931],[-70.6417,-13.0908],[-70.6539,-13.0933],[-70.6598,-13.0885],[-70.6696,-13.0907],[-70.6746,-13.0966],[-70.6834,-13.0984],[-70.6839,-13.1055],[-70.7056,-13.1052],[-70.71,-13.1095],[-70.7229,-13.1058],[-70.746,-13.1035],[-70.7584,-13.108],[-70.7743,-13.1033],[-70.7917,-13.0926],[-70.7999,-13.0899],[-70.8029,-13.0841],[-70.812,-13.0776],[-70.8133,-13.0729],[-70.8295,-13.067],[-70.843,-13.067],[-70.8495,-13.072],[-70.8524,-13.0791],[-70.8631,-13.0803],[-70.8791,-13.0738],[-70.8822,-13.0707],[-70.8993,-13.0697],[-70.899,-13.0807],[-70.8899,-13.1029],[-70.9214,-13.1108],[-70.9221,-13.1215],[-70.9283,-13.1292],[-70.9354,-13.13],[-70.9423,-13.1355],[-70.9376,-13.1441],[-70.9422,-13.1565],[-70.9574,-13.1635],[-70.963,-13.1695],[-70.9745,-13.1683],[-70.9878,-13.1896],[-70.9884,-13.1946],[-70.9943,-13.2032],[-70.9906,-13.2155],[-70.9909,-13.2215],[-71.0011,-13.2293],[-71.0079,-13.231],[-71.0115,-13.2398],[-71.0079,-13.2515],[-71.0097,-13.2607],[-71.014,-13.2672],[-71.0279,-13.2707],[-71.0409,-13.2687],[-71.0476,-13.2628],[-71.0642,-13.2567],[-71.0829,-13.2446],[-71.0992,-13.2381],[-71.1075,-13.2382],[-71.122,-13.2335],[-71.1276,-13.2269],[-71.1349,-13.211],[-71.1348,-13.204],[-71.1393,-13.1958],[-71.1402,-13.1697],[-71.1431,-13.1558],[-71.1465,-13.1475],[-71.1438,-13.14],[-71.1462,-13.1307],[-71.1511,-13.1241],[-71.1582,-13.123],[-71.1648,-13.1123],[-71.1682,-13.0941],[-71.1614,-13.0757],[-71.1616,-13.0665],[-71.1733,-13.0564],[-71.171,-13.0435],[-71.1718,-13.0368],[-71.1662,-13.0225],[-71.1686,-13.0101],[-71.1783,-13.0037],[-71.1787,-12.9953],[-71.1742,-12.9905],[-71.173,-12.9833],[-71.159,-12.9787],[-71.1614,-12.9681],[-71.1721,-12.9653],[-71.1783,-12.9685],[-71.1865,-12.9688],[-71.1951,-12.96],[-71.2056,-12.9616],[-71.2124,-12.9588],[-71.2263,-12.961],[-71.2297,-12.9672],[-71.2388,-12.9719],[-71.2521,-12.964],[-71.2717,-12.9618],[-71.272,-12.9544],[-71.288,-12.9489],[-71.301,-12.9407],[-71.3158,-12.9245],[-71.3261,-12.9183],[-71.3334,-12.9045],[-71.3413,-12.8955],[-71.3481,-12.8925],[-71.3549,-12.884],[-71.3664,-12.8956],[-71.3756,-12.9006],[-71.3804,-12.8992],[-71.3886,-12.8884],[-71.3962,-12.8829],[-71.4152,-12.8943],[-71.4299,-12.8761],[-71.4376,-12.8726],[-71.4489,-12.8633],[-71.4498,-12.8583],[-71.4425,-12.8536],[-71.4451,-12.8407],[-71.4543,-12.8422],[-71.4545,-12.8362],[-71.4489,-12.8334],[-71.451,-12.825],[-71.4583,-12.8259],[-71.4598,-12.8185],[-71.4648,-12.8097],[-71.4753,-12.8019],[-71.4843,-12.7921],[-71.4861,-12.7875],[-71.4957,-12.782],[-71.5026,-12.7562],[-71.5123,-12.7452],[-71.5165,-12.7434],[-71.5235,-12.7472],[-71.53,-12.7441],[-71.5334,-12.7386],[-71.5473,-12.7345],[-71.5527,-12.724],[-71.5488,-12.714],[-71.5521,-12.7093],[-71.562,-12.7099],[-71.5657,-12.7054],[-71.5929,-12.7023],[-71.6003,-12.7001],[-71.6118,-12.7019],[-71.6174,-12.7051],[-71.6385,-12.7094],[-71.6481,-12.7187],[-71.6534,-12.7212],[-71.6605,-12.7289],[-71.6838,-12.7332],[-71.695,-12.7388],[-71.6929,-12.7478],[-71.6983,-12.762],[-71.7059,-12.7667],[-71.7128,-12.778],[-71.7235,-12.7867],[-71.7298,-12.7871],[-71.7353,-12.7914],[-71.7469,-12.7961],[-71.7535,-12.7947],[-71.7602,-12.7879],[-71.76,-12.7827],[-71.7647,-12.7675],[-71.7853,-12.7649],[-71.7998,-12.7653],[-71.8041,-12.7536],[-71.8106,-12.745],[-71.8227,-12.7404],[-71.8326,-12.7423],[-71.8395,-12.7389],[-71.8495,-12.7389],[-71.858,-12.7348],[-71.8714,-12.7353],[-71.8816,-12.7304],[-71.9004,-12.7334],[-71.9184,-12.719],[-71.9165,-12.7033],[-71.9204,-12.6981],[-71.9265,-12.6995],[-71.9531,-12.6907],[-71.9578,-12.6939],[-71.9649,-12.6936],[-71.9786,-12.6833],[-71.9771,-12.6774],[-71.971,-12.672],[-71.9694,-12.6614],[-71.9564,-12.6549],[-71.9587,-12.6455],[-71.9571,-12.6395],[-71.9651,-12.632],[-71.9664,-12.6128],[-71.9839,-12.6088],[-71.9835,-12.5947],[-71.9814,-12.5805],[-71.991,-12.578],[-71.9978,-12.5727],[-72.008,-12.5604],[-72.008,-12.551],[-72.0315,-12.5248],[-72.0371,-12.5258],[-72.0518,-12.5187],[-72.0547,-12.509],[-72.0643,-12.5066],[-72.0711,-12.5115],[-72.0754,-12.5078],[-72.079,-12.4986],[-72.0709,-12.4889],[-72.0709,-12.4828],[-72.0651,-12.4715],[-72.0644,-12.4556],[-72.0595,-12.45],[-72.0615,-12.4404],[-72.0493,-12.4331],[-72.0465,-12.4224],[-72.0371,-12.4228],[-72.0224,-12.415],[-72.0175,-12.4152],[-72.0098,-12.4042],[-71.9938,-12.3992],[-71.976,-12.3988],[-71.9762,-12.3942],[-71.9699,-12.3842],[-71.9652,-12.3828],[-71.963,-12.3715],[-71.9706,-12.359],[-71.9672,-12.3476],[-71.9619,-12.3382],[-71.9471,-12.3344],[-71.9459,-12.3302],[-71.9523,-12.3229],[-71.973,-12.3205],[-71.9838,-12.3139],[-71.9909,-12.306],[-72.0143,-12.2979],[-72.03,-12.2863],[-72.0338,-12.265],[-72.0411,-12.2569],[-72.0489,-12.254],[-72.0564,-12.2573],[-72.0698,-12.249],[-72.0753,-12.2433],[-72.0852,-12.2464],[-72.0925,-12.2401],[-72.1055,-12.2381],[-72.1002,-12.2246],[-72.1014,-12.2171],[-72.0983,-12.2073],[-72.0925,-12.197],[-72.092,-12.191],[-72.1002,-12.1717],[-72.0992,-12.165],[-72.0926,-12.1551],[-72.0876,-12.1427],[-72.0926,-12.1323],[-72.0958,-12.1008],[-72.0944,-12.0852],[-72.1117,-12.0789],[-72.1164,-12.0788],[-72.1315,-12.0713],[-72.1453,-12.0697],[-72.1607,-12.0653],[-72.1737,-12.0598],[-72.1829,-12.0609],[-72.1898,-12.0589],[-72.2026,-12.0608],[-72.2219,-12.0601],[-72.2297,-12.0618],[-72.2372,-12.0577],[-72.2444,-12.0587],[-72.2689,-12.0544],[-72.2725,-12.0474],[-72.2692,-12.0367],[-72.2709,-12.03],[-72.2651,-12.0122],[-72.2593,-12.0063],[-72.2808,-11.9965],[-72.2846,-11.9764],[-72.2892,-11.9748],[-72.3118,-11.9744],[-72.3214,-11.971],[-72.3375,-11.9681],[-72.3411,-11.9634],[-72.3376,-11.953],[-72.3368,-11.9404],[-72.3383,-11.9242],[-72.3469,-11.9157],[-72.3448,-11.9012],[-72.3475,-11.8913],[-72.3435,-11.8825],[-72.3403,-11.868],[-72.3357,-11.8667],[-72.3322,-11.8555],[-72.3388,-11.8546],[-72.3529,-11.8478],[-72.3597,-11.8465],[-72.3707,-11.835],[-72.3808,-11.8322],[-72.3913,-11.8263],[-72.3931,-11.8181],[-72.3918,-11.8095],[-72.3875,-11.8018],[-72.3745,-11.7947],[-72.3708,-11.785],[-72.3777,-11.7767],[-72.3824,-11.7745],[-72.3859,-11.7615],[-72.3925,-11.7601],[-72.3975,-11.7548],[-72.4131,-11.746],[-72.4224,-11.7389],[-72.4251,-11.7332],[-72.4287,-11.709],[-72.4242,-11.7024],[-72.4149,-11.6989],[-72.4101,-11.693],[-72.4065,-11.6775],[-72.3971,-11.6712],[-72.3874,-11.6593],[-72.3896,-11.6503],[-72.3811,-11.6493],[-72.3753,-11.6442],[-72.3756,-11.6332],[-72.3696,-11.6303],[-72.3556,-11.635],[-72.3509,-11.6218],[-72.3432,-11.6144],[-72.3279,-11.6075],[-72.3155,-11.5956],[-72.3062,-11.5724],[-72.3126,-11.5654],[-72.3081,-11.5406],[-72.3038,-11.5315],[-72.3056,-11.5159],[-72.2982,-11.5029],[-72.304,-11.4978],[-72.2896,-11.4829],[-72.2875,-11.4666],[-72.2924,-11.4509],[-72.2926,-11.4333],[-72.2874,-11.4243],[-72.2814,-11.421],[-72.2786,-11.4125],[-72.2667,-11.3965],[-72.2573,-11.3935],[-72.2479,-11.385],[-72.2426,-11.3639],[-72.2393,-11.3451],[-72.246,-11.3462],[-72.2501,-11.3411],[-72.2489,-11.3333],[-72.2574,-11.3303],[-72.2613,-11.3372],[-72.2709,-11.3397],[-72.2807,-11.3366],[-72.2802,-11.326],[-72.2866,-11.3171],[-72.2947,-11.3157],[-72.3077,-11.307],[-72.3147,-11.314],[-72.3168,-11.3212],[-72.3242,-11.3221],[-72.3261,-11.3178],[-72.337,-11.3167],[-72.3393,-11.3238],[-72.3473,-11.3225],[-72.361,-11.3339],[-72.3788,-11.3326],[-72.3884,-11.3438],[-72.3959,-11.35],[-72.4007,-11.345],[-72.4065,-11.3571],[-72.4129,-11.3516],[-72.4179,-11.3568],[-72.4259,-11.358],[-72.4251,-11.3685],[-72.436,-11.3661],[-72.4355,-11.3725],[-72.4412,-11.375],[-72.4489,-11.3741],[-72.4474,-11.3845],[-72.4593,-11.3888],[-72.4694,-11.3853],[-72.4762,-11.3918],[-72.4799,-11.3874],[-72.4872,-11.394],[-72.4966,-11.3993],[-72.4978,-11.4035],[-72.519,-11.4212],[-72.5159,-11.43],[-72.5237,-11.4308],[-72.5259,-11.4394],[-72.5351,-11.4351],[-72.5559,-11.4323],[-72.5602,-11.4355],[-72.5669,-11.4318],[-72.5754,-11.4385],[-72.5808,-11.4308],[-72.5907,-11.4345],[-72.5957,-11.4206],[-72.6011,-11.4184],[-72.6048,-11.423],[-72.6032,-11.4326],[-72.6108,-11.4383],[-72.61,-11.4282],[-72.6231,-11.4264],[-72.6174,-11.4193],[-72.6231,-11.4128],[-72.6325,-11.4152],[-72.6321,-11.4064],[-72.6398,-11.4063],[-72.6456,-11.4128],[-72.6523,-11.401],[-72.6645,-11.3938],[-72.6644,-11.3872],[-72.68,-11.389],[-72.6886,-11.3968],[-72.692,-11.3892],[-72.7002,-11.3797],[-72.7066,-11.3815],[-72.7145,-11.3586],[-72.7073,-11.3522],[-72.7116,-11.3477],[-72.7185,-11.351],[-72.7164,-11.3605],[-72.7218,-11.3615],[-72.7242,-11.3501],[-72.7341,-11.352],[-72.7382,-11.3474],[-72.7496,-11.359],[-72.7564,-11.3619],[-72.7633,-11.3716],[-72.7757,-11.3757],[-72.7847,-11.376],[-72.7943,-11.3843],[-72.8041,-11.383],[-72.8071,-11.3764],[-72.8133,-11.3799],[-72.8171,-11.3753],[-72.8238,-11.3819],[-72.8218,-11.3896],[-72.8344,-11.3862],[-72.8425,-11.3868],[-72.8409,-11.3802],[-72.8335,-11.3787],[-72.8388,-11.3704],[-72.8454,-11.3722],[-72.8451,-11.3626],[-72.8521,-11.3653],[-72.8615,-11.3547],[-72.8758,-11.3577],[-72.8872,-11.3565],[-72.8903,-11.3509],[-72.897,-11.3579],[-72.9014,-11.3533],[-72.9099,-11.3518],[-72.917,-11.3447],[-72.9224,-11.3434],[-72.9328,-11.3504],[-72.9337,-11.3438],[-72.9213,-11.3352],[-72.9259,-11.3273],[-72.9374,-11.3326],[-72.9447,-11.3399],[-72.9519,-11.3306],[-72.9591,-11.3347],[-72.9638,-11.3287],[-72.9521,-11.3283],[-72.952,-11.3204],[-72.9578,-11.3204],[-72.9588,-11.3137],[-72.9459,-11.3149],[-72.942,-11.3225],[-72.9323,-11.3095],[-72.9385,-11.3057],[-72.9547,-11.3055],[-72.9506,-11.2929],[-72.9445,-11.2954],[-72.9371,-11.2927],[-72.9391,-11.2821],[-72.9456,-11.2751],[-72.9536,-11.2747],[-72.958,-11.263],[-72.9655,-11.2684],[-72.9686,-11.2641],[-72.9691,-11.2521],[-72.9742,-11.2507],[-72.9755,-11.2244],[-72.9679,-11.2158],[-72.9771,-11.2123],[-72.9793,-11.1936],[-72.9848,-11.1845],[-72.9889,-11.1858],[-72.9897,-11.1988],[-72.999,-11.2204],[-73.0073,-11.2338],[-73.0199,-11.2448],[-73.0254,-11.2569],[-73.0265,-11.2641],[-73.039,-11.2713],[-73.0413,-11.2756],[-73.0507,-11.2773],[-73.065,-11.2844],[-73.0791,-11.2769],[-73.0907,-11.279],[-73.1117,-11.2853],[-73.124,-11.2918],[-73.1374,-11.2938],[-73.1754,-11.2888],[-73.1797,-11.2925],[-73.1982,-11.2929],[-73.2033,-11.29],[-73.2164,-11.2987],[-73.2371,-11.2995],[-73.2452,-11.3081],[-73.2574,-11.3127],[-73.2689,-11.3097],[-73.291,-11.3121],[-73.2969,-11.3084],[-73.3081,-11.3094],[-73.3186,-11.3075],[-73.3313,-11.3113],[-73.3398,-11.3172],[-73.3488,-11.3263],[-73.3517,-11.3323],[-73.3598,-11.3399],[-73.3787,-11.3507],[-73.3863,-11.3713],[-73.4079,-11.3857],[-73.4139,-11.3872],[-73.4197,-11.3839],[-73.4301,-11.3999],[-73.4433,-11.4097],[-73.4459,-11.4206],[-73.4526,-11.4247],[-73.4558,-11.4402],[-73.469,-11.4452],[-73.4767,-11.4589],[-73.4745,-11.4622],[-73.4797,-11.4714],[-73.469,-11.4823],[-73.4615,-11.4953],[-73.4538,-11.5053],[-73.4497,-11.5319],[-73.4556,-11.5357],[-73.4652,-11.536],[-73.4762,-11.539],[-73.4871,-11.5349],[-73.493,-11.5462],[-73.4921,-11.5518],[-73.5032,-11.5638],[-73.5143,-11.5682],[-73.5316,-11.5786],[-73.551,-11.5868],[-73.5597,-11.5921],[-73.582,-11.6156],[-73.5836,-11.6208],[-73.5944,-11.6403],[-73.5997,-11.6451],[-73.6083,-11.6602],[-73.6124,-11.6747],[-73.6086,-11.6852],[-73.602,-11.6904],[-73.5974,-11.7009],[-73.5832,-11.7188],[-73.5745,-11.7341],[-73.57,-11.7563],[-73.5705,-11.7629],[-73.5792,-11.7727],[-73.5813,-11.7891],[-73.5808,-11.8241],[-73.5775,-11.8365],[-73.5687,-11.8451],[-73.5553,-11.8524],[-73.5456,-11.8523],[-73.5306,-11.8575],[-73.5111,-11.8624],[-73.4905,-11.8782],[-73.4857,-11.8923],[-73.4763,-11.9075],[-73.4637,-11.9233],[-73.4627,-11.9298],[-73.4562,-11.9341],[-73.4471,-11.9349],[-73.4411,-11.9442],[-73.4452,-11.9593],[-73.4402,-11.9707],[-73.4303,-11.9813],[-73.4377,-11.9896],[-73.434,-11.9984],[-73.425,-12.0039],[-73.4249,-12.0105],[-73.4181,-12.0151],[-73.4068,-12.0056],[-73.3979,-12.0209],[-73.3989,-12.0458],[-73.4077,-12.066],[-73.4003,-12.0735],[-73.3913,-12.0767],[-73.4004,-12.0886],[-73.3996,-12.0925],[-73.3889,-12.1009],[-73.3785,-12.1036],[-73.3639,-12.1117],[-73.3554,-12.1143],[-73.3618,-12.127],[-73.3619,-12.136],[-73.3817,-12.1406],[-73.397,-12.1395],[-73.4174,-12.1453],[-73.4176,-12.1479],[-73.429,-12.1526],[-73.4395,-12.152],[-73.4461,-12.1603],[-73.4609,-12.1961],[-73.4647,-12.2148],[-73.4696,-12.22],[-73.4694,-12.2377],[-73.48,-12.2421],[-73.4924,-12.2505],[-73.5076,-12.2529],[-73.5168,-12.2491],[-73.5258,-12.2516],[-73.5337,-12.259],[-73.5481,-12.2609],[-73.554,-12.265],[-73.5589,-12.2749],[-73.5743,-12.2768],[-73.5789,-12.2972],[-73.5818,-12.3009],[-73.585,-12.3131],[-73.5879,-12.3406],[-73.5864,-12.3487],[-73.5894,-12.3619],[-73.5861,-12.3662],[-73.5905,-12.3769],[-73.5991,-12.3859],[-73.6042,-12.3869],[-73.6072,-12.3803],[-73.6144,-12.3767],[-73.6288,-12.3738],[-73.6372,-12.3784],[-73.6583,-12.3574],[-73.656,-12.3517],[-73.6608,-12.3367],[-73.6599,-12.3297],[-73.665,-12.3211],[-73.6751,-12.3149],[-73.682,-12.3052],[-73.6891,-12.2994],[-73.6909,-12.291],[-73.6999,-12.2774],[-73.7004,-12.2733],[-73.7078,-12.2679],[-73.7227,-12.2638],[-73.7369,-12.2668],[-73.752,-12.2554],[-73.7614,-12.2532],[-73.7651,-12.2454],[-73.7724,-12.2383],[-73.7796,-12.2377],[-73.7937,-12.2305],[-73.8019,-12.2203],[-73.8139,-12.2248],[-73.8312,-12.2278],[-73.8432,-12.2394],[-73.8605,-12.2399],[-73.8734,-12.2336],[-73.8833,-12.2358],[-73.8998,-12.2487],[-73.9238,-12.2247],[-73.9383,-12.2231],[-73.9467,-12.2333],[-73.9658,-12.2388],[-73.9723,-12.2436],[-73.9805,-12.2426],[-73.9811,-12.2499],[-73.9771,-12.2634],[-73.9711,-12.2734],[-73.9704,-12.2802],[-73.974,-12.3058],[-73.9702,-12.3149],[-73.9659,-12.3365],[-73.9701,-12.3478],[-73.9598,-12.3513],[-73.9537,-12.3497],[-73.9457,-12.3524],[-73.9409,-12.3656],[-73.9341,-12.3679],[-73.9268,-12.3797],[-73.9053,-12.3933],[-73.8999,-12.403],[-73.8868,-12.4054],[-73.8808,-12.4208],[-73.8775,-12.4373],[-73.8686,-12.464],[-73.8582,-12.48],[-73.8547,-12.4875],[-73.8522,-12.5],[-73.855,-12.5128],[-73.8529,-12.523],[-73.8554,-12.5299],[-73.8458,-12.5391],[-73.8382,-12.5365],[-73.8344,-12.5311],[-73.8268,-12.5312],[-73.8224,-12.5373],[-73.8218,-12.546],[-73.8129,-12.557],[-73.8045,-12.5776],[-73.8031,-12.5864],[-73.8046,-12.5945],[-73.801,-12.599],[-73.8012,-12.613],[-73.796,-12.6189],[-73.7858,-12.6234],[-73.7718,-12.6406],[-73.7695,-12.6482],[-73.7483,-12.6577],[-73.7386,-12.6535],[-73.736,-12.6392],[-73.7254,-12.6407],[-73.7175,-12.6585],[-73.7081,-12.6687],[-73.6983,-12.6721],[-73.6984,-12.68],[-73.6923,-12.688],[-73.6825,-12.6878],[-73.6799,-12.6955],[-73.6633,-12.7136],[-73.656,-12.7258],[-73.6606,-12.7326],[-73.6586,-12.7361],[-73.6448,-12.7449],[-73.6343,-12.7583],[-73.6257,-12.765],[-73.6241,-12.7712],[-73.6273,-12.7801],[-73.6262,-12.7887],[-73.6176,-12.8008],[-73.6155,-12.808],[-73.6038,-12.8109],[-73.59,-12.8242],[-73.5887,-12.8331],[-73.5908,-12.8443],[-73.5791,-12.8607],[-73.5606,-12.8689],[-73.543,-12.8847],[-73.5237,-12.8995],[-73.5224,-12.9075],[-73.5326,-12.9175],[-73.5335,-12.9244],[-73.5298,-12.932],[-73.5223,-12.9389],[-73.501,-12.9305],[-73.4961,-12.9385],[-73.5009,-12.9466],[-73.5089,-12.9495],[-73.5107,-12.9554],[-73.5068,-12.9673],[-73.508,-12.9719],[-73.53,-12.9853],[-73.5217,-12.9907],[-73.5218,-13.0001],[-73.517,-13.0071],[-73.4997,-13.0102],[-73.4887,-12.9994],[-73.4773,-13.0006],[-73.4799,-13.0191],[-73.478,-13.0323],[-73.4809,-13.0389],[-73.4908,-13.0437],[-73.4926,-13.0483],[-73.4893,-13.0565],[-73.4891,-13.0678],[-73.4844,-13.0673],[-73.4819,-13.0587],[-73.476,-13.0574],[-73.4654,-13.0673],[-73.4656,-13.0741],[-73.4619,-13.08],[-73.4488,-13.0803],[-73.4559,-13.0913],[-73.4526,-13.0997],[-73.4445,-13.1021],[-73.4488,-13.1079],[-73.4499,-13.1166],[-73.4537,-13.1227],[-73.4391,-13.1283],[-73.4318,-13.1394],[-73.4273,-13.1318],[-73.4219,-13.1324],[-73.4147,-13.1451],[-73.4158,-13.1529],[-73.4075,-13.1629],[-73.4095,-13.1737],[-73.4027,-13.1807],[-73.4058,-13.1915],[-73.4144,-13.1946],[-73.4098,-13.2113],[-73.3986,-13.2108],[-73.3823,-13.2249],[-73.3805,-13.2318],[-73.3827,-13.2371],[-73.3712,-13.2455],[-73.3698,-13.2593],[-73.3643,-13.2694],[-73.3531,-13.2699],[-73.3462,-13.2784],[-73.3484,-13.2982],[-73.3407,-13.3119],[-73.3297,-13.3086],[-73.3196,-13.3226],[-73.3114,-13.3259],[-73.3124,-13.3366],[-73.3036,-13.3426],[-73.3026,-13.3519],[-73.2896,-13.355],[-73.2874,-13.3719],[-73.2779,-13.3724],[-73.2714,-13.3806],[-73.2599,-13.3845],[-73.2581,-13.3951],[-73.2526,-13.3927],[-73.2502,-13.4023],[-73.2361,-13.4111],[-73.2277,-13.4108],[-73.218,-13.4175],[-73.2119,-13.4191],[-73.2044,-13.4117],[-73.1863,-13.4191],[-73.1897,-13.4274],[-73.1841,-13.4319],[-73.1861,-13.4411],[-73.1762,-13.4512],[-73.1675,-13.4523],[-73.1627,-13.4478],[-73.1577,-13.4374],[-73.1481,-13.4335],[-73.1499,-13.4233],[-73.1441,-13.4191],[-73.138,-13.4279],[-73.1261,-13.44],[-73.1089,-13.4357],[-73.1034,-13.4486],[-73.0973,-13.4489],[-73.088,-13.4442],[-73.0749,-13.4431],[-73.0673,-13.4383],[-73.0588,-13.4366],[-73.053,-13.4263],[-73.0421,-13.4122],[-73.0316,-13.4135],[-73.028,-13.4198],[-73.0151,-13.4267],[-73.0047,-13.4204],[-72.9999,-13.4108],[-72.9952,-13.4103],[-72.9856,-13.3979],[-72.9715,-13.3902],[-72.9625,-13.3881],[-72.9519,-13.3896],[-72.9434,-13.3862],[-72.926,-13.3831],[-72.9092,-13.3893],[-72.9012,-13.3874],[-72.8941,-13.3901],[-72.8888,-13.3994],[-72.8899,-13.408],[-72.8863,-13.4159],[-72.8772,-13.4147],[-72.8658,-13.4159],[-72.8479,-13.4244],[-72.8383,-13.4271],[-72.8312,-13.4223],[-72.8163,-13.4265],[-72.8057,-13.4219],[-72.7971,-13.4225],[-72.7934,-13.4261],[-72.793,-13.4363],[-72.7954,-13.4482],[-72.792,-13.457],[-72.7806,-13.4565],[-72.7715,-13.449],[-72.7633,-13.4574],[-72.7576,-13.4603],[-72.7485,-13.4811],[-72.7344,-13.4835],[-72.7297,-13.4906],[-72.7163,-13.4904],[-72.7092,-13.5012],[-72.7021,-13.503],[-72.6957,-13.5104],[-72.6857,-13.5148],[-72.6802,-13.5148],[-72.6721,-13.5221],[-72.6684,-13.5173],[-72.6563,-13.514],[-72.6499,-13.5201],[-72.6511,-13.5248],[-72.6433,-13.5319],[-72.6369,-13.5421],[-72.6258,-13.5356],[-72.621,-13.5409],[-72.6016,-13.5451],[-72.5962,-13.5504],[-72.5929,-13.5581],[-72.5759,-13.5628],[-72.569,-13.5595],[-72.563,-13.5514],[-72.5441,-13.5576],[-72.5419,-13.5638],[-72.5334,-13.5724],[-72.525,-13.5666],[-72.5135,-13.574],[-72.5049,-13.5742],[-72.4918,-13.5826],[-72.4909,-13.5899],[-72.4864,-13.5919],[-72.477,-13.5883],[-72.4663,-13.5878],[-72.4513,-13.6],[-72.4362,-13.6054],[-72.4214,-13.6061],[-72.4183,-13.6147],[-72.4095,-13.6202],[-72.4,-13.6333],[-72.3985,-13.6483],[-72.4044,-13.6538],[-72.4017,-13.6595],[-72.3879,-13.6641],[-72.3789,-13.6615],[-72.3694,-13.6657],[-72.3579,-13.679],[-72.3499,-13.6837],[-72.3419,-13.6842],[-72.3342,-13.691],[-72.3148,-13.6985],[-72.3164,-13.7051],[-72.3123,-13.7085],[-72.2992,-13.7044],[-72.2973,-13.6965],[-72.2903,-13.6901],[-72.2828,-13.6909],[-72.2774,-13.6841],[-72.2662,-13.685],[-72.2579,-13.688],[-72.2448,-13.6982],[-72.2309,-13.7053],[-72.2286,-13.716],[-72.2319,-13.7217],[-72.223,-13.725],[-72.2064,-13.7281],[-72.1925,-13.7406],[-72.1899,-13.745],[-72.1771,-13.7441],[-72.1664,-13.7474],[-72.1624,-13.757],[-72.154,-13.7652],[-72.1538,-13.7713],[-72.1476,-13.7792],[-72.1353,-13.7831],[-72.1195,-13.818],[-72.1129,-13.8229],[-72.1085,-13.8318],[-72.1047,-13.8561],[-72.0933,-13.8751],[-72.0909,-13.8858],[-72.0811,-13.8895],[-72.0778,-13.9067],[-72.0697,-13.9155],[-72.062,-13.9209],[-72.0557,-13.9301],[-72.0549,-13.9379],[-72.0575,-13.948],[-72.056,-13.9524],[-72.0601,-13.9657],[-72.0568,-13.972],[-72.0582,-13.9871],[-72.0555,-13.9925],[-72.0517,-14.0127],[-72.0539,-14.023],[-72.0532,-14.0315],[-72.0626,-14.0447],[-72.0634,-14.0644],[-72.0679,-14.0765],[-72.0618,-14.0824],[-72.0644,-14.0913],[-72.0576,-14.1069],[-72.0644,-14.1159],[-72.0567,-14.1288],[-72.0699,-14.1499],[-72.0879,-14.1632],[-72.0894,-14.1699],[-72.0952,-14.1737],[-72.0892,-14.1912],[-72.0829,-14.1964],[-72.0815,-14.2023],[-72.0916,-14.2178],[-72.0956,-14.2201],[-72.0992,-14.2294],[-72.1078,-14.2357],[-72.1157,-14.2456],[-72.1259,-14.254],[-72.1363,-14.2598],[-72.1432,-14.2562],[-72.1516,-14.2583],[-72.1612,-14.2638],[-72.17,-14.2738],[-72.1703,-14.2912],[-72.1764,-14.2994],[-72.1866,-14.3048],[-72.1871,-14.3132],[-72.1992,-14.3153],[-72.2056,-14.3203],[-72.2075,-14.3318],[-72.2162,-14.3341],[-72.2245,-14.3491],[-72.2395,-14.3485],[-72.2404,-14.3615],[-72.2487,-14.3861],[-72.2474,-14.3955],[-72.2495,-14.4029],[-72.2698,-14.4045],[-72.2804,-14.4108],[-72.2957,-14.4119],[-72.289,-14.4225],[-72.2982,-14.4286],[-72.3057,-14.4288],[-72.3111,-14.4371],[-72.3172,-14.4407],[-72.3259,-14.4387],[-72.3388,-14.4283],[-72.3439,-14.4289],[-72.3576,-14.436],[-72.3574,-14.44],[-72.3639,-14.4495],[-72.3639,-14.4598],[-72.3686,-14.4638],[-72.3819,-14.4675],[-72.3931,-14.4818],[-72.3993,-14.4842],[-72.4086,-14.4837],[-72.4275,-14.479],[-72.4405,-14.4817],[-72.4427,-14.4946],[-72.4516,-14.5023],[-72.4598,-14.5045],[-72.4732,-14.5195],[-72.4815,-14.5245],[-72.4916,-14.5335],[-72.4942,-14.5456],[-72.5029,-14.5517],[-72.4938,-14.5661],[-72.4847,-14.5736],[-72.484,-14.582],[-72.4694,-14.5912],[-72.4674,-14.602],[-72.4617,-14.6059],[-72.4649,-14.6207],[-72.4638,-14.6425],[-72.4718,-14.6614],[-72.4631,-14.6681],[-72.4603,-14.6762],[-72.4685,-14.6931],[-72.4719,-14.7058],[-72.4861,-14.7125],[-72.4885,-14.7235],[-72.4826,-14.7304],[-72.487,-14.7406],[-72.481,-14.7489],[-72.4796,-14.7549],[-72.4729,-14.7574],[-72.4686,-14.764],[-72.4709,-14.7748],[-72.4692,-14.787],[-72.4619,-14.7829],[-72.4509,-14.7841],[-72.4447,-14.7908],[-72.4339,-14.7911],[-72.4304,-14.8],[-72.4231,-14.8027],[-72.4181,-14.8107],[-72.4186,-14.8202],[-72.4065,-14.8271],[-72.3957,-14.825],[-72.3855,-14.827],[-72.3501,-14.8278],[-72.3363,-14.8294],[-72.3295,-14.8322],[-72.3154,-14.8339],[-72.2919,-14.8184],[-72.2794,-14.8161],[-72.2646,-14.8111],[-72.2523,-14.8037],[-72.2447,-14.8118],[-72.2391,-14.8122],[-72.2238,-14.8051],[-72.2203,-14.7999],[-72.2136,-14.8033],[-72.2028,-14.7979],[-72.2024,-14.7884],[-72.1906,-14.7788],[-72.1809,-14.777],[-72.1653,-14.7805],[-72.1597,-14.7863],[-72.154,-14.7771],[-72.1447,-14.7777],[-72.1348,-14.7835],[-72.1317,-14.7894],[-72.1347,-14.795],[-72.1381,-14.8133],[-72.1329,-14.8168],[-72.1325,-14.8254],[-72.1287,-14.8306],[-72.1192,-14.8347],[-72.1155,-14.8421],[-72.0975,-14.8512],[-72.0902,-14.8568],[-72.0855,-14.8691],[-72.0796,-14.8739],[-72.0769,-14.8835],[-72.0631,-14.8879],[-72.0552,-14.8836],[-72.0464,-14.8871],[-72.0431,-14.8809],[-72.0471,-14.8751],[-72.0423,-14.8627],[-72.0433,-14.8517],[-72.0393,-14.8449],[-72.0404,-14.8397],[-72.0325,-14.8325],[-72.0253,-14.8296],[-72.0256,-14.8222],[-72.0343,-14.812],[-72.0405,-14.8098],[-72.0345,-14.8009],[-72.0354,-14.7899],[-72.0389,-14.7881],[-72.041,-14.7788],[-72.037,-14.7673],[-72.0398,-14.757],[-72.0432,-14.7541],[-72.0478,-14.7388],[-72.042,-14.7201],[-72.045,-14.7165],[-72.0419,-14.6944],[-72.0362,-14.6818],[-72.0253,-14.6741],[-72.0245,-14.6677],[-72.0158,-14.6584],[-72.0147,-14.6484],[-72.008,-14.6407],[-72.0015,-14.6417],[-71.9879,-14.6329],[-71.9762,-14.6459],[-71.9762,-14.6541],[-71.9693,-14.6618],[-71.9636,-14.6638],[-71.9584,-14.6711],[-71.9512,-14.6725],[-71.9499,-14.6779],[-71.9412,-14.6853],[-71.9307,-14.6881],[-71.9361,-14.6939],[-71.9503,-14.7035],[-71.946,-14.7108],[-71.9494,-14.7177],[-71.9586,-14.728],[-71.959,-14.7326],[-71.9487,-14.7442],[-71.9432,-14.7453],[-71.9306,-14.7611],[-71.929,-14.785],[-71.924,-14.7898],[-71.9144,-14.7921],[-71.9033,-14.792],[-71.9005,-14.7881],[-71.89,-14.7909],[-71.8767,-14.8004],[-71.874,-14.8064],[-71.8726,-14.824],[-71.8686,-14.8282],[-71.8691,-14.836],[-71.8643,-14.8455],[-71.8573,-14.8514],[-71.8547,-14.8577],[-71.8634,-14.8734],[-71.8612,-14.8814],[-71.8521,-14.8881],[-71.8289,-14.888],[-71.8263,-14.892],[-71.8305,-14.8986],[-71.8276,-14.9061],[-71.8167,-14.9073],[-71.7976,-14.896],[-71.7904,-14.8992],[-71.7895,-14.9071],[-71.7852,-14.9126],[-71.7754,-14.9191],[-71.7662,-14.928],[-71.7536,-14.9334],[-71.746,-14.9399],[-71.7477,-14.9483],[-71.7557,-14.9554],[-71.7604,-14.9668],[-71.7687,-14.9784],[-71.7702,-14.9845],[-71.7635,-14.9948],[-71.7637,-15.0038],[-71.7675,-15.0105],[-71.7923,-15.017],[-71.7968,-15.0202],[-71.8114,-15.0236],[-71.8229,-15.035],[-71.8325,-15.0381],[-71.8387,-15.0426],[-71.8493,-15.0451],[-71.8484,-15.0519],[-71.8402,-15.0654],[-71.8376,-15.0748],[-71.8327,-15.0771],[-71.8155,-15.0782],[-71.8121,-15.0728],[-71.803,-15.0674],[-71.7863,-15.0696],[-71.7759,-15.0808],[-71.7655,-15.0787],[-71.7564,-15.0847],[-71.7411,-15.0799],[-71.7213,-15.0839],[-71.7156,-15.0882],[-71.7019,-15.0883],[-71.6911,-15.0912],[-71.6792,-15.0885],[-71.668,-15.0919],[-71.6636,-15.1009],[-71.6637,-15.1086],[-71.649,-15.1207],[-71.6436,-15.1307],[-71.636,-15.1391],[-71.6176,-15.1461],[-71.6029,-15.1392],[-71.6015,-15.1326],[-71.593,-15.1308],[-71.5876,-15.1256],[-71.5865,-15.1104],[-71.5838,-15.096],[-71.5778,-15.0879],[-71.576,-15.0775],[-71.5706,-15.0612],[-71.556,-15.0669],[-71.5465,-15.0685],[-71.5396,-15.0743],[-71.519,-15.0764],[-71.5117,-15.0794],[-71.4998,-15.0674],[-71.4909,-15.0645],[-71.4859,-15.0591],[-71.4822,-15.0477],[-71.4846,-15.0393],[-71.5037,-15.0273],[-71.5037,-15.021],[-71.5102,-15.0046],[-71.5077,-14.9979],[-71.507,-14.9763],[-71.484,-14.9814],[-71.465,-14.9841],[-71.4576,-14.9795],[-71.4483,-14.9794],[-71.4458,-14.992],[-71.4414,-14.9967],[-71.4308,-14.9981],[-71.4267,-15.0021],[-71.4304,-15.008],[-71.4221,-15.012],[-71.4193,-15.0189],[-71.4186,-15.0302],[-71.3969,-15.0452],[-71.3875,-15.0613],[-71.3797,-15.0645],[-71.3727,-15.0791],[-71.3618,-15.0791],[-71.3542,-15.0923],[-71.3452,-15.0926],[-71.3315,-15.0986],[-71.328,-15.1043],[-71.3249,-15.1169],[-71.3156,-15.1202],[-71.3101,-15.1188],[-71.3069,-15.1123],[-71.2976,-15.1086],[-71.2873,-15.0972],[-71.2683,-15.0813],[-71.2602,-15.0769],[-71.2669,-15.0659],[-71.2572,-15.0625],[-71.2537,-15.0576],[-71.2419,-15.0578],[-71.2403,-15.0616],[-71.2238,-15.0674],[-71.2166,-15.05],[-71.2077,-15.0505],[-71.2096,-15.059],[-71.2065,-15.0622],[-71.2068,-15.0719],[-71.1954,-15.0902],[-71.1826,-15.0889],[-71.18,-15.0923],[-71.1675,-15.0958],[-71.1633,-15.0997],[-71.1617,-15.1093],[-71.1557,-15.1145],[-71.1436,-15.1206],[-71.1438,-15.129],[-71.149,-15.1377],[-71.156,-15.1417],[-71.1581,-15.1473],[-71.1684,-15.149],[-71.1727,-15.1591],[-71.1804,-15.1626],[-71.1793,-15.171],[-71.1744,-15.1764],[-71.1694,-15.1888],[-71.1605,-15.1983],[-71.1603,-15.2078],[-71.172,-15.2166],[-71.1783,-15.2287],[-71.1832,-15.2335],[-71.1918,-15.2332],[-71.2018,-15.2454],[-71.1969,-15.2526],[-71.2007,-15.2619],[-71.1902,-15.2744],[-71.1805,-15.2752],[-71.1654,-15.2889],[-71.1629,-15.3089],[-71.1662,-15.3209],[-71.1627,-15.3325],[-71.1557,-15.337],[-71.1512,-15.3639],[-71.1658,-15.374],[-71.1716,-15.3885],[-71.169,-15.3981],[-71.1741,-15.4114],[-71.1743,-15.4245],[-71.1628,-15.434],[-71.1533,-15.4398],[-71.1471,-15.4407],[-71.1387,-15.4379],[-71.1294,-15.4282],[-71.1193,-15.4276],[-71.1116,-15.4368],[-71.1085,-15.4481],[-71.1018,-15.4548],[-71.0883,-15.4583],[-71.082,-15.4571],[-71.0717,-15.4493],[-71.0755,-15.4383],[-71.0621,-15.434],[-71.0441,-15.4181],[-71.039,-15.4052]]]},"properties":{"shapeName":"Cusco","shapeISO":"PE-CUS","shapeID":"20122684B29462970745095","shapeGroup":"PER","shapeType":"ADM1"}},
{"type":"Feature","geometry":{"type":"Polygon","coordinates":[[[-72.4718,-14.6614],[-72.4638,-14.6425],[-72.4649,-14.6207],[-72.4617,-14.6059],[-72.4674,-14.602],[-72.4694,-14.5912],[-72.484,-14.582],[-72.4847,-14.5736],[-72.4938,-14.5661],[-72.5029,-14.5517],[-72.4942,-14.5456],[-72.4916,-14.5335],[-72.4815,-14.5245],[-72.4732,-14.5195],[-72.4598,-14.5045],[-72.4516,-14.5023],[-72.4427,-14.4946],[-72.4405,-14.4817],[-72.4275,-14.479],[-72.4086,-14.4837],[-72.3993,-14.4842],[-72.3931,-14.4818],[-72.3819,-14.4675],[-72.3686,-14.4638],[-72.3639,-14.4598],[-72.3639,-14.4495],[-72.3574,-14.44],[-72.3576,-14.436],[-72.3439,-14.4289],[-72.3388,-14.4283],[-72.3259,-14.4387],[-72.3172,-14.4407],[-72.3111,-14.4371],[-72.3057,-14.4288],[-72.2982,-14.4286],[-72.289,-14.4225],[-72.2957,-14.4119],[-72.2804,-14.4108],[-72.2698,-14.4045],[-72.2495,-14.4029],[-72.2474,-14.3955],[-72.2487,-14.3861],[-72.2404,-14.3615],[-72.2395,-14.3485],[-72.2245,-14.3491],[-72.2162,-14.3341],[-72.2075,-14.3318],[-72.2056,-14.3203],[-72.1992,-14.3153],[-72.1871,-14.3132],[-72.1866,-14.3048],[-72.1764,-14.2994],[-72.1703,-14.2912],[-72.17,-14.2738],[-72.1612,-14.2638],[-72.1516,-14.2583],[-72.1432,-14.2562],[-72.1363,-14.2598],[-72.1259,-14.254],[-72.1157,-14.2456],[-72.1078,-14.2357],[-72.0992,-14.2294],[-72.0956,-14.2201],[-72.0916,-14.2178],[-72.0815,-14.2023],[-72.0829,-14.1964],[-72.0892,-14.1912],[-72.0952,-14.1737],[-72.0894,-14.1699],[-72.0879,-14.1632],[-72.0699,-14.1499],[-72.0567,-14.1288],[-72.0644,-14.1159],[-72.0576,-14.1069],[-72.0644,-14.0913],[-72.0618,-14.0824],[-72.0679,-14.0765],[-72.0634,-14.0644],[-72.0626,-14.0447],[-72.0532,-14.0315],[-72.0539,-14.023],[-72.0517,-14.0127],[-72.0555,-13.9925],[-72.0582,-13.9871],[-72.0568,-13.972],[-72.0601,-13.9657],[-72.056,-13.9524],[-72.0575,-13.948],[-72.0549,-13.9379],[-72.0557,-13.9301],[-72.062,-13.9209],[-72.0697,-13.9155],[-72.0778,-13.9067],[-72.0811,-13.8895],[-72.0909,-13.8858],[-72.0933,-13.8751],[-72.1047,-13.8561],[-72.1085,-13.8318],[-72.1129,-13.8229],[-72.1195,-13.818],[-72.1353,-13.7831],[-72.1476,-13.7792],[-72.1538,-13.7713],[-72.154,-13.7652],[-72.1624,-13.757],[-72.1664,-13.7474],[-72.1771,-13.7441],[-72.1899,-13.745],[-72.1925,-13.7406],[-72.2064,-13.7281],[-72.223,-13.725],[-72.2319,-13.7217],[-72.2286,-13.716],[-72.2309,-13.7053],[-72.2448,-13.6982],[-72.2579,-13.688],[-72.2662,-13.685],[-72.2774,-13.6841],[-72.2828,-13.6909],[-72.2903,-13.6901],[-72.2973,-13.6965],[-72.2992,-13.7044],[-72.3123,-13.7085],[-72.3164,-13.7051],[-72.3148,-13.6985],[-72.3342,-13.691],[-72.3419,-13.6842],[-72.3499,-13.6837],[-72.3579,-13.679],[-72.3694,-13.6657],[-72.3789,-13.6615],[-72.3879,-13.6641],[-72.4017,-13.6595],[-72.4044,-13.6538],[-72.3985,-13.6483],[-72.4,-13.6333],[-72.4095,-13.6202],[-72.4183,-13.6147],[-72.4214,-13.6061],[-72.4362,-13.6054],[-72.4513,-13.6],[-72.4663,-13.5878],[-72.477,-13.5883],[-72.4864,-13.5919],[-72.4909,-13.5899],[-72.4918,-13.5826],[-72.5049,-13.5742],[-72.5135,-13.574],[-72.525,-13.5666],[-72.5334,-13.5724],[-72.5419,-13.5638],[-72.5441,-13.5576],[-72.563,-13.5514],[-72.569,-13.5595],[-72.5759,-13.5628],[-72.5929,-13.5581],[-72.5962,-13.5504],[-72.6016,-13.5451],[-72.621,-13.5409],[-72.6258,-13.5356],[-72.6369,-13.5421],[-72.6433,-13.5319],[-72.6511,-13.5248],[-72.6499,-13.5201],[-72.6563,-13.514],[-72.6684,-13.5173],[-72.6721,-13.5221],[-72.6802,-13.5148],[-72.6857,-13.5148],[-72.6957,-13.5104],[-72.7021,-13.503],[-72.7092,-13.5012],[-72.7163,-13.4904],[-72.7297,-13.4906],[-72.7344,-13.4835],[-72.7485,-13.4811],[-72.7576,-13.4603],[-72.7633,-13.4574],[-72.7715,-13.449],[-72.7806,-13.4565],[-72.792,-13.457],[-72.7954,-13.4482],[-72.793,-13.4363],[-72.7934,-13.4261],[-72.7971,-13.4225],[-72.8057,-13.4219],[-72.8163,-13.4265],[-72.8312,-13.4223],[-72.8383,-13.4271],[-72.8479,-13.4244],[-72.8658,-13.4159],[-72.8772,-13.4147],[-72.8863,-13.4159],[-72.8899,-13.408],[-72.8888,-13.3994],[-72.8941,-13.3901],[-72.9012,-13.3874],[-72.9092,-13.3893],[-72.926,-13.3831],[-72.9434,-13.3862],[-72.9519,-13.3896],[-72.9625,-13.3881],[-72.9715,-13.3902],[-72.9856,-13.3979],[-72.9952,-13.4103],[-72.9999,-13.4108],[-73.0047,-13.4204],[-73.0151,-13.4267],[-73.028,-13.4198],[-73.0316,-13.4135],[-73.0421,-13.4122],[-73.053,-13.4263],[-73.0588,-13.4366],[-73.0673,-13.4383],[-73.0749,-13.4431],[-73.088,-13.4442],[-73.0973,-13.4489],[-73.1034,-13.4486],[-73.1089,-13.4357],[-73.1261,-13.44],[-73.138,-13.4279],[-73.1441,-13.4191],[-73.1499,-13.4233],[-73.1481,-13.4335],[-73.1577,-13.4374],[-73.1627,-13.4478],[-73.1675,-13.4523],[-73.1762,-13.4512],[-73.1861,-13.4411],[-73.1841,-13.4319],[-73.1897,-13.4274],[-73.1863,-13.4191],[-73.2044,-13.4117],[-73.2119,-13.4191],[-73.2093,-13.4301],[-73.2232,-13.4498],[-73.2201,-13.4631],[-73.2236,-13.4691],[-73.2339,-13.4766],[-73.24,-13.4754],[-73.245,-13.4656],[-73.261,-13.4677],[-73.2822,-13.4549],[-73.2909,-13.4562],[-73.3132,-13.4472],[-73.3171,-13.4538],[-73.3252,-13.4573],[-73.3318,-13.4564],[-73.333,-13.4444],[-73.3412,-13.4413],[-73.3472,-13.4348],[-73.366,-13.4368],[-73.368,-13.4414],[-73.3866,-13.4399],[-73.4033,-13.4448],[-73.4096,-13.4367],[-73.4289,-13.4379],[-73.4361,-13.43],[-73.4519,-13.4299],[-73.4615,-13.434],[-73.4694,-13.4292],[-73.4741,-13.4329],[-73.4809,-13.4314],[-73.4867,-13.4226],[-73.4883,-13.4119],[-73.4985,-13.3929],[-73.5067,-13.3845],[-73.5111,-13.383],[-73.5207,-13.3877],[-73.5272,-13.3837],[-73.5303,-13.3735],[-73.5398,-13.3705],[-73.5443,-13.3639],[-73.5585,-13.3662],[-73.5702,-13.3633],[-73.5742,-13.3511],[-73.5718,-13.3418],[-73.5814,-13.337],[-73.5867,-13.3393],[-73.5989,-13.328],[-73.6085,-13.3308],[-73.6113,-13.3233],[-73.6247,-13.3214],[-73.6277,-13.3137],[-73.6357,-13.3107],[-73.6419,-13.2995],[-73.66,-13.2904],[-73.6645,-13.2815],[-73.6735,-13.2848],[-73.6964,-13.2716],[-73.7002,-13.2651],[-73.7066,-13.2693],[-73.7262,-13.2687],[-73.7267,-13.2617],[-73.7363,-13.2549],[-73.7309,-13.2426],[-73.735,-13.2225],[-73.7401,-13.2115],[-73.7283,-13.198],[-73.7304,-13.1837],[-73.7376,-13.1772],[-73.7564,-13.1707],[-73.773,-13.1762],[-73.7739,-13.1852],[-73.797,-13.1999],[-73.8,-13.2145],[-73.8074,-13.2139],[-73.81,-13.2338],[-73.8128,-13.2422],[-73.8232,-13.2473],[-73.823,-13.2575],[-73.8263,-13.2689],[-73.8206,-13.2776],[-73.8228,-13.2851],[-73.8135,-13.2989],[-73.808,-13.3038],[-73.8068,-13.3148],[-73.8129,-13.3144],[-73.8207,-13.3181],[-73.8232,-13.3245],[-73.832,-13.3307],[-73.828,-13.3365],[-73.8287,-13.3445],[-73.8348,-13.3612],[-73.838,-13.3737],[-73.8389,-13.3868],[-73.847,-13.3974],[-73.8465,-13.4025],[-73.8384,-13.4128],[-73.8393,-13.4195],[-73.8274,-13.4337],[-73.829,-13.4452],[-73.8386,-13.4542],[-73.8341,-13.4614],[-73.835,-13.4695],[-73.8231,-13.4843],[-73.82,-13.5029],[-73.8142,-13.5092],[-73.8149,-13.5146],[-73.811,-13.5213],[-73.8098,-13.5385],[-73.8057,-13.5474],[-73.8041,-13.559],[-73.8071,-13.5624],[-73.8049,-13.5764],[-73.7987,-13.5925],[-73.7958,-13.6043],[-73.8058,-13.6127],[-73.799,-13.6228],[-73.7962,-13.6343],[-73.7919,-13.641],[-73.7827,-13.6408],[-73.7794,-13.6445],[-73.7611,-13.6483],[-73.7507,-13.6563],[-73.7436,-13.6556],[-73.7324,-13.6677],[-73.7278,-13.6691],[-73.7301,-13.6768],[-73.7271,-13.6843],[-73.7218,-13.6814],[-73.7135,-13.6912],[-73.7156,-13.7],[-73.712,-13.7074],[-73.7019,-13.7053],[-73.6898,-13.7192],[-73.6794,-13.7245],[-73.6695,-13.7348],[-73.6827,-13.74],[-73.6874,-13.7472],[-73.7092,-13.7519],[-73.7164,-13.7504],[-73.7285,-13.7573],[-73.7344,-13.7541],[-73.7479,-13.7634],[-73.7433,-13.7698],[-73.7413,-13.7786],[-73.7433,-13.7873],[-73.7335,-13.8014],[-73.7287,-13.8161],[-73.7146,-13.8346],[-73.6978,-13.8474],[-73.6933,-13.8635],[-73.6928,-13.8765],[-73.6949,-13.8831],[-73.6891,-13.8908],[-73.6855,-13.9051],[-73.6792,-13.9163],[-73.663,-13.9237],[-73.6565,-13.93],[-73.6535,-13.9435],[-73.65,-13.9453],[-73.6422,-13.9624],[-73.6428,-13.9785],[-73.6311,-13.9871],[-73.6259,-13.9949],[-73.6272,-14.0006],[-73.6234,-14.0087],[-73.6183,-14.0261],[-73.6219,-14.0294],[-73.6201,-14.0409],[-73.6258,-14.049],[-73.6198,-14.0565],[-73.6111,-14.0887],[-73.6037,-14.0934],[-73.5918,-14.1096],[-73.5866,-14.1103],[-73.5827,-14.1199],[-73.5819,-14.1306],[-73.5773,-14.1472],[-73.5693,-14.1551],[-73.5649,-14.1677],[-73.5577,-14.1762],[-73.5531,-14.1921],[-73.5452,-14.197],[-73.5441,-14.2087],[-73.5286,-14.2211],[-73.5234,-14.2283],[-73.5188,-14.2469],[-73.5211,-14.2501],[-73.5181,-14.2632],[-73.5122,-14.2682],[-73.5172,-14.3094],[-73.528,-14.3226],[-73.5338,-14.3543],[-73.5422,-14.3655],[-73.547,-14.3665],[-73.5483,-14.3735],[-73.5535,-14.3775],[-73.5552,-14.3889],[-73.5539,-14.4012],[-73.5596,-14.4099],[-73.573,-14.4159],[-73.5818,-14.4164],[-73.5796,-14.4253],[-73.5739,-14.432],[-73.5747,-14.4433],[-73.569,-14.4593],[-73.5514,-14.465],[-73.5546,-14.4807],[-73.5458,-14.4827],[-73.5351,-14.4915],[-73.5367,-14.4982],[-73.5332,-14.5063],[-73.5239,-14.5116],[-73.5208,-14.5335],[-73.5117,-14.5385],[-73.507,-14.5443],[-73.5105,-14.5488],[-73.5117,-14.5637],[-73.5191,-14.5707],[-73.5256,-14.5722],[-73.5334,-14.581],[-73.5299,-14.5949],[-73.521,-14.6194],[-73.5134,-14.6331],[-73.5101,-14.6501],[-73.5197,-14.6699],[-73.5297,-14.6743],[-73.5405,-14.6734],[-73.5532,-14.6804],[-73.5621,-14.6801],[-73.5711,-14.6873],[-73.5716,-14.6952],[-73.5751,-14.6996],[-73.5712,-14.7072],[-73.5767,-14.7117],[-73.5761,-14.7176],[-73.5703,-14.7197],[-73.5677,-14.7335],[-73.5626,-14.7436],[-73.5624,-14.7542],[-73.5653,-14.7758],[-73.5588,-14.7828],[-73.5496,-14.8014],[-73.543,-14.802],[-73.5342,-14.7988],[-73.5282,-14.8017],[-73.5159,-14.817],[-73.5145,-14.8255],[-73.5095,-14.825],[-73.4994,-14.8288],[-73.485,-14.8426],[-73.4631,-14.8373],[-73.4578,-14.8233],[-73.4547,-14.821],[-73.4541,-14.8058],[-73.4413,-14.7933],[-73.4371,-14.7842],[-73.4248,-14.7778],[-73.4182,-14.7721],[-73.4091,-14.7712],[-73.4045,-14.7655],[-73.3985,-14.7361],[-73.3904,-14.7161],[-73.3809,-14.7041],[-73.3709,-14.6966],[-73.3701,-14.6882],[-73.3644,-14.6816],[-73.3583,-14.6834],[-73.3522,-14.6946],[-73.3508,-14.704],[-73.3419,-14.7078],[-73.3283,-14.7174],[-73.3142,-14.7159],[-73.2968,-14.7238],[-73.2897,-14.7327],[-73.28,-14.7316],[-73.2654,-14.7155],[-73.2636,-14.7098],[-73.2561,-14.709],[-73.2451,-14.7124],[-73.2276,-14.7097],[-73.2183,-14.7016],[-73.2111,-14.7058],[-73.2023,-14.7045],[-73.1904,-14.7058],[-73.1851,-14.699],[-73.1781,-14.6854],[-73.1616,-14.6817],[-73.1532,-14.6743],[-73.1473,-14.6778],[-73.1225,-14.6839],[-73.1211,-14.6916],[-73.1134,-14.6935],[-73.1065,-14.6907],[-73.1046,-14.683],[-73.1101,-14.6699],[-73.1044,-14.6679],[-73.1023,-14.6588],[-73.0965,-14.6504],[-73.0784,-14.6561],[-73.0649,-14.6656],[-73.0576,-14.6611],[-73.0462,-14.6587],[-73.0402,-14.6515],[-73.0418,-14.6456],[-73.0433,-14.6237],[-73.0306,-14.6276],[-73.0223,-14.6272],[-73.0147,-14.6309],[-73.0094,-14.6374],[-73.0067,-14.6509],[-72.9985,-14.6625],[-72.985,-14.6603],[-72.9824,-14.6542],[-72.9738,-14.6526],[-72.9711,-14.6597],[-72.9626,-14.6692],[-72.9553,-14.6827],[-72.9337,-14.6955],[-72.927,-14.6884],[-72.9188,-14.6852],[-72.9118,-14.6968],[-72.8906,-14.7007],[-72.8854,-14.706],[-72.8767,-14.7085],[-72.8694,-14.7074],[-72.8656,-14.7107],[-72.8643,-14.7267],[-72.857,-14.7281],[-72.8558,-14.7387],[-72.8517,-14.7443],[-72.8519,-14.7522],[-72.8468,-14.7598],[-72.8426,-14.7577],[-72.8397,-14.745],[-72.8334,-14.7363],[-72.8327,-14.7203],[-72.8269,-14.712],[-72.8286,-14.7026],[-72.8179,-14.6874],[-72.8059,-14.6756],[-72.8032,-14.6671],[-72.7897,-14.6502],[-72.7795,-14.6607],[-72.7704,-14.6647],[-72.7616,-14.6629],[-72.7438,-14.6497],[-72.7416,-14.6449],[-72.7294,-14.6466],[-72.723,-14.6573],[-72.7261,-14.6662],[-72.7247,-14.6759],[-72.7152,-14.6801],[-72.6976,-14.6791],[-72.6906,-14.6887],[-72.679,-14.6788],[-72.6571,-14.674],[-72.6518,-14.669],[-72.6448,-14.6673],[-72.6347,-14.6687],[-72.6253,-14.6755],[-72.611,-14.6761],[-72.6052,-14.682],[-72.6051,-14.687],[-72.5994,-14.6917],[-72.6022,-14.7028],[-72.5919,-14.7136],[-72.5851,-14.7079],[-72.5846,-14.6962],[-72.5772,-14.6866],[-72.5608,-14.6784],[-72.5434,-14.6746],[-72.5254,-14.6671],[-72.5112,-14.6714],[-72.5057,-14.6647],[-72.4828,-14.6649],[-72.4771,-14.6582],[-72.4718,-14.6614]]]},"properties":{"shapeName":"Apurímac","shapeISO":"PE-APU","shapeID":"20122684B65564266467924","shapeGroup":"PER","shapeType":"ADM1"}},
{"type":"Feature","geometry":{"type":"Polygon","coordinates":[[[-72.8468,-14.7598],[-72.8519,-14.7522],[-72.8517,-14.7443],[-72.8558,-14.7387],[-72.857,-14.7281],[-72.8643,-14.7267],[-72.8656,-14.7107],[-72.8694,-14.7074],[-72.8767,-14.7085],[-72.8854,-14.706],[-72.8906,-14.7007],[-72.9118,-14.6968],[-72.9188,-14.6852],[-72.927,-14.6884],[-72.9337,-14.6955],[-72.9553,-14.6827],[-72.9626,-14.6692],[-72.9711,-14.6597],[-72.9738,-14.6526],[-72.9824,-14.6542],[-72.985,-14.6603],[-72.9985,-14.6625],[-73.0067,-14.6509],[-73.0094,-14.6374],[-73.0147,-14.6309],[-73.0223,-14.6272],[-73.0306,-14.6276],[-73.0433,-14.6237],[-73.0418,-14.6456],[-73.0402,-14.6515],[-73.0462,-14.6587],[-73.0576,-14.6611],[-73.0649,-14.6656],[-73.0784,-14.6561],[-73.0965,-14.6504],[-73.1023,-14.6588],[-73.1044,-14.6679],[-73.1101,-14.6699],[-73.1046,-14.683],[-73.1065,-14.6907],[-73.1134,-14.6935],[-73.1211,-14.6916],[-73.1225,-14.6839],[-73.1473,-14.6778],[-73.1532,-14.6743],[-73.1616,-14.6817],[-73.1781,-14.6854],[-73.1851,-14.699],[-73.1904,-14.7058],[-73.2023,-14.7045],[-73.2111,-14.7058],[-73.2183,-14.7016],[-73.2276,-14.7097],[-73.2451,-14.7124],[-73.2561,-14.709],[-73.2636,-14.7098],[-73.2654,-14.7155],[-73.28,-14.7316],[-73.2897,-14.7327],[-73.2968,-14.7238],[-73.3142,-14.7159],[-73.3283,-14.7174],[-73.3419,-14.7078],[-73.3508,-14.704],[-73.3522,-14.6946],[-73.3583,-14.6834],[-73.3644,-14.6816],[-73.3701,-14.6882],[-73.3709,-14.6966],[-73.3809,-14.7041],[-73.3904,-14.7161],[-73.3985,-14.7361],[-73.4045,-14.7655],[-73.4091,-14.7712],[-73.4182,-14.7721],[-73.4248,-14.7778],[-73.4371,-14.7842],[-73.4413,-14.7933],[-73.4541,-14.8058],[-73.4547,-14.821],[-73.4578,-14.8233],[-73.4631,-14.8373],[-73.485,-14.8426],[-73.4994,-14.8288],[-73.5095,-14.825],[-73.5145,-14.8255],[-73.5159,-14.817],[-73.5282,-14.8017],[-73.5342,-14.7988],[-73.543,-14.802],[-73.5496,-14.8014],[-73.5588,-14.7828],[-73.5653,-14.7758],[-73.5624,-14.7542],[-73.5626,-14.7436],[-73.5677,-14.7335],[-73.5703,-14.7197],[-73.5761,-14.7176],[-73.5767,-14.7117],[-73.5712,-14.7072],[-73.5751,-14.6996],[-73.5716,-14.6952],[-73.5711,-14.6873],[-73.5621,-14.6801],[-73.5532,-14.6804],[-73.5405,-14.6734],[-73.5297,-14.6743],[-73.5197,-14.6699],[-73.5101,-14.6501],[-73.5134,-14.6331],[-73.521,-14.6194],[-73.5299,-14.5949],[-73.5334,-14.581],[-73.5256,-14.5722],[-73.5191,-14.5707],[-73.5117,-14.5637],[-73.5105,-14.5488],[-73.507,-14.5443],[-73.5117,-14.5385],[-73.5208,-14.5335],[-73.5239,-14.5116],[-73.5332,-14.5063],[-73.5367,-14.4982],[-73.5351,-14.4915],[-73.5458,-14.4827],[-73.5546,-14.4807],[-73.5514,-14.465],[-73.569,-14.4593],[-73.5747,-14.4433],[-73.5739,-14.432],[-73.5796,-14.4253],[-73.5818,-14.4164],[-73.573,-14.4159],[-73.5596,-14.4099],[-73.5539,-14.4012],[-73.5552,-14.3889],[-73.5535,-14.3775],[-73.5483,-14.3735],[-73.547,-14.3665],[-73.5422,-14.3655],[-73.5338,-14.3543],[-73.528,-14.3226],[-73.5172,-14.3094],[-73.5122,-14.2682],[-73.5181,-14.2632],[-73.5211,-14.2501],[-73.5188,-14.2469],[-73.5234,-14.2283],[-73.5286,-14.2211],[-73.5441,-14.2087],[-73.5452,-14.197],[-73.5531,-14.1921],[-73.5577,-14.1762],[-73.5649,-14.1677],[-73.5693,-14.1551],[-73.5773,-14.1472],[-73.5819,-14.1306],[-73.5827,-14.1199],[-73.5866,-14.1103],[-73.5918,-14.1096],[-73.6037,-14.0934],[-73.6111,-14.0887],[-73.6198,-14.0565],[-73.6258,-14.049],[-73.6201,-14.0409],[-73.6219,-14.0294],[-73.6183,-14.0261],[-73.6234,-14.0087],[-73.6272,-14.0006],[-73.6259,-13.9949],[-73.6311,-13.9871],[-73.6428,-13.9785],[-73.6422,-13.9624],[-73.65,-13.9453],[-73.6535,-13.9435],[-73.6565,-13.93],[-73.663,-13.9237],[-73.6792,-13.9163],[-73.6855,-13.9051],[-73.6891,-13.8908],[-73.6949,-13.8831],[-73.6928,-13.8765],[-73.6933,-13.8635],[-73.6978,-13.8474],[-73.7146,-13.8346],[-73.7287,-13.8161],[-73.7335,-13.8014],[-73.7433,-13.7873],[-73.7413,-13.7786],[-73.7433,-13.7698],[-73.7479,-13.7634],[-73.7344,-13.7541],[-73.7285,-13.7573],[-73.7164,-13.7504],[-73.7092,-13.7519],[-73.6874,-13.7472],[-73.6827,-13.74],[-73.6695,-13.7348],[-73.6794,-13.7245],[-73.6898,-13.7192],[-73.7019,-13.7053],[-73.712,-13.7074],[-73.7156,-13.7],[-73.7135,-13.6912],[-73.7218,-13.6814],[-73.7271,-13.6843],[-73.7301,-13.6768],[-73.7278,-13.6691],[-73.7324,-13.6677],[-73.7436,-13.6556],[-73.7507,-13.6563],[-73.7611,-13.6483],[-73.7794,-13.6445],[-73.7827,-13.6408],[-73.7919,-13.641],[-73.7962,-13.6343],[-73.799,-13.6228],[-73.8058,-13.6127],[-73.7958,-13.6043],[-73.7987,-13.5925],[-73.8049,-13.5764],[-73.8071,-13.5624],[-73.8041,-13.559],[-73.8057,-13.5474],[-73.8098,-13.5385],[-73.811,-13.5213],[-73.8149,-13.5146],[-73.8142,-13.5092],[-73.82,-13.5029],[-73.8231,-13.4843],[-73.835,-13.4695],[-73.8341,-13.4614],[-73.8386,-13.4542],[-73.829,-13.4452],[-73.8274,-13.4337],[-73.8393,-13.4195],[-73.8384,-13.4128],[-73.8465,-13.4025],[-73.847,-13.3974],[-73.8389,-13.3868],[-73.838,-13.3737],[-73.8348,-13.3612],[-73.8287,-13.3445],[-73.828,-13.3365],[-73.832,-13.3307],[-73.8232,-13.3245],[-73.8207,-13.3181],[-73.8129,-13.3144],[-73.8068,-13.3148],[-73.808,-13.3038],[-73.8135,-13.2989],[-73.8228,-13.2851],[-73.8206,-13.2776],[-73.8263,-13.2689],[-73.823,-13.2575],[-73.8232,-13.2473],[-73.8128,-13.2422],[-73.81,-13.2338],[-73.8074,-13.2139],[-73.8,-13.2145],[-73.797,-13.1999],[-73.7739,-13.1852],[-73.773,-13.1762],[-73.7564,-13.1707],[-73.7376,-13.1772],[-73.7304,-13.1837],[-73.7283,-13.198],[-73.7401,-13.2115],[-73.735,-13.2225],[-73.7309,-13.2426],[-73.7363,-13.2549],[-73.7267,-13.2617],[-73.7262,-13.2687],[-73.7066,-13.2693],[-73.7002,-13.2651],[-73.6964,-13.2716],[-73.6735,-13.2848],[-73.6645,-13.2815],[-73.66,-13.2904],[-73.6419,-13.2995],[-73.6357,-13.3107],[-73.6277,-13.3137],[-73.6247,-13.3214],[-73.6113,-13.3233],[-73.6085,-13.3308],[-73.5989,-13.328],[-73.5867,-13.3393],[-73.5814,-13.337],[-73.5718,-13.3418],[-73.5742,-13.3511],[-73.5702,-13.3633],[-73.5585,-13.3662],[-73.5443,-13.3639],[-73.5398,-13.3705],[-73.5303,-13.3735],[-73.5272,-13.3837],[-73.5207,-13.3877],[-73.5111,-13.383],[-73.5067,-13.3845],[-73.4985,-13.3929],[-73.4883,-13.4119],[-73.4867,-13.4226],[-73.4809,-13.4314],[-73.4741,-13.4329],[-73.4694,-13.4292],[-73.4615,-13.434],[-73.4519,-13.4299],[-73.4361,-13.43],[-73.4289,-13.4379],[-73.4096,-13.4367],[-73.4033,-13.4448],[-73.3866,-13.4399],[-73.368,-13.4414],[-73.366,-13.4368],[-73.3472,-13.4348],[-73.3412,-13.4413],[-73.333,-13.4444],[-73.3318,-13.4564],[-73.3252,-13.4573],[-73.3171,-13.4538],[-73.3132,-13.4472],[-73.2909,-13.4562],[-73.2822,-13.4549],[-73.261,-13.4677],[-73.245,-13.4656],[-73.24,-13.4754],[-73.2339,-13.4766],[-73.2236,-13.4691],[-73.2201,-13.4631],[-73.2232,-13.4498],[-73.2093,-13.4301],[-73.2119,-13.4191],[-73.218,-13.4175],[-73.2277,-13.4108],[-73.2361,-13.4111],[-73.2502,-13.4023],[-73.2526,-13.3927],[-73.2581,-13.3951],[-73.2599,-13.3845],[-73.2714,-13.3806],[-73.2779,-13.3724],[-73.2874,-13.3719],[-73.2896,-13.355],[-73.3026,-13.3519],[-73.3036,-13.3426],[-73.3124,-13.3366],[-73.3114,-13.3259],[-73.3196,-13.3226],[-73.3297,-13.3086],[-73.3407,-13.3119],[-73.3484,-13.2982],[-73.3462,-13.2784],[-73.3531,-13.2699],[-73.3643,-13.2694],[-73.3698,-13.2593],[-73.3712,-13.2455],[-73.3827,-13.2371],[-73.3805,-13.2318],[-73.3823,-13.2249],[-73.3986,-13.2108],[-73.4098,-13.2113],[-73.4144,-13.1946],[-73.4058,-13.1915],[-73.4027,-13.1807],[-73.4095,-13.1737],[-73.4075,-13.1629],[-73.4158,-13.1529],[-73.4147,-13.1451],[-73.4219,-13.1324],[-73.4273,-13.1318],[-73.4318,-13.1394],[-73.4391,-13.1283],[-73.4537,-13.1227],[-73.4499,-13.1166],[-73.4488,-13.1079],[-73.4445,-13.1021],[-73.4526,-13.0997],[-73.4559,-13.0913],[-73.4488,-13.0803],[-73.4619,-13.08],[-73.4656,-13.0741],[-73.4654,-13.0673],[-73.476,-13.0574],[-73.4819,-13.0587],[-73.4844,-13.0673],[-73.4891,-13.0678],[-73.4893,-13.0565],[-73.4926,-13.0483],[-73.4908,-13.0437],[-73.4809,-13.0389],[-73.478,-13.0323],[-73.4799,-13.0191],[-73.4773,-13.0006],[-73.4887,-12.9994],[-73.4997,-13.0102],[-73.517,-13.0071],[-73.5218,-13.0001],[-73.5217,-12.9907],[-73.53,-12.9853],[-73.508,-12.9719],[-73.5068,-12.9673],[-73.5107,-12.9554],[-73.5089,-12.9495],[-73.5009,-12.9466],[-73.4961,-12.9385],[-73.501,-12.9305],[-73.5223,-12.9389],[-73.5298,-12.932],[-73.5335,-12.9244],[-73.5326,-12.9175],[-73.5224,-12.9075],[-73.5237,-12.8995],[-73.543,-12.8847],[-73.5606,-12.8689],[-73.5791,-12.8607],[-73.5908,-12.8443],[-73.5887,-12.8331],[-73.59,-12.8242],[-73.6038,-12.8109],[-73.6155,-12.808],[-73.6176,-12.8008],[-73.6262,-12.7887],[-73.6273,-12.7801],[-73.6241,-12.7712],[-73.6257,-12.765],[-73.6343,-12.7583],[-73.6448,-12.7449],[-73.6586,-12.7361],[-73.6606,-12.7326],[-73.656,-12.7258],[-73.6633,-12.7136],[-73.6799,-12.6955],[-73.6825,-12.6878],[-73.6923,-12.688],[-73.6984,-12.68],[-73.6983,-12.6721],[-73.7081,-12.6687],[-73.7175,-12.6585],[-73.7254,-12.6407],[-73.736,-12.6392],[-73.7386,-12.6535],[-73.7483,-12.6577],[-73.7695,-12.6482],[-73.7718,-12.6406],[-73.7858,-12.6234],[-73.796,-12.6189],[-73.8012,-12.613],[-73.801,-12.599],[-73.8046,-12.5945],[-73.8031,-12.5864],[-73.8045,-12.5776],[-73.8129,-12.557],[-73.8218,-12.546],[-73.8224,-12.5373],[-73.8268,-12.5312],[-73.8344,-12.5311],[-73.8382,-12.5365],[-73.8458,-12.5391],[-73.8554,-12.5299],[-73.8529,-12.523],[-73.855,-12.5128],[-73.8522,-12.5],[-73.8547,-12.4875],[-73.8582,-12.48],[-73.8686,-12.464],[-73.8775,-12.4373],[-73.8808,-12.4208],[-73.8868,-12.4054],[-73.8999,-12.403],[-73.9053,-12.3933],[-73.9268,-12.3797],[-73.9341,-12.3679],[-73.9409,-12.3656],[-73.9457,-12.3524],[-73.9537,-12.3497],[-73.9598,-12.3513],[-73.9701,-12.3478],[-73.9659,-12.3365],[-73.9702,-12.3149],[-73.974,-12.3058],[-73.9704,-12.2802],[-73.9711,-12.2734],[-73.9771,-12.2634],[-73.9811,-12.2499],[-73.9805,-12.2426],[-73.9849,-12.2533],[-73.9839,-12.2586],[-73.9888,-12.274],[-73.9977,-12.2825],[-74.0042,-12.2835],[-74.0097,-12.2789],[-74.019,-12.2784],[-74.031,-12.2706],[-74.0378,-12.2623],[-74.0551,-12.2693],[-74.0574,-12.275],[-74.0646,-12.2784],[-74.0688,-12.2767],[-74.0758,-12.2816],[-74.0829,-12.2811],[-74.0981,-12.2838],[-74.1014,-12.304],[-74.106,-12.3153],[-74.1123,-12.3193],[-74.1214,-12.3336],[-74.1308,-12.3288],[-74.1312,-12.3146],[-74.1403,-12.3162],[-74.1473,-12.3244],[-74.1593,-12.3211],[-74.1653,-12.3132],[-74.1767,-12.3141],[-74.1797,-12.3174],[-74.1876,-12.3144],[-74.1867,-12.3044],[-74.1999,-12.3025],[-74.2069,-12.2983],[-74.2155,-12.3034],[-74.2219,-12.2983],[-74.2158,-12.292],[-74.2209,-12.2861],[-74.218,-12.2781],[-74.2238,-12.2771],[-74.2331,-12.2675],[-74.241,-12.2706],[-74.2471,-12.2682],[-74.249,-12.2575],[-74.2582,-12.2559],[-74.2632,-12.2465],[-74.2705,-12.2391],[-74.2841,-12.2406],[-74.2917,-12.2299],[-74.2973,-12.226],[-74.3127,-12.2245],[-74.3144,-12.2304],[-74.3219,-12.2298],[-74.3365,-12.2149],[-74.3307,-12.2121],[-74.3342,-12.1945],[-74.345,-12.194],[-74.3515,-12.1764],[-74.3459,-12.1737],[-74.3493,-12.1679],[-74.3682,-12.1774],[-74.3788,-12.176],[-74.3803,-12.1823],[-74.3874,-12.188],[-74.3889,-12.1927],[-74.3845,-12.1988],[-74.3771,-12.2146],[-74.3761,-12.2292],[-74.3937,-12.2525],[-74.3918,-12.262],[-74.3848,-12.2686],[-74.3967,-12.283],[-74.4061,-12.2899],[-74.4163,-12.3048],[-74.4326,-12.3037],[-74.4387,-12.2925],[-74.4388,-12.2859],[-74.444,-12.272],[-74.4561,-12.2701],[-74.46,-12.2737],[-74.475,-12.2721],[-74.4921,-12.2811],[-74.4935,-12.2884],[-74.498,-12.2934],[-74.5063,-12.3122],[-74.5139,-12.3122],[-74.5193,-12.3043],[-74.5303,-12.3005],[-74.535,-12.295],[-74.5428,-12.2937],[-74.5521,-12.2873],[-74.558,-12.2908],[-74.5595,-12.2965],[-74.5722,-12.3098],[-74.5748,-12.3196],[-74.5801,-12.323],[-74.5812,-12.3327],[-74.5756,-12.346],[-74.5751,-12.3699],[-74.5716,-12.372],[-74.5646,-12.3609],[-74.5531,-12.3725],[-74.5484,-12.3751],[-74.5482,-12.384],[-74.5391,-12.3931],[-74.5394,-12.3995],[-74.5345,-12.4104],[-74.531,-12.412],[-74.5219,-12.4087],[-74.5175,-12.4184],[-74.5169,-12.4289],[-74.522,-12.4361],[-74.5035,-12.4498],[-74.4964,-12.4463],[-74.4751,-12.4438],[-74.4591,-12.4457],[-74.4521,-12.4443],[-74.4463,-12.448],[-74.4329,-12.4475],[-74.4224,-12.4452],[-74.4092,-12.4519],[-74.4016,-12.4675],[-74.4035,-12.4752],[-74.4109,-12.4795],[-74.4151,-12.4907],[-74.4111,-12.4977],[-74.4032,-12.4967],[-74.3984,-12.5045],[-74.3972,-12.5176],[-74.3996,-12.5255],[-74.3843,-12.5448],[-74.3838,-12.5588],[-74.3872,-12.5647],[-74.3835,-12.5708],[-74.3672,-12.5751],[-74.3683,-12.5829],[-74.3633,-12.5943],[-74.3471,-12.5988],[-74.3297,-12.6054],[-74.3242,-12.6114],[-74.3283,-12.6153],[-74.3384,-12.6171],[-74.3421,-12.6238],[-74.3408,-12.6345],[-74.3318,-12.645],[-74.3316,-12.6571],[-74.3286,-12.661],[-74.3275,-12.6813],[-74.3331,-12.6886],[-74.3397,-12.6891],[-74.3488,-12.7124],[-74.3491,-12.7182],[-74.3414,-12.7256],[-74.3404,-12.7328],[-74.3313,-12.7373],[-74.3252,-12.7448],[-74.3178,-12.7381],[-74.3081,-12.7396],[-74.3027,-12.7463],[-74.2971,-12.7486],[-74.2892,-12.758],[-74.2933,-12.7665],[-74.2861,-12.7746],[-74.288,-12.7812],[-74.285,-12.7879],[-74.2855,-12.7997],[-74.295,-12.7989],[-74.2984,-12.8066],[-74.2946,-12.8126],[-74.2924,-12.8248],[-74.297,-12.8314],[-74.3057,-12.8275],[-74.3133,-12.8349],[-74.3227,-12.8326],[-74.3296,-12.8361],[-74.3333,-12.8517],[-74.3278,-12.87],[-74.3194,-12.8853],[-74.3203,-12.8964],[-74.3301,-12.9154],[-74.3277,-12.9284],[-74.315,-12.9313],[-74.3036,-12.9297],[-74.2966,-12.935],[-74.2992,-12.9586],[-74.2975,-12.9679],[-74.2935,-12.9752],[-74.2921,-12.9872],[-74.2847,-12.9999],[-74.2791,-13.0055],[-74.2702,-13.0256],[-74.2738,-13.043],[-74.2717,-13.0695],[-74.2809,-13.0739],[-74.2909,-13.065],[-74.3005,-13.0636],[-74.3307,-13.0446],[-74.3445,-13.0275],[-74.3506,-13.0245],[-74.368,-13.0212],[-74.3855,-13.0288],[-74.3897,-13.0348],[-74.39,-13.0429],[-74.4009,-13.0544],[-74.408,-13.0693],[-74.4115,-13.106],[-74.4109,-13.1197],[-74.4017,-13.1226],[-74.3887,-13.1297],[-74.3898,-13.1531],[-74.3983,-13.1604],[-74.3978,-13.1687],[-74.4103,-13.1603],[-74.4204,-13.1595],[-74.4298,-13.1635],[-74.4349,-13.1699],[-74.4493,-13.1786],[-74.4584,-13.19],[-74.4679,-13.1877],[-74.482,-13.1925],[-74.4942,-13.1866],[-74.5068,-13.1939],[-74.5171,-13.1967],[-74.5231,-13.1902],[-74.5307,-13.1955],[-74.5445,-13.1994],[-74.5513,-13.1903],[-74.5595,-13.1851],[-74.571,-13.1847],[-74.5803,-13.1945],[-74.5794,-13.2013],[-74.5848,-13.2031],[-74.587,-13.2113],[-74.5956,-13.2128],[-74.6016,-13.2218],[-74.6007,-13.2274],[-74.6222,-13.244],[-74.6322,-13.2603],[-74.6376,-13.2636],[-74.6447,-13.2741],[-74.6524,-13.2712],[-74.6635,-13.2715],[-74.6719,-13.2749],[-74.6857,-13.2878],[-74.6771,-13.2944],[-74.6709,-13.3085],[-74.671,-13.3165],[-74.6659,-13.3227],[-74.6676,-13.3266],[-74.6565,-13.3338],[-74.6512,-13.3334],[-74.6328,-13.3448],[-74.6468,-13.3513],[-74.6581,-13.3515],[-74.6624,-13.3551],[-74.6782,-13.3507],[-74.6878,-13.3528],[-74.6995,-13.3635],[-74.7085,-13.3641],[-74.7283,-13.3622],[-74.7385,-13.3529],[-74.7367,-13.3448],[-74.7393,-13.3392],[-74.7452,-13.3381],[-74.7523,-13.3282],[-74.7623,-13.3269],[-74.7649,-13.3347],[-74.7639,-13.3414],[-74.7701,-13.3463],[-74.7867,-13.3482],[-74.8042,-13.3557],[-74.8121,-13.3575],[-74.8181,-13.3553],[-74.8333,-13.3564],[-74.8467,-13.3533],[-74.8586,-13.3556],[-74.8687,-13.3599],[-74.8785,-13.3743],[-74.8877,-13.38],[-74.8977,-13.3953],[-74.8946,-13.4025],[-74.8927,-13.4145],[-74.898,-13.4246],[-74.9036,-13.4295],[-74.8998,-13.4523],[-74.9024,-13.4568],[-74.9021,-13.4664],[-74.8904,-13.4698],[-74.8833,-13.4751],[-74.8758,-13.4745],[-74.8622,-13.4818],[-74.8569,-13.4874],[-74.8551,-13.4945],[-74.8476,-13.4993],[-74.8452,-13.5083],[-74.8401,-13.5116],[-74.8404,-13.5198],[-74.8327,-13.5272],[-74.8296,-13.5343],[-74.8216,-13.537],[-74.8158,-13.5354],[-74.8043,-13.5455],[-74.7996,-13.5475],[-74.7912,-13.5599],[-74.7913,-13.5644],[-74.777,-13.5887],[-74.7751,-13.5991],[-74.7714,-13.6065],[-74.7715,-13.6136],[-74.7774,-13.6245],[-74.7748,-13.6388],[-74.7812,-13.6482],[-74.778,-13.6637],[-74.774,-13.6716],[-74.7725,-13.6915],[-74.7746,-13.6951],[-74.7754,-13.7105],[-74.7725,-13.7188],[-74.7634,-13.7233],[-74.7544,-13.734],[-74.7562,-13.742],[-74.7612,-13.7488],[-74.7595,-13.7577],[-74.7668,-13.7728],[-74.7623,-13.7805],[-74.7672,-13.7851],[-74.7789,-13.7846],[-74.7782,-13.7947],[-74.7751,-13.8038],[-74.767,-13.8147],[-74.7604,-13.8315],[-74.7623,-13.8514],[-74.7674,-13.8666],[-74.7829,-13.8792],[-74.7852,-13.8919],[-74.777,-13.8975],[-74.7788,-13.9089],[-74.7852,-13.9206],[-74.7859,-13.9288],[-74.7764,-13.9485],[-74.775,-13.9622],[-74.768,-13.9786],[-74.7695,-13.9837],[-74.782,-13.9839],[-74.785,-13.9916],[-74.7791,-13.9963],[-74.7801,-14.0067],[-74.7839,-14.0169],[-74.7784,-14.0296],[-74.774,-14.0447],[-74.7679,-14.0466],[-74.7657,-14.0718],[-74.7587,-14.0786],[-74.7703,-14.0898],[-74.7812,-14.0896],[-74.7876,-14.0862],[-74.7921,-14.0894],[-74.799,-14.0867],[-74.8101,-14.087],[-74.8191,-14.0917],[-74.8252,-14.0923],[-74.8414,-14.0734],[-74.8527,-14.0762],[-74.8608,-14.0672],[-74.867,-14.0725],[-74.8781,-14.0763],[-74.8857,-14.0856],[-74.8954,-14.1032],[-74.9079,-14.0922],[-74.9265,-14.0987],[-74.9335,-14.0919],[-74.9424,-14.0947],[-74.9489,-14.0873],[-74.958,-14.0861],[-74.9741,-14.0748],[-74.989,-14.075],[-75.0145,-14.0692],[-75.0291,-14.0719],[-75.0295,-14.0807],[-75.0379,-14.0993],[-75.0434,-14.1011],[-75.0543,-14.1148],[-75.0553,-14.1279],[-75.059,-14.1296],[-75.063,-14.1351],[-75.0674,-14.1512],[-75.0764,-14.1659],[-75.0784,-14.1864],[-75.0858,-14.2096],[-75.0908,-14.2152],[-75.0872,-14.2318],[-75.0737,-14.2356],[-75.0721,-14.2459],[-75.0649,-14.2523],[-75.0551,-14.2552],[-75.0395,-14.2542],[-75.0346,-14.2579],[-75.0322,-14.2657],[-75.0377,-14.2698],[-75.04,-14.2779],[-75.0497,-14.2865],[-75.0552,-14.2872],[-75.0634,-14.2954],[-75.0734,-14.299],[-75.0814,-14.2971],[-75.0864,-14.309],[-75.0939,-14.3124],[-75.1002,-14.3302],[-75.1081,-14.3479],[-75.1051,-14.3588],[-75.1167,-14.3741],[-75.12,-14.3837],[-75.126,-14.3885],[-75.1321,-14.3997],[-75.1315,-14.4048],[-75.138,-14.4147],[-75.1191,-14.4211],[-75.1153,-14.4282],[-75.1071,-14.4335],[-75.1013,-14.4332],[-75.089,-14.4264],[-75.0769,-14.426],[-75.0682,-14.429],[-75.0629,-14.4269],[-75.053,-14.4312],[-75.0651,-14.4457],[-75.0702,-14.4492],[-75.0685,-14.4584],[-75.0818,-14.4711],[-75.0949,-14.479],[-75.0981,-14.4851],[-75.0907,-14.4954],[-75.0915,-14.5212],[-75.0859,-14.5311],[-75.0787,-14.5316],[-75.0691,-14.5269],[-75.0676,-14.5384],[-75.0753,-14.5482],[-75.0784,-14.5559],[-75.0801,-14.569],[-75.0659,-14.5745],[-75.0618,-14.5972],[-75.0635,-14.6075],[-75.0599,-14.6226],[-75.052,-14.6267],[-75.0342,-14.6113],[-75.0183,-14.6105],[-75.01,-14.6062],[-75.0012,-14.608],[-74.9968,-14.6118],[-74.978,-14.6024],[-74.9589,-14.6065],[-74.9476,-14.5885],[-74.9472,-14.5819],[-74.9332,-14.5766],[-74.9244,-14.5684],[-74.9134,-14.5656],[-74.9045,-14.5524],[-74.9037,-14.5478],[-74.8954,-14.5451],[-74.8842,-14.5455],[-74.8753,-14.5553],[-74.8824,-14.5743],[-74.8784,-14.5875],[-74.8681,-14.5969],[-74.8601,-14.6074],[-74.8528,-14.6118],[-74.8292,-14.6126],[-74.8113,-14.6152],[-74.7959,-14.6157],[-74.7968,-14.6243],[-74.8105,-14.6316],[-74.8181,-14.6398],[-74.8286,-14.6562],[-74.8466,-14.6661],[-74.8487,-14.6735],[-74.8459,-14.6894],[-74.8379,-14.6963],[-74.8457,-14.708],[-74.8378,-14.7122],[-74.83,-14.7201],[-74.8274,-14.734],[-74.8136,-14.7418],[-74.81,-14.7482],[-74.8027,-14.7522],[-74.7901,-14.7392],[-74.7764,-14.7289],[-74.7536,-14.7278],[-74.7436,-14.726],[-74.7318,-14.7144],[-74.7276,-14.7203],[-74.7355,-14.732],[-74.7345,-14.7408],[-74.7385,-14.7537],[-74.7503,-14.7615],[-74.756,-14.7711],[-74.7561,-14.7836],[-74.7646,-14.7902],[-74.7569,-14.7951],[-74.7465,-14.8136],[-74.7377,-14.8115],[-74.7203,-14.8125],[-74.716,-14.8194],[-74.7269,-14.8234],[-74.7396,-14.8242],[-74.7515,-14.8276],[-74.7534,-14.8385],[-74.7462,-14.8436],[-74.7383,-14.8415],[-74.7301,-14.8428],[-74.7202,-14.8366],[-74.6938,-14.8382],[-74.6898,-14.8482],[-74.6818,-14.8534],[-74.6758,-14.8621],[-74.6811,-14.8731],[-74.6719,-14.8794],[-74.6639,-14.8923],[-74.6635,-14.9079],[-74.6731,-14.9182],[-74.6847,-14.9256],[-74.6855,-14.9295],[-74.6747,-14.9446],[-74.6739,-14.9483],[-74.6655,-14.9557],[-74.6642,-14.9635],[-74.6594,-14.9703],[-74.6463,-14.9779],[-74.6504,-14.9853],[-74.6606,-14.995],[-74.6645,-15.0027],[-74.6672,-15.028],[-74.6643,-15.0447],[-74.671,-15.055],[-74.6869,-15.0615],[-74.6976,-15.0628],[-74.7045,-15.071],[-74.7296,-15.0854],[-74.7365,-15.0849],[-74.7575,-15.0926],[-74.7623,-15.0981],[-74.7526,-15.1134],[-74.7461,-15.116],[-74.7385,-15.1234],[-74.7261,-15.1221],[-74.7214,-15.1247],[-74.7186,-15.1357],[-74.7046,-15.1397],[-74.6997,-15.1371],[-74.6895,-15.1391],[-74.68,-15.1326],[-74.652,-15.1391],[-74.6378,-15.1318],[-74.6282,-15.1245],[-74.624,-15.1305],[-74.6154,-15.1373],[-74.606,-15.1485],[-74.5947,-15.1466],[-74.5851,-15.1491],[-74.5725,-15.1409],[-74.5525,-15.1399],[-74.534,-15.1464],[-74.5127,-15.1488],[-74.5036,-15.1603],[-74.4882,-15.1637],[-74.4658,-15.1735],[-74.4514,-15.176],[-74.4444,-15.1696],[-74.4377,-15.1678],[-74.4183,-15.169],[-74.3987,-15.1815],[-74.3899,-15.2071],[-74.3994,-15.2174],[-74.4004,-15.2219],[-74.3946,-15.2268],[-74.3937,-15.2365],[-74.3879,-15.2518],[-74.3997,-15.2659],[-74.3982,-15.2781],[-74.4148,-15.2954],[-74.4153,-15.2993],[-74.4095,-15.3085],[-74.3979,-15.3156],[-74.389,-15.3172],[-74.3779,-15.3319],[-74.3668,-15.3338],[-74.3599,-15.3327],[-74.3547,-15.3396],[-74.3458,-15.3363],[-74.3429,-15.3428],[-74.3336,-15.3533],[-74.3202,-15.3548],[-74.3097,-15.3589],[-74.3155,-15.3652],[-74.3173,-15.3726],[-74.3284,-15.391],[-74.3278,-15.402],[-74.3242,-15.4141],[-74.3256,-15.4196],[-74.3168,-15.4422],[-74.3087,-15.4493],[-74.3023,-15.4515],[-74.3061,-15.4595],[-74.3112,-15.4627],[-74.3045,-15.4753],[-74.3001,-15.4784],[-74.2787,-15.4787],[-74.2659,-15.4747],[-74.2554,-15.4807],[-74.243,-15.4803],[-74.233,-15.4862],[-74.2277,-15.4846],[-74.214,-15.4857],[-74.1937,-15.4917],[-74.185,-15.4857],[-74.1665,-15.484],[-74.161,-15.4776],[-74.1586,-15.4679],[-74.154,-15.4612],[-74.1539,-15.4385],[-74.1513,-15.4288],[-74.14,-15.4266],[-74.1339,-15.4166],[-74.1237,-15.4115],[-74.1155,-15.4119],[-74.1131,-15.405],[-74.0945,-15.392],[-74.0855,-15.3913],[-74.0709,-15.404],[-74.0654,-15.4022],[-74.0537,-15.4177],[-74.0455,-15.4434],[-74.0385,-15.4508],[-74.0373,-15.4561],[-74.0427,-15.4679],[-74.0388,-15.483],[-74.0451,-15.4928],[-74.0497,-15.4927],[-74.0616,-15.4999],[-74.0752,-15.5034],[-74.0749,-15.5103],[-74.0792,-15.5157],[-74.0713,-15.5342],[-74.0673,-15.5393],[-74.0758,-15.5505],[-74.0741,-15.5601],[-74.0792,-15.581],[-74.0849,-15.5915],[-74.0816,-15.6144],[-74.0847,-15.6189],[-74.0686,-15.6299],[-74.0634,-15.6296],[-74.0509,-15.6223],[-74.0469,-15.6163],[-74.0335,-15.61],[-74.0194,-15.5992],[-74.0138,-15.5797],[-74.0129,-15.5707],[-74.0094,-15.568],[-74.0103,-15.5594],[-73.9965,-15.5534],[-73.9882,-15.5409],[-73.9799,-15.5395],[-73.9611,-15.5239],[-73.9464,-15.4955],[-73.946,-15.4904],[-73.9359,-15.4818],[-73.9294,-15.4734],[-73.9125,-15.4563],[-73.9056,-15.4524],[-73.8939,-15.4494],[-73.8886,-15.4391],[-73.8766,-15.4392],[-73.8683,-15.4261],[-73.8688,-15.4173],[-73.8735,-15.4114],[-73.8697,-15.4002],[-73.8771,-15.3892],[-73.8713,-15.3823],[-73.8743,-15.3721],[-73.8749,-15.3551],[-73.8786,-15.3429],[-73.8836,-15.3383],[-73.8692,-15.3317],[-73.8661,-15.3247],[-73.8601,-15.3261],[-73.8326,-15.3271],[-73.808,-15.3243],[-73.8026,-15.3264],[-73.7986,-15.3347],[-73.792,-15.34],[-73.7781,-15.3387],[-73.7793,-15.3464],[-73.7696,-15.357],[-73.7589,-15.3853],[-73.7468,-15.3937],[-73.7306,-15.4073],[-73.7065,-15.4207],[-73.6946,-15.4348],[-73.6844,-15.4375],[-73.6699,-15.4302],[-73.6516,-15.4163],[-73.6376,-15.4197],[-73.6235,-15.4211],[-73.6129,-15.4192],[-73.5997,-15.4071],[-73.5929,-15.4036],[-73.5784,-15.4068],[-73.5574,-15.4086],[-73.5366,-15.3979],[-73.5296,-15.3921],[-73.5034,-15.383],[-73.4781,-15.3796],[-73.4719,-15.3741],[-73.4614,-15.3689],[-73.4429,-15.3561],[-73.4377,-15.3563],[-73.4281,-15.3614],[-73.4278,-15.3683],[-73.4322,-15.3736],[-73.4211,-15.38],[-73.4174,-15.3761],[-73.4033,-15.3915],[-73.3922,-15.3987],[-73.3673,-15.3876],[-73.3611,-15.3879],[-73.3475,-15.3944],[-73.3363,-15.4051],[-73.3304,-15.4026],[-73.3126,-15.4001],[-73.3066,-15.3955],[-73.2945,-15.3923],[-73.2876,-15.3959],[-73.2784,-15.395],[-73.2842,-15.3773],[-73.2906,-15.3713],[-73.2936,-15.36],[-73.2896,-15.3444],[-73.2902,-15.336],[-73.2777,-15.3182],[-73.2818,-15.3099],[-73.2849,-15.2949],[-73.2799,-15.2903],[-73.2627,-15.2864],[-73.2459,-15.2861],[-73.2423,-15.2898],[-73.2216,-15.298],[-73.2134,-15.2938],[-73.2066,-15.294],[-73.1852,-15.3058],[-73.1745,-15.3066],[-73.1697,-15.3042],[-73.1635,-15.2958],[-73.16,-15.2864],[-73.153,-15.2831],[-73.1495,-15.2737],[-73.1507,-15.2613],[-73.1395,-15.2559],[-73.1361,-15.2441],[-73.1272,-15.2386],[-73.1211,-15.2316],[-73.1168,-15.2229],[-73.1109,-15.1974],[-73.1107,-15.1861],[-73.1014,-15.1877],[-73.0994,-15.1809],[-73.0829,-15.164],[-73.0747,-15.1634],[-73.0736,-15.1579],[-73.0605,-15.1443],[-73.0488,-15.1418],[-73.0476,-15.1343],[-73.0339,-15.1333],[-73.0267,-15.1298],[-73.0228,-15.1319],[-73.0192,-15.1222],[-73.02,-15.1108],[-73.0228,-15.1044],[-73.0245,-15.0918],[-73.0186,-15.084],[-73.016,-15.076],[-73.011,-15.0731],[-73.0042,-15.0641],[-73.0078,-15.0503],[-73.0049,-15.0435],[-73.0059,-15.0309],[-73.0053,-15.0093],[-72.9988,-14.9937],[-72.9927,-14.9876],[-72.983,-14.9837],[-72.983,-14.9721],[-72.9867,-14.9561],[-72.9917,-14.9524],[-72.9952,-14.943],[-73.0086,-14.9278],[-73.0213,-14.9155],[-73.0315,-14.9001],[-73.0265,-14.8911],[-73.0266,-14.8838],[-73.0188,-14.8714],[-73.0131,-14.8537],[-73.0048,-14.8417],[-73.0048,-14.8274],[-73.0028,-14.815],[-72.9963,-14.8107],[-72.9932,-14.8041],[-72.9818,-14.8065],[-72.9693,-14.7951],[-72.9631,-14.7932],[-72.9548,-14.7775],[-72.9427,-14.7654],[-72.9299,-14.7582],[-72.9206,-14.7579],[-72.9106,-14.7695],[-72.8936,-14.772],[-72.8823,-14.7714],[-72.8803,-14.7667],[-72.8716,-14.7614],[-72.8589,-14.7638],[-72.8468,-14.7598]]]},"properties":{"shapeName":"Ayacucho","shapeISO":"PE-AYA","shapeID":"20122684B96155436814563","shapeGroup":"PER","shapeType":"ADM1"}},
{"type":"Feature","geometry":{"type":"Polygon","coordinates":[[[-75.059,-14.1296],[-75.0553,-14.1279],[-75.0543,-14.1148],[-75.0434,-14.1011],[-75.0379,-14.0993],[-75.0295,-14.0807],[-75.0291,-14.0719],[-75.0145,-14.0692],[-74.989,-14.075],[-74.9741,-14.0748],[-74.958,-14.0861],[-74.9489,-14.0873],[-74.9424,-14.0947],[-74.9335,-14.0919],[-74.9265,-14.0987],[-74.9079,-14.0922],[-74.8954,-14.1032],[-74.8857,-14.0856],[-74.8781,-14.0763],[-74.867,-14.0725],[-74.8608,-14.0672],[-74.8527,-14.0762],[-74.8414,-14.0734],[-74.8252,-14.0923],[-74.8191,-14.0917],[-74.8101,-14.087],[-74.799,-14.0867],[-74.7921,-14.0894],[-74.7876,-14.0862],[-74.7812,-14.0896],[-74.7703,-14.0898],[-74.7587,-14.0786],[-74.7657,-14.0718],[-74.7679,-14.0466],[-74.774,-14.0447],[-74.7784,-14.0296],[-74.7839,-14.0169],[-74.7801,-14.0067],[-74.7791,-13.9963],[-74.785,-13.9916],[-74.782,-13.9839],[-74.7695,-13.9837],[-74.768,-13.9786],[-74.775,-13.9622],[-74.7764,-13.9485],[-74.7859,-13.9288],[-74.7852,-13.9206],[-74.7788,-13.9089],[-74.777,-13.8975],[-74.7852,-13.8919],[-74.7829,-13.8792],[-74.7674,-13.8666],[-74.7623,-13.8514],[-74.7604,-13.8315],[-74.767,-13.8147],[-74.7751,-13.8038],[-74.7782,-13.7947],[-74.7789,-13.7846],[-74.7672,-13.7851],[-74.7623,-13.7805],[-74.7668,-13.7728],[-74.7595,-13.7577],[-74.7612,-13.7488],[-74.7562,-13.742],[-74.7544,-13.734],[-74.7634,-13.7233],[-74.7725,-13.7188],[-74.7754,-13.7105],[-74.7746,-13.6951],[-74.7725,-13.6915],[-74.774,-13.6716],[-74.778,-13.6637],[-74.7812,-13.6482],[-74.7748,-13.6388],[-74.7774,-13.6245],[-74.7715,-13.6136],[-74.7714,-13.6065],[-74.7751,-13.5991],[-74.777,-13.5887],[-74.7913,-13.5644],[-74.7912,-13.5599],[-74.7996,-13.5475],[-74.8043,-13.5455],[-74.8158,-13.5354],[-74.8216,-13.537],[-74.8296,-13.5343],[-74.8327,-13.5272],[-74.8404,-13.5198],[-74.8401,-13.5116],[-74.8452,-13.5083],[-74.8476,-13.4993],[-74.8551,-13.4945],[-74.8569,-13.4874],[-74.8622,-13.4818],[-74.8758,-13.4745],[-74.8833,-13.4751],[-74.8904,-13.4698],[-74.9021,-13.4664],[-74.9024,-13.4568],[-74.8998,-13.4523],[-74.9036,-13.4295],[-74.898,-13.4246],[-74.8927,-13.4145],[-74.8946,-13.4025],[-74.8977,-13.3953],[-74.8877,-13.38],[-74.8785,-13.3743],[-74.8687,-13.3599],[-74.8586,-13.3556],[-74.8467,-13.3533],[-74.8333,-13.3564],[-74.8181,-13.3553],[-74.8121,-13.3575],[-74.8042,-13.3557],[-74.7867,-13.3482],[-74.7701,-13.3463],[-74.7639,-13.3414],[-74.7649,-13.3347],[-74.7623,-13.3269],[-74.7523,-13.3282],[-74.7452,-13.3381],[-74.7393,-13.3392],[-74.7367,-13.3448],[-74.7385,-13.3529],[-74.7283,-13.3622],[-74.7085,-13.3641],[-74.6995,-13.3635],[-74.6878,-13.3528],[-74.6782,-13.3507],[-74.6624,-13.3551],[-74.6581,-13.3515],[-74.6468,-13.3513],[-74.6328,-13.3448],[-74.6512,-13.3334],[-74.6565,-13.3338],[-74.6676,-13.3266],[-74.6659,-13.3227],[-74.671,-13.3165],[-74.6709,-13.3085],[-74.6771,-13.2944],[-74.6857,-13.2878],[-74.6719,-13.2749],[-74.6635,-13.2715],[-74.6524,-13.2712],[-74.6447,-13.2741],[-74.6376,-13.2636],[-74.6322,-13.2603],[-74.6222,-13.244],[-74.6007,-13.2274],[-74.6016,-13.2218],[-74.5956,-13.2128],[-74.587,-13.2113],[-74.5848,-13.2031],[-74.5794,-13.2013],[-74.5803,-13.1945],[-74.571,-13.1847],[-74.5595,-13.1851],[-74.5513,-13.1903],[-74.5445,-13.1994],[-74.5307,-13.1955],[-74.5231,-13.1902],[-74.5171,-13.1967],[-74.5068,-13.1939],[-74.4942,-13.1866],[-74.482,-13.1925],[-74.4679,-13.1877],[-74.4584,-13.19],[-74.4493,-13.1786],[-74.4349,-13.1699],[-74.4298,-13.1635],[-74.4204,-13.1595],[-74.4103,-13.1603],[-74.3978,-13.1687],[-74.3983,-13.1604],[-74.3898,-13.1531],[-74.3887,-13.1297],[-74.4017,-13.1226],[-74.4109,-13.1197],[-74.4115,-13.106],[-74.408,-13.0693],[-74.4009,-13.0544],[-74.39,-13.0429],[-74.3897,-13.0348],[-74.3855,-13.0288],[-74.368,-13.0212],[-74.3506,-13.0245],[-74.3445,-13.0275],[-74.3307,-13.0446],[-74.3005,-13.0636],[-74.2909,-13.065],[-74.2809,-13.0739],[-74.2717,-13.0695],[-74.2738,-13.043],[-74.2702,-13.0256],[-74.2791,-13.0055],[-74.2847,-12.9999],[-74.2921,-12.9872],[-74.2935,-12.9752],[-74.2975,-12.9679],[-74.2992,-12.9586],[-74.2966,-12.935],[-74.3036,-12.9297],[-74.315,-12.9313],[-74.3277,-12.9284],[-74.3301,-12.9154],[-74.3203,-12.8964],[-74.3194,-12.8853],[-74.3278,-12.87],[-74.3333,-12.8517],[-74.3296,-12.8361],[-74.3227,-12.8326],[-74.3133,-12.8349],[-74.3057,-12.8275],[-74.297,-12.8314],[-74.2924,-12.8248],[-74.2946,-12.8126],[-74.2984,-12.8066],[-74.295,-12.7989],[-74.2855,-12.7997],[-74.285,-12.7879],[-74.288,-12.7812],[-74.2861,-12.7746],[-74.2933,-12.7665],[-74.2892,-12.758],[-74.2971,-12.7486],[-74.3027,-12.7463],[-74.3081,-12.7396],[-74.3178,-12.7381],[-74.3252,-12.7448],[-74.3313,-12.7373],[-74.3404,-12.7328],[-74.3414,-12.7256],[-74.3491,-12.7182],[-74.3488,-12.7124],[-74.3397,-12.6891],[-74.3331,-12.6886],[-74.3275,-12.6813],[-74.3286,-12.661],[-74.3316,-12.6571],[-74.3318,-12.645],[-74.3408,-12.6345],[-74.3421,-12.6238],[-74.3384,-12.6171],[-74.3283,-12.6153],[-74.3242,-12.6114],[-74.3297,-12.6054],[-74.3471,-12.5988],[-74.3633,-12.5943],[-74.3683,-12.5829],[-74.3672,-12.5751],[-74.3835,-12.5708],[-74.3872,-12.5647],[-74.3838,-12.5588],[-74.3843,-12.5448],[-74.3996,-12.5255],[-74.3972,-12.5176],[-74.3984,-12.5045],[-74.4032,-12.4967],[-74.4111,-12.4977],[-74.4151,-12.4907],[-74.4109,-12.4795],[-74.4035,-12.4752],[-74.4016,-12.4675],[-74.4092,-12.4519],[-74.4224,-12.4452],[-74.4329,-12.4475],[-74.4463,-12.448],[-74.4521,-12.4443],[-74.4591,-12.4457],[-74.4751,-12.4438],[-74.4964,-12.4463],[-74.5035,-12.4498],[-74.522,-12.4361],[-74.5169,-12.4289],[-74.5175,-12.4184],[-74.5219,-12.4087],[-74.531,-12.412],[-74.5345,-12.4104],[-74.5394,-12.3995],[-74.5391,-12.3931],[-74.5482,-12.384],[-74.5484,-12.3751],[-74.5531,-12.3725],[-74.5646,-12.3609],[-74.5716,-12.372],[-74.5751,-12.3699],[-74.5756,-12.346],[-74.5812,-12.3327],[-74.5801,-12.323],[-74.5748,-12.3196],[-74.5722,-12.3098],[-74.5595,-12.2965],[-74.558,-12.2908],[-74.5521,-12.2873],[-74.5428,-12.2937],[-74.535,-12.295],[-74.5303,-12.3005],[-74.5193,-12.3043],[-74.5139,-12.3122],[-74.5063,-12.3122],[-74.498,-12.2934],[-74.4935,-12.2884],[-74.4921,-12.2811],[-74.475,-12.2721],[-74.46,-12.2737],[-74.4561,-12.2701],[-74.444,-12.272],[-74.4388,-12.2859],[-74.4387,-12.2925],[-74.4326,-12.3037],[-74.4163,-12.3048],[-74.4061,-12.2899],[-74.3967,-12.283],[-74.3848,-12.2686],[-74.3918,-12.262],[-74.3937,-12.2525],[-74.3761,-12.2292],[-74.3771,-12.2146],[-74.3845,-12.1988],[-74.3889,-12.1927],[-74.3874,-12.188],[-74.3803,-12.1823],[-74.3788,-12.176],[-74.3682,-12.1774],[-74.3493,-12.1679],[-74.3459,-12.1737],[-74.3471,-12.1651],[-74.3546,-12.1643],[-74.3613,-12.1552],[-74.3582,-12.1487],[-74.3524,-12.1478],[-74.3514,-12.1383],[-74.3564,-12.1355],[-74.3635,-12.1378],[-74.3796,-12.1199],[-74.3948,-12.1097],[-74.3988,-12.1036],[-74.4066,-12.1072],[-74.4195,-12.0938],[-74.4146,-12.0846],[-74.4142,-12.0767],[-74.4228,-12.0673],[-74.4299,-12.0714],[-74.4336,-12.0694],[-74.4404,-12.0567],[-74.4397,-12.0519],[-74.4555,-12.0336],[-74.4631,-12.0351],[-74.4699,-12.0275],[-74.4752,-12.0297],[-74.4819,-12.0276],[-74.4884,-12.0332],[-74.5028,-12.0202],[-74.5291,-12.0147],[-74.5436,-11.999],[-74.5501,-11.9964],[-74.5577,-12.0009],[-74.5692,-11.9946],[-74.5717,-11.9848],[-74.582,-11.9879],[-74.5947,-11.9874],[-74.5925,-11.995],[-74.6036,-11.9995],[-74.6125,-11.988],[-74.6173,-11.9901],[-74.6242,-11.9852],[-74.6318,-11.9853],[-74.6427,-11.9887],[-74.6489,-11.9949],[-74.6555,-11.9923],[-74.6591,-11.9958],[-74.6614,-12.0056],[-74.6795,-12.0177],[-74.683,-12.0359],[-74.701,-12.0456],[-74.7111,-12.0574],[-74.7208,-12.0597],[-74.7304,-12.0478],[-74.741,-12.0421],[-74.7501,-12.0422],[-74.7629,-12.0524],[-74.7811,-12.0534],[-74.7887,-12.058],[-74.8085,-12.0574],[-74.8193,-12.0538],[-74.8301,-12.0626],[-74.8374,-12.0708],[-74.851,-12.0698],[-74.8602,-12.0662],[-74.8708,-12.066],[-74.8809,-12.0537],[-74.8963,-12.0489],[-74.9079,-12.0365],[-74.92,-12.0329],[-74.9304,-12.0229],[-74.9434,-12.0172],[-74.9538,-12.0164],[-74.9591,-12.0229],[-74.9742,-12.0237],[-74.9795,-12.0193],[-74.9897,-12.0174],[-74.9964,-12.0208],[-75.0104,-12.0159],[-75.0123,-12.0112],[-75.0208,-12.0133],[-75.0222,-12.0049],[-75.0361,-11.9993],[-75.0493,-11.9998],[-75.0471,-12.0116],[-75.0652,-12.0254],[-75.0673,-12.0362],[-75.0747,-12.038],[-75.0861,-12.0548],[-75.0746,-12.0601],[-75.0738,-12.0687],[-75.0695,-12.0755],[-75.0701,-12.0829],[-75.0658,-12.0939],[-75.0713,-12.1024],[-75.0709,-12.1129],[-75.0651,-12.1153],[-75.0679,-12.1271],[-75.0631,-12.1335],[-75.069,-12.1429],[-75.0769,-12.1471],[-75.0726,-12.1578],[-75.0557,-12.1652],[-75.0483,-12.1703],[-75.0538,-12.1876],[-75.0494,-12.2013],[-75.0592,-12.2058],[-75.0631,-12.2209],[-75.0701,-12.2299],[-75.0716,-12.2352],[-75.0796,-12.2343],[-75.0855,-12.2367],[-75.0924,-12.2444],[-75.0927,-12.2505],[-75.1004,-12.2511],[-75.1052,-12.2711],[-75.1042,-12.2783],[-75.0982,-12.2836],[-75.1037,-12.2951],[-75.1104,-12.3035],[-75.1205,-12.308],[-75.1298,-12.328],[-75.1293,-12.3344],[-75.1352,-12.3353],[-75.1402,-12.3421],[-75.1366,-12.3491],[-75.1313,-12.3784],[-75.1358,-12.3806],[-75.1469,-12.3955],[-75.1541,-12.3957],[-75.1646,-12.3891],[-75.1694,-12.3796],[-75.176,-12.3726],[-75.1824,-12.3603],[-75.1867,-12.3665],[-75.1926,-12.3671],[-75.2079,-12.3835],[-75.2201,-12.3905],[-75.2153,-12.3948],[-75.2172,-12.4072],[-75.2139,-12.4139],[-75.2149,-12.4206],[-75.2233,-12.4355],[-75.2196,-12.4469],[-75.2149,-12.4518],[-75.2155,-12.4634],[-75.223,-12.4671],[-75.2296,-12.4756],[-75.2385,-12.4703],[-75.2465,-12.4627],[-75.2659,-12.4672],[-75.2784,-12.4678],[-75.28,-12.4738],[-75.2888,-12.4755],[-75.2977,-12.4852],[-75.3021,-12.4805],[-75.3095,-12.4791],[-75.3139,-12.4845],[-75.3247,-12.4871],[-75.3187,-12.5034],[-75.3193,-12.5145],[-75.3287,-12.5168],[-75.3365,-12.522],[-75.3475,-12.5344],[-75.3624,-12.5396],[-75.3684,-12.5445],[-75.3726,-12.5534],[-75.3792,-12.5575],[-75.3891,-12.5703],[-75.3907,-12.5749],[-75.3991,-12.5825],[-75.4094,-12.5847],[-75.4092,-12.5971],[-75.4121,-12.5999],[-75.4101,-12.6179],[-75.4179,-12.629],[-75.4231,-12.6255],[-75.4315,-12.6257],[-75.4426,-12.6177],[-75.4535,-12.6225],[-75.4608,-12.6314],[-75.4571,-12.6499],[-75.4526,-12.6577],[-75.456,-12.6621],[-75.4593,-12.6747],[-75.4672,-12.6833],[-75.4774,-12.6775],[-75.4842,-12.6761],[-75.4895,-12.6633],[-75.4883,-12.6565],[-75.4909,-12.6479],[-75.4986,-12.6425],[-75.499,-12.6386],[-75.5106,-12.6345],[-75.5168,-12.6263],[-75.5289,-12.6209],[-75.5387,-12.6217],[-75.5593,-12.6308],[-75.5688,-12.6326],[-75.5796,-12.6415],[-75.578,-12.6535],[-75.5746,-12.6598],[-75.5613,-12.6631],[-75.5582,-12.669],[-75.5622,-12.6734],[-75.5518,-12.6814],[-75.5549,-12.6912],[-75.5535,-12.7033],[-75.5572,-12.7066],[-75.5695,-12.7097],[-75.5766,-12.7151],[-75.5675,-12.7282],[-75.5536,-12.7363],[-75.5521,-12.7424],[-75.5403,-12.7509],[-75.527,-12.763],[-75.5195,-12.7667],[-75.5151,-12.773],[-75.5075,-12.7772],[-75.5114,-12.7869],[-75.5202,-12.7887],[-75.5223,-12.8062],[-75.5311,-12.8222],[-75.5399,-12.8162],[-75.5439,-12.8217],[-75.5511,-12.8218],[-75.556,-12.8166],[-75.5613,-12.8179],[-75.5617,-12.8294],[-75.5704,-12.8429],[-75.5999,-12.8569],[-75.6129,-12.8595],[-75.6131,-12.867],[-75.6237,-12.893],[-75.6284,-12.8975],[-75.6308,-12.9091],[-75.6361,-12.9162],[-75.6273,-12.9295],[-75.6281,-12.935],[-75.6184,-12.9417],[-75.6185,-12.9513],[-75.6144,-12.9576],[-75.6144,-12.9649],[-75.609,-12.9685],[-75.6026,-12.9802],[-75.6102,-12.9969],[-75.6084,-13.003],[-75.6119,-13.0091],[-75.6195,-13.0137],[-75.621,-13.0197],[-75.6283,-13.02],[-75.6304,-13.0245],[-75.6386,-13.03],[-75.6363,-13.0437],[-75.6289,-13.0534],[-75.6286,-13.0571],[-75.6403,-13.0626],[-75.6525,-13.0705],[-75.6632,-13.0649],[-75.6781,-13.0534],[-75.6755,-13.0453],[-75.6815,-13.0406],[-75.6928,-13.049],[-75.6956,-13.0582],[-75.695,-13.0748],[-75.7055,-13.0804],[-75.7051,-13.0872],[-75.7107,-13.0984],[-75.7188,-13.1098],[-75.7121,-13.1162],[-75.7083,-13.1324],[-75.7078,-13.1427],[-75.7011,-13.1417],[-75.6938,-13.1475],[-75.6968,-13.1542],[-75.6954,-13.16],[-75.7006,-13.1668],[-75.6989,-13.1708],[-75.7063,-13.1868],[-75.6917,-13.2072],[-75.6889,-13.2143],[-75.697,-13.2189],[-75.7024,-13.2269],[-75.7007,-13.2423],[-75.7053,-13.2463],[-75.7041,-13.2521],[-75.7051,-13.2725],[-75.704,-13.2792],[-75.7065,-13.2883],[-75.7309,-13.3103],[-75.7378,-13.31],[-75.7437,-13.3136],[-75.7532,-13.3091],[-75.7604,-13.3173],[-75.7792,-13.3306],[-75.7845,-13.3324],[-75.7902,-13.3425],[-75.7951,-13.3619],[-75.8012,-13.3805],[-75.8078,-13.3841],[-75.8094,-13.3968],[-75.806,-13.4014],[-75.793,-13.4037],[-75.7788,-13.4092],[-75.7698,-13.4097],[-75.7625,-13.4138],[-75.7521,-13.4129],[-75.7449,-13.4048],[-75.7362,-13.4098],[-75.7122,-13.4164],[-75.7095,-13.4218],[-75.7027,-13.4225],[-75.6958,-13.4355],[-75.6893,-13.4397],[-75.6765,-13.4297],[-75.6658,-13.4303],[-75.6624,-13.4275],[-75.6534,-13.4278],[-75.6422,-13.4174],[-75.6305,-13.4148],[-75.6149,-13.4168],[-75.6136,-13.4096],[-75.6079,-13.4043],[-75.599,-13.39],[-75.5956,-13.3913],[-75.5851,-13.4027],[-75.5578,-13.4029],[-75.549,-13.4064],[-75.5389,-13.405],[-75.5305,-13.3892],[-75.5223,-13.3913],[-75.5166,-13.3859],[-75.5114,-13.377],[-75.5052,-13.3718],[-75.5029,-13.366],[-75.4964,-13.3673],[-75.4966,-13.3732],[-75.4924,-13.3785],[-75.4982,-13.3912],[-75.4914,-13.3961],[-75.4867,-13.4079],[-75.4863,-13.4139],[-75.4763,-13.4254],[-75.4657,-13.4326],[-75.4704,-13.4429],[-75.4734,-13.4633],[-75.4696,-13.4743],[-75.4704,-13.4843],[-75.4767,-13.4892],[-75.4845,-13.5048],[-75.4837,-13.5142],[-75.489,-13.5243],[-75.4773,-13.5255],[-75.4958,-13.5671],[-75.5097,-13.5654],[-75.5129,-13.5952],[-75.5195,-13.6028],[-75.514,-13.6171],[-75.4924,-13.6354],[-75.4849,-13.651],[-75.4867,-13.6689],[-75.4886,-13.6739],[-75.4962,-13.6733],[-75.5016,-13.6871],[-75.5076,-13.6865],[-75.5159,-13.6964],[-75.5195,-13.7192],[-75.5257,-13.7222],[-75.5291,-13.7284],[-75.5294,-13.7401],[-75.5374,-13.7459],[-75.546,-13.7436],[-75.5546,-13.7496],[-75.5487,-13.7569],[-75.5376,-13.7624],[-75.5415,-13.7814],[-75.5384,-13.7928],[-75.5275,-13.797],[-75.5249,-13.8179],[-75.535,-13.824],[-75.5359,-13.8289],[-75.5442,-13.8356],[-75.5634,-13.8409],[-75.5662,-13.8541],[-75.5595,-13.8633],[-75.5601,-13.8709],[-75.5555,-13.8791],[-75.55,-13.8814],[-75.5455,-13.8895],[-75.5293,-13.8852],[-75.5221,-13.8851],[-75.5111,-13.8922],[-75.5022,-13.9014],[-75.4979,-13.9002],[-75.4823,-13.9104],[-75.4744,-13.9126],[-75.4606,-13.9088],[-75.4575,-13.9055],[-75.4457,-13.9097],[-75.444,-13.913],[-75.4338,-13.9139],[-75.4154,-13.9274],[-75.4119,-13.9358],[-75.4054,-13.9436],[-75.3959,-13.9447],[-75.3905,-13.9495],[-75.3817,-13.9628],[-75.3592,-13.9715],[-75.3589,-13.9841],[-75.3536,-13.9923],[-75.3557,-13.9958],[-75.3476,-14.0049],[-75.3332,-14.016],[-75.319,-14.019],[-75.3098,-14.0156],[-75.2854,-14.0115],[-75.2778,-14.0086],[-75.2709,-14.0106],[-75.2527,-13.9981],[-75.2323,-14.0048],[-75.2365,-14.0144],[-75.2596,-14.0379],[-75.2585,-14.0432],[-75.1916,-14.0529],[-75.1827,-14.0561],[-75.1657,-14.0725],[-75.1492,-14.0644],[-75.1268,-14.0509],[-75.1177,-14.0388],[-75.1088,-14.0329],[-75.104,-14.0505],[-75.0885,-14.0816],[-75.0696,-14.0798],[-75.0625,-14.0906],[-75.0625,-14.1073],[-75.0574,-14.124],[-75.059,-14.1296]]]},"properties":{"shapeName":"Huancavelica","shapeISO":"PE-HUV","shapeID":"20122684B10105771226575","shapeGroup":"PER","shapeType":"ADM1"}},
{"type":"Feature","geometry":{"type":"MultiPolygon","coordinates":[[[[-77.2516,-12.0659],[-77.2467,-12.0732],[-77.2489,-12.0779],[-77.2383,-12.088],[-77.2226,-12.0966],[-77.2074,-12.1103],[-77.1966,-12.1106],[-77.1885,-12.1055],[-77.2006,-12.0916],[-77.2091,-12.0842],[-77.2096,-12.0796],[-77.2184,-12.0764],[-77.2213,-12.0702],[-77.2386,-12.0641],[-77.2409,-12.06],[-77.2478,-12.0601],[-77.2516,-12.0659]]],[[[-77.1871,-11.8284],[-77.1812,-11.8454],[-77.1737,-11.8448],[-77.1627,-11.8615],[-77.1568,-11.8743],[-77.1512,-11.8925],[-77.1465,-11.9017],[-77.1464,-11.9088],[-77.1408,-11.9255],[-77.1397,-11.9364],[-77.1357,-11.9535],[-77.1336,-11.98],[-77.1368,-11.9907],[-77.1388,-12.0109],[-77.1434,-12.0219],[-77.1467,-12.0393],[-77.1402,-12.0411],[-77.1418,-12.0469],[-77.1503,-12.0603],[-77.1698,-12.0745],[-77.1592,-12.0743],[-77.1562,-12.0674],[-77.1347,-12.0699],[-77.1117,-12.0795],[-77.1049,-12.072],[-77.1046,-12.0634],[-77.0882,-12.0617],[-77.0876,-12.0517],[-77.0827,-12.045],[-77.083,-12.0363],[-77.0935,-12.0383],[-77.0963,-12.0336],[-77.0868,-12.016],[-77.0943,-12.0063],[-77.099,-12.0065],[-77.1127,-11.9968],[-77.1156,-11.9864],[-77.1109,-11.9843],[-77.1171,-11.969],[-77.1206,-11.9505],[-77.1132,-11.9459],[-77.1085,-11.9484],[-77.0959,-11.9501],[-77.0978,-11.9415],[-77.1031,-11.9351],[-77.1019,-11.928],[-77.0968,-11.9243],[-77.0899,-11.9018],[-77.0927,-11.8918],[-77.0942,-11.8752],[-77.1004,-11.867],[-77.1002,-11.8592],[-77.1139,-11.8513],[-77.1135,-11.8336],[-77.1286,-11.8201],[-77.1471,-11.8193],[-77.1642,-11.8273],[-77.173,-11.8248],[-77.1791,-11.8284],[-77.1871,-11.8284]]]]},"properties":{"shapeName":"Callao","shapeISO":"PE-CAL","shapeID":"20122684B35642221514371","shapeGroup":"PER","shapeType":"ADM1"}},
{"type":"Feature","geometry":{"type":"Polygon","coordinates":[[[-75.6144,-12.9649],[-75.6144,-12.9576],[-75.6185,-12.9513],[-75.6184,-12.9417],[-75.6281,-12.935],[-75.6273,-12.9295],[-75.6361,-12.9162],[-75.6308,-12.9091],[-75.6284,-12.8975],[-75.6237,-12.893],[-75.6131,-12.867],[-75.6129,-12.8595],[-75.5999,-12.8569],[-75.5704,-12.8429],[-75.5617,-12.8294],[-75.5613,-12.8179],[-75.556,-12.8166],[-75.5511,-12.8218],[-75.5439,-12.8217],[-75.5399,-12.8162],[-75.5311,-12.8222],[-75.5223,-12.8062],[-75.5202,-12.7887],[-75.5114,-12.7869],[-75.5075,-12.7772],[-75.5151,-12.773],[-75.5195,-12.7667],[-75.527,-12.763],[-75.5403,-12.7509],[-75.5521,-12.7424],[-75.5536,-12.7363],[-75.5675,-12.7282],[-75.5766,-12.7151],[-75.5695,-12.7097],[-75.5572,-12.7066],[-75.5535,-12.7033],[-75.5549,-12.6912],[-75.5518,-12.6814],[-75.5622,-12.6734],[-75.5582,-12.669],[-75.5613,-12.6631],[-75.5746,-12.6598],[-75.578,-12.6535],[-75.5796,-12.6415],[-75.5805,-12.6279],[-75.5828,-12.6218],[-75.579,-12.6031],[-75.5794,-12.5951],[-75.5728,-12.5898],[-75.5666,-12.5709],[-75.5718,-12.5641],[-75.5665,-12.5582],[-75.5664,-12.5527],[-75.5589,-12.5452],[-75.552,-12.5449],[-75.5457,-12.5327],[-75.5454,-12.5256],[-75.5388,-12.5228],[-75.5362,-12.5173],[-75.5411,-12.5061],[-75.5393,-12.5003],[-75.5425,-12.495],[-75.545,-12.4838],[-75.5551,-12.4643],[-75.5574,-12.4566],[-75.5554,-12.4312],[-75.5595,-12.4227],[-75.5598,-12.3973],[-75.5616,-12.3909],[-75.5512,-12.3758],[-75.5487,-12.3642],[-75.5545,-12.3594],[-75.5641,-12.3363],[-75.5711,-12.3298],[-75.5827,-12.3284],[-75.5888,-12.3247],[-75.5926,-12.3141],[-75.5902,-12.3054],[-75.5915,-12.2973],[-75.5965,-12.2871],[-75.603,-12.2796],[-75.6092,-12.2677],[-75.6162,-12.2638],[-75.6161,-12.2565],[-75.6273,-12.2484],[-75.6452,-12.2244],[-75.6451,-12.2201],[-75.6521,-12.2145],[-75.652,-12.2068],[-75.6641,-12.1941],[-75.658,-12.1839],[-75.6585,-12.1752],[-75.6485,-12.1742],[-75.649,-12.1631],[-75.6414,-12.1492],[-75.6275,-12.1417],[-75.627,-12.1348],[-75.6304,-12.1281],[-75.6388,-12.1209],[-75.6378,-12.1142],[-75.6547,-12.1027],[-75.6594,-12.0939],[-75.6733,-12.0852],[-75.6882,-12.0821],[-75.6847,-12.0713],[-75.6767,-12.0664],[-75.6738,-12.0583],[-75.6852,-12.0522],[-75.6943,-12.0427],[-75.7011,-12.0482],[-75.7088,-12.0454],[-75.7167,-12.0465],[-75.7422,-12.0367],[-75.7431,-12.0468],[-75.752,-12.0554],[-75.7657,-12.0596],[-75.7765,-12.0518],[-75.7866,-12.0394],[-75.7996,-12.0346],[-75.8021,-12.0307],[-75.8146,-12.0207],[-75.8189,-12.0137],[-75.8241,-12.0157],[-75.8285,-12.0244],[-75.835,-12.0205],[-75.8425,-12.0065],[-75.8528,-12.0082],[-75.8682,-12.0006],[-75.8744,-12.0004],[-75.8843,-11.9936],[-75.8969,-11.9931],[-75.9016,-11.9979],[-75.9074,-11.9964],[-75.9106,-11.9893],[-75.926,-11.9843],[-75.9486,-11.9944],[-75.9507,-11.9883],[-75.9592,-11.9852],[-75.9645,-11.9889],[-75.9753,-11.9839],[-75.9813,-11.9882],[-75.9943,-11.9893],[-76.0007,-11.9851],[-76.0143,-11.9843],[-76.0196,-11.976],[-76.0387,-11.9628],[-76.0412,-11.9558],[-76.0526,-11.9482],[-76.0519,-11.939],[-76.0572,-11.9244],[-76.0582,-11.9128],[-76.0503,-11.9096],[-76.0513,-11.8922],[-76.0582,-11.88],[-76.0744,-11.869],[-76.0784,-11.8631],[-76.0846,-11.8604],[-76.0906,-11.8506],[-76.0948,-11.8479],[-76.0981,-11.8369],[-76.1042,-11.8316],[-76.1061,-11.8241],[-76.1126,-11.8116],[-76.1252,-11.7955],[-76.1335,-11.7924],[-76.1369,-11.781],[-76.1437,-11.7766],[-76.1461,-11.782],[-76.1544,-11.7814],[-76.1729,-11.7626],[-76.1754,-11.7504],[-76.1889,-11.7377],[-76.1982,-11.7378],[-76.2023,-11.728],[-76.2034,-11.7086],[-76.2073,-11.7024],[-76.2048,-11.6946],[-76.1972,-11.6934],[-76.1943,-11.686],[-76.196,-11.6767],[-76.1933,-11.6735],[-76.2019,-11.6681],[-76.2049,-11.6595],[-76.1924,-11.6484],[-76.1883,-11.6424],[-76.1913,-11.6337],[-76.1988,-11.6275],[-76.1947,-11.6197],[-76.1798,-11.6109],[-76.1879,-11.6023],[-76.1877,-11.5928],[-76.1933,-11.5875],[-76.1994,-11.5884],[-76.2055,-11.5744],[-76.2131,-11.5712],[-76.2237,-11.5627],[-76.2273,-11.5539],[-76.2374,-11.569],[-76.2446,-11.5664],[-76.2545,-11.569],[-76.262,-11.5667],[-76.2687,-11.5706],[-76.2718,-11.5801],[-76.2868,-11.5912],[-76.2929,-11.5888],[-76.2974,-11.5923],[-76.3012,-11.5848],[-76.3003,-11.5744],[-76.31,-11.5635],[-76.3175,-11.5627],[-76.3213,-11.5532],[-76.3258,-11.5521],[-76.3279,-11.5443],[-76.3394,-11.5445],[-76.3501,-11.5421],[-76.3487,-11.5282],[-76.3509,-11.5201],[-76.3594,-11.5229],[-76.3618,-11.5146],[-76.3717,-11.5052],[-76.3764,-11.4981],[-76.381,-11.4863],[-76.3715,-11.4755],[-76.3795,-11.4437],[-76.388,-11.4464],[-76.3943,-11.445],[-76.4058,-11.4233],[-76.4118,-11.4146],[-76.4043,-11.4092],[-76.4014,-11.4029],[-76.408,-11.3904],[-76.4134,-11.3849],[-76.4141,-11.3796],[-76.4204,-11.3737],[-76.4227,-11.3549],[-76.4317,-11.3456],[-76.4434,-11.3473],[-76.451,-11.3439],[-76.4569,-11.335],[-76.4596,-11.3259],[-76.4645,-11.3205],[-76.4633,-11.3125],[-76.4777,-11.2935],[-76.477,-11.2879],[-76.4708,-11.2779],[-76.4639,-11.2712],[-76.4622,-11.2658],[-76.4766,-11.2642],[-76.4839,-11.2575],[-76.4907,-11.2466],[-76.4851,-11.2442],[-76.4841,-11.2302],[-76.4888,-11.2185],[-76.494,-11.2107],[-76.4921,-11.1893],[-76.4951,-11.183],[-76.5069,-11.1698],[-76.5026,-11.1623],[-76.5049,-11.1451],[-76.5083,-11.1403],[-76.5115,-11.1281],[-76.5176,-11.122],[-76.5184,-11.1161],[-76.4954,-11.1091],[-76.4919,-11.0994],[-76.4912,-11.0894],[-76.4976,-11.0861],[-76.5147,-11.0687],[-76.5209,-11.0577],[-76.5265,-11.0515],[-76.5313,-11.0361],[-76.5564,-11.0229],[-76.5635,-11.0229],[-76.5693,-11.0135],[-76.5769,-11.0165],[-76.5802,-11.0108],[-76.5779,-10.994],[-76.5814,-10.9883],[-76.5792,-10.9814],[-76.5651,-10.9662],[-76.5691,-10.9509],[-76.5684,-10.9348],[-76.5717,-10.9178],[-76.5757,-10.9136],[-76.5783,-10.9025],[-76.5812,-10.8726],[-76.5806,-10.8669],[-76.5862,-10.8518],[-76.5893,-10.8367],[-76.5929,-10.8326],[-76.6016,-10.8159],[-76.6141,-10.817],[-76.6203,-10.8117],[-76.6272,-10.7971],[-76.6256,-10.792],[-76.6335,-10.7845],[-76.627,-10.7693],[-76.6342,-10.7525],[-76.6405,-10.7486],[-76.6483,-10.7282],[-76.649,-10.7207],[-76.6545,-10.713],[-76.6533,-10.7077],[-76.6582,-10.6989],[-76.6594,-10.6883],[-76.6691,-10.6807],[-76.6708,-10.6758],[-76.6653,-10.6721],[-76.6599,-10.6618],[-76.6557,-10.6468],[-76.6613,-10.6352],[-76.6756,-10.6214],[-76.6727,-10.6099],[-76.6754,-10.6019],[-76.6815,-10.5991],[-76.6843,-10.5937],[-76.6953,-10.5964],[-76.7018,-10.5935],[-76.705,-10.5639],[-76.7094,-10.5588],[-76.7102,-10.5407],[-76.7158,-10.5313],[-76.7169,-10.523],[-76.7302,-10.5084],[-76.7282,-10.4884],[-76.7251,-10.4857],[-76.7305,-10.4743],[-76.7426,-10.4668],[-76.7482,-10.469],[-76.7532,-10.4655],[-76.77,-10.4648],[-76.7782,-10.4504],[-76.7881,-10.4381],[-76.7999,-10.4396],[-76.8029,-10.431],[-76.7991,-10.422],[-76.804,-10.4124],[-76.8083,-10.393],[-76.8227,-10.393],[-76.8351,-10.3868],[-76.8419,-10.3639],[-76.8445,-10.3701],[-76.8564,-10.3773],[-76.8659,-10.3748],[-76.863,-10.3662],[-76.8755,-10.3428],[-76.8723,-10.3348],[-76.873,-10.3258],[-76.8814,-10.3085],[-76.8945,-10.3043],[-76.891,-10.2947],[-76.8956,-10.2873],[-76.9008,-10.2853],[-76.9062,-10.2742],[-76.9168,-10.2781],[-76.9209,-10.2754],[-76.9381,-10.2797],[-76.9429,-10.2875],[-76.9512,-10.2889],[-76.9533,-10.2931],[-76.9623,-10.2972],[-76.9655,-10.3054],[-76.9748,-10.3038],[-76.9799,-10.2971],[-76.9899,-10.2959],[-76.9995,-10.2899],[-76.9999,-10.2833],[-77.0067,-10.2842],[-77.0091,-10.3078],[-77.0136,-10.3156],[-77.0247,-10.3275],[-77.034,-10.3325],[-77.0462,-10.3346],[-77.0533,-10.3398],[-77.0623,-10.3346],[-77.0716,-10.3381],[-77.0739,-10.3477],[-77.0808,-10.3577],[-77.089,-10.3601],[-77.0902,-10.3726],[-77.1109,-10.3921],[-77.111,-10.4033],[-77.1166,-10.4064],[-77.1283,-10.4212],[-77.1382,-10.4265],[-77.1448,-10.4439],[-77.15,-10.4511],[-77.1652,-10.4574],[-77.1746,-10.4646],[-77.1766,-10.4756],[-77.1756,-10.4841],[-77.1679,-10.4945],[-77.1668,-10.5041],[-77.1708,-10.5173],[-77.1811,-10.5239],[-77.1806,-10.5333],[-77.1886,-10.5416],[-77.191,-10.5521],[-77.197,-10.5549],[-77.2093,-10.5554],[-77.2208,-10.5512],[-77.2253,-10.5462],[-77.2368,-10.5448],[-77.2422,-10.5477],[-77.2519,-10.5452],[-77.2673,-10.5505],[-77.2694,-10.5602],[-77.2778,-10.5563],[-77.2844,-10.5585],[-77.2923,-10.5566],[-77.2992,-10.5622],[-77.3106,-10.5677],[-77.3167,-10.5826],[-77.3275,-10.5941],[-77.3366,-10.5949],[-77.3485,-10.6078],[-77.3673,-10.6383],[-77.3801,-10.6394],[-77.3889,-10.6577],[-77.3953,-10.6615],[-77.4016,-10.6761],[-77.4038,-10.691],[-77.3948,-10.7018],[-77.3863,-10.7055],[-77.3944,-10.7168],[-77.4154,-10.73],[-77.4251,-10.7297],[-77.4361,-10.7236],[-77.4527,-10.7289],[-77.4599,-10.7371],[-77.465,-10.7363],[-77.4711,-10.7419],[-77.495,-10.7461],[-77.5043,-10.736],[-77.5123,-10.734],[-77.5266,-10.7363],[-77.5406,-10.7486],[-77.5566,-10.7549],[-77.5782,-10.7727],[-77.5895,-10.7862],[-77.5968,-10.7862],[-77.6088,-10.7712],[-77.6101,-10.7636],[-77.5991,-10.7577],[-77.5882,-10.7572],[-77.5847,-10.7415],[-77.5772,-10.7286],[-77.5786,-10.7237],[-77.5747,-10.7154],[-77.5742,-10.6933],[-77.5728,-10.6863],[-77.5741,-10.6627],[-77.5864,-10.6469],[-77.5827,-10.6397],[-77.5827,-10.6219],[-77.5741,-10.6147],[-77.5733,-10.5929],[-77.5767,-10.5837],[-77.596,-10.5854],[-77.6049,-10.5901],[-77.6071,-10.5944],[-77.6172,-10.5999],[-77.6372,-10.6016],[-77.6407,-10.5963],[-77.6385,-10.5738],[-77.6392,-10.563],[-77.6455,-10.5569],[-77.6443,-10.5274],[-77.6635,-10.5333],[-77.6702,-10.541],[-77.6762,-10.5376],[-77.6878,-10.5373],[-77.6984,-10.5439],[-77.7083,-10.5474],[-77.7103,-10.5602],[-77.7222,-10.5607],[-77.7263,-10.5653],[-77.7368,-10.5632],[-77.7431,-10.5533],[-77.7446,-10.5323],[-77.7379,-10.5208],[-77.7286,-10.5137],[-77.7219,-10.5119],[-77.7212,-10.5041],[-77.7113,-10.5049],[-77.7063,-10.4988],[-77.7084,-10.4849],[-77.7044,-10.4795],[-77.7012,-10.4686],[-77.6941,-10.4636],[-77.6874,-10.452],[-77.6888,-10.4386],[-77.6839,-10.4314],[-77.6767,-10.4319],[-77.6658,-10.4271],[-77.663,-10.4183],[-77.6547,-10.4172],[-77.6453,-10.4087],[-77.6346,-10.4123],[-77.6232,-10.4055],[-77.614,-10.3963],[-77.6035,-10.3889],[-77.5976,-10.3804],[-77.5977,-10.3664],[-77.6004,-10.36],[-77.617,-10.3363],[-77.6194,-10.3278],[-77.6353,-10.3249],[-77.6492,-10.3435],[-77.6669,-10.339],[-77.6772,-10.3282],[-77.6924,-10.3209],[-77.7043,-10.3253],[-77.7174,-10.3225],[-77.7354,-10.3235],[-77.7404,-10.3207],[-77.7462,-10.3244],[-77.7529,-10.3222],[-77.7564,-10.3281],[-77.7539,-10.3333],[-77.757,-10.3442],[-77.7521,-10.3729],[-77.7556,-10.384],[-77.7517,-10.3949],[-77.7541,-10.4095],[-77.7582,-10.4168],[-77.7602,-10.4302],[-77.768,-10.4316],[-77.7657,-10.4407],[-77.7745,-10.4447],[-77.7816,-10.4544],[-77.7896,-10.4596],[-77.7901,-10.4676],[-77.7962,-10.4833],[-77.7864,-10.4889],[-77.7811,-10.5073],[-77.7724,-10.5125],[-77.7717,-10.5378],[-77.7743,-10.554],[-77.7714,-10.5716],[-77.7759,-10.5753],[-77.785,-10.572],[-77.7911,-10.5838],[-77.7997,-10.5853],[-77.8131,-10.5823],[-77.8249,-10.5754],[-77.833,-10.5675],[-77.8398,-10.5683],[-77.8463,-10.5742],[-77.8565,-10.5787],[-77.8643,-10.5916],[-77.8765,-10.6053],[-77.8863,-10.6119],[-77.8791,-10.6231],[-77.8645,-10.6402],[-77.8592,-10.65],[-77.8415,-10.671],[-77.8103,-10.7014],[-77.8066,-10.7078],[-77.804,-10.7259],[-77.793,-10.7366],[-77.772,-10.7512],[-77.7625,-10.763],[-77.7599,-10.7724],[-77.7528,-10.7793],[-77.744,-10.7945],[-77.7448,-10.7997],[-77.7514,-10.8055],[-77.7502,-10.8177],[-77.7228,-10.8367],[-77.7107,-10.848],[-77.7037,-10.8577],[-77.7079,-10.8643],[-77.7084,-10.871],[-77.702,-10.8753],[-77.6984,-10.8864],[-77.6923,-10.8921],[-77.676,-10.914],[-77.6647,-10.9371],[-77.6578,-10.9465],[-77.6619,-10.9622],[-77.6536,-10.976],[-77.6485,-10.9873],[-77.6468,-10.9976],[-77.6491,-11.0043],[-77.6555,-11.0065],[-77.6617,-11.0127],[-77.6543,-11.0203],[-77.641,-11.0383],[-77.6334,-11.0545],[-77.6325,-11.0629],[-77.6374,-11.0713],[-77.6283,-11.0839],[-77.6288,-11.0953],[-77.6154,-11.1093],[-77.6125,-11.1169],[-77.6183,-11.1291],[-77.6073,-11.1415],[-77.5954,-11.1656],[-77.5923,-11.1821],[-77.5933,-11.1956],[-77.5965,-11.2063],[-77.6044,-11.2152],[-77.6106,-11.2124],[-77.6163,-11.2158],[-77.6276,-11.2171],[-77.631,-11.2118],[-77.6417,-11.2145],[-77.6473,-11.2224],[-77.6438,-11.2352],[-77.6493,-11.24],[-77.6466,-11.2553],[-77.6409,-11.2697],[-77.6419,-11.2878],[-77.6463,-11.2922],[-77.6473,-11.2998],[-77.6429,-11.3045],[-77.6016,-11.3234],[-77.5494,-11.35],[-77.5338,-11.3588],[-77.4981,-11.3772],[-77.4504,-11.4048],[-77.4317,-11.4166],[-77.3722,-11.4526],[-77.3602,-11.4607],[-77.3602,-11.4644],[-77.3517,-11.4674],[-77.3426,-11.4746],[-77.3423,-11.487],[-77.333,-11.4909],[-77.3193,-11.5],[-77.3048,-11.5122],[-77.2955,-11.5287],[-77.2957,-11.5376],[-77.2831,-11.5489],[-77.2764,-11.5589],[-77.2713,-11.5719],[-77.2713,-11.5847],[-77.2789,-11.5883],[-77.2452,-11.6172],[-77.2382,-11.6214],[-77.216,-11.639],[-77.2074,-11.6491],[-77.207,-11.6574],[-77.1995,-11.6674],[-77.1923,-11.6804],[-77.1925,-11.6909],[-77.1983,-11.6959],[-77.1836,-11.7122],[-77.1682,-11.7391],[-77.1708,-11.7516],[-77.1713,-11.764],[-77.1798,-11.7758],[-77.1871,-11.7738],[-77.1942,-11.767],[-77.1981,-11.7731],[-77.1954,-11.7805],[-77.1843,-11.79],[-77.178,-11.8019],[-77.1768,-11.8159],[-77.1832,-11.8201],[-77.1871,-11.8284],[-77.1791,-11.8284],[-77.173,-11.8248],[-77.1642,-11.8273],[-77.1471,-11.8193],[-77.1286,-11.8201],[-77.1135,-11.8336],[-77.1139,-11.8513],[-77.1002,-11.8592],[-77.1004,-11.867],[-77.0942,-11.8752],[-77.0927,-11.8918],[-77.0899,-11.9018],[-77.0968,-11.9243],[-77.1019,-11.928],[-77.1031,-11.9351],[-77.0978,-11.9415],[-77.0959,-11.9501],[-77.1085,-11.9484],[-77.1132,-11.9459],[-77.1206,-11.9505],[-77.1171,-11.969],[-77.1109,-11.9843],[-77.1156,-11.9864],[-77.1127,-11.9968],[-77.099,-12.0065],[-77.0943,-12.0063],[-77.0868,-12.016],[-77.0963,-12.0336],[-77.0935,-12.0383],[-77.083,-12.0363],[-77.0827,-12.045],[-77.0876,-12.0517],[-77.0882,-12.0617],[-77.1046,-12.0634],[-77.1049,-12.072],[-77.1117,-12.0795],[-77.1032,-12.0851],[-77.0881,-12.0917],[-77.0657,-12.1038],[-77.0526,-12.1131],[-77.0459,-12.1215],[-77.031,-12.134],[-77.0248,-12.1518],[-77.0274,-12.1646],[-77.0351,-12.1654],[-77.0336,-12.1754],[-77.039,-12.1812],[-77.0398,-12.1927],[-77.0341,-12.2005],[-77.0377,-12.2041],[-76.9614,-12.237],[-76.9369,-12.2494],[-76.9015,-12.2736],[-76.8886,-12.2849],[-76.8619,-12.2959],[-76.8465,-12.3074],[-76.836,-12.3174],[-76.8371,-12.3249],[-76.8307,-12.3314],[-76.8284,-12.3382],[-76.8193,-12.3394],[-76.8162,-12.3434],[-76.817,-12.3524],[-76.8058,-12.3573],[-76.799,-12.363],[-76.7994,-12.3674],[-76.7858,-12.385],[-76.7774,-12.3941],[-76.7814,-12.3981],[-76.7757,-12.4045],[-76.7816,-12.415],[-76.7794,-12.4263],[-76.7758,-12.4333],[-76.7766,-12.4417],[-76.7851,-12.4434],[-76.7838,-12.4556],[-76.7881,-12.4559],[-76.7892,-12.4691],[-76.7931,-12.479],[-76.7992,-12.4856],[-76.7993,-12.5091],[-76.7541,-12.535],[-76.7354,-12.5493],[-76.7353,-12.556],[-76.7269,-12.5591],[-76.7251,-12.5642],[-76.7187,-12.5663],[-76.7055,-12.5801],[-76.7031,-12.586],[-76.7059,-12.5937],[-76.6988,-12.5983],[-76.6847,-12.6119],[-76.6837,-12.6181],[-76.6724,-12.6278],[-76.6684,-12.6465],[-76.6743,-12.6516],[-76.6693,-12.6655],[-76.6593,-12.6764],[-76.6538,-12.6889],[-76.6564,-12.6962],[-76.6401,-12.7082],[-76.6322,-12.7169],[-76.63,-12.7272],[-76.6345,-12.7322],[-76.6357,-12.7433],[-76.6225,-12.7552],[-76.6116,-12.7692],[-76.6092,-12.7777],[-76.5994,-12.7816],[-76.5825,-12.794],[-76.5638,-12.8062],[-76.5597,-12.8113],[-76.5587,-12.8212],[-76.5379,-12.8331],[-76.5195,-12.8505],[-76.5154,-12.8603],[-76.518,-12.8708],[-76.5125,-12.8979],[-76.5096,-12.9015],[-76.5091,-12.9166],[-76.5058,-12.9258],[-76.5066,-12.9473],[-76.5138,-12.9521],[-76.5115,-12.9651],[-76.506,-12.971],[-76.5045,-12.983],[-76.4974,-12.99],[-76.4834,-13.0148],[-76.4832,-13.0273],[-76.4898,-13.0318],[-76.4798,-13.044],[-76.4583,-13.0647],[-76.4342,-13.0903],[-76.3999,-13.1306],[-76.3923,-13.1387],[-76.3911,-13.1462],[-76.3759,-13.1607],[-76.3613,-13.1774],[-76.3547,-13.1922],[-76.3125,-13.2418],[-76.2841,-13.2722],[-76.2743,-13.2853],[-76.2545,-13.3088],[-76.2448,-13.3235],[-76.2337,-13.3158],[-76.2073,-13.3061],[-76.1998,-13.2959],[-76.1888,-13.2698],[-76.1858,-13.2593],[-76.1719,-13.2428],[-76.1676,-13.2315],[-76.161,-13.2209],[-76.1622,-13.2185],[-76.156,-13.1937],[-76.1397,-13.1802],[-76.1285,-13.1775],[-76.0996,-13.1542],[-76.0958,-13.1472],[-76.0904,-13.1442],[-76.0724,-13.1283],[-76.0676,-13.1272],[-76.0494,-13.1146],[-76.0419,-13.1057],[-76.034,-13.1031],[-76.0214,-13.0939],[-76.0181,-13.088],[-76.0119,-13.0855],[-76.0038,-13.0735],[-75.9842,-13.0529],[-75.9692,-13.0416],[-75.9682,-13.0321],[-75.9608,-13.0204],[-75.9628,-13.0096],[-75.9614,-13.0014],[-75.9511,-12.9982],[-75.9429,-12.9922],[-75.9377,-12.9913],[-75.9139,-13.0069],[-75.9016,-13.0102],[-75.8983,-13.0133],[-75.8788,-13.016],[-75.8719,-13.0246],[-75.848,-13.0361],[-75.8391,-13.0307],[-75.8269,-13.0294],[-75.8216,-13.0332],[-75.8202,-13.0476],[-75.8165,-13.0535],[-75.8077,-13.0516],[-75.8021,-13.0604],[-75.7934,-13.0558],[-75.7823,-13.0443],[-75.7725,-13.0379],[-75.7693,-13.0266],[-75.7622,-13.0189],[-75.759,-13.0243],[-75.7521,-13.0282],[-75.744,-13.0254],[-75.7255,-13.0381],[-75.707,-13.0396],[-75.6905,-13.0351],[-75.6861,-13.0253],[-75.6704,-13.0226],[-75.6649,-13.012],[-75.6687,-13.0035],[-75.6632,-12.994],[-75.6516,-12.9942],[-75.6342,-12.9854],[-75.6375,-12.9732],[-75.6263,-12.9663],[-75.6144,-12.9649]]]},"properties":{"shapeName":"Lima","shapeISO":"PE-LIM","shapeID":"20122684B48634907341905","shapeGroup":"PER","shapeType":"ADM1"}},
{"type":"Feature","geometry":{"type":"Polygon","coordinates":[[[-74.573,-10.9126],[-74.5886,-10.9107],[-74.5948,-10.9115],[-74.6141,-10.9046],[-74.6235,-10.8909],[-74.6303,-10.8889],[-74.6335,-10.8841],[-74.6342,-10.8736],[-74.6402,-10.8691],[-74.6493,-10.8671],[-74.6578,-10.874],[-74.6657,-10.8729],[-74.6785,-10.8793],[-74.6813,-10.8892],[-74.6949,-10.8849],[-74.701,-10.8762],[-74.7079,-10.8581],[-74.7221,-10.8478],[-74.7327,-10.8357],[-74.7406,-10.8361],[-74.7449,-10.8325],[-74.7604,-10.8251],[-74.7682,-10.8304],[-74.7761,-10.8266],[-74.7918,-10.8311],[-74.8102,-10.8118],[-74.8313,-10.7805],[-74.8394,-10.7644],[-74.8428,-10.7526],[-74.8511,-10.7329],[-74.8701,-10.7082],[-74.8777,-10.7023],[-74.8828,-10.7023],[-74.8862,-10.7095],[-74.8796,-10.7232],[-74.8715,-10.7367],[-74.866,-10.7594],[-74.8758,-10.764],[-74.882,-10.7639],[-74.8852,-10.7706],[-74.8933,-10.7691],[-74.9031,-10.7574],[-74.9145,-10.7483],[-74.9221,-10.7522],[-74.9393,-10.7488],[-74.9448,-10.7415],[-74.9492,-10.7407],[-74.9565,-10.7328],[-74.9606,-10.739],[-74.9793,-10.7469],[-74.9878,-10.7438],[-74.9865,-10.7355],[-75.0035,-10.718],[-75.0028,-10.6989],[-75.0069,-10.6878],[-75.0167,-10.6771],[-75.0238,-10.6806],[-75.0375,-10.6814],[-75.0392,-10.6728],[-75.0544,-10.6571],[-75.0655,-10.6538],[-75.0743,-10.6658],[-75.0716,-10.6778],[-75.0797,-10.6833],[-75.0884,-10.6835],[-75.0878,-10.6887],[-75.1025,-10.7143],[-75.111,-10.7245],[-75.1198,-10.7302],[-75.1359,-10.7256],[-75.149,-10.7233],[-75.1577,-10.7199],[-75.175,-10.7196],[-75.191,-10.7157],[-75.1946,-10.7193],[-75.1915,-10.73],[-75.2021,-10.7324],[-75.213,-10.7463],[-75.2043,-10.7647],[-75.2158,-10.7692],[-75.2225,-10.7661],[-75.2355,-10.7655],[-75.2451,-10.7672],[-75.246,-10.7748],[-75.2432,-10.7864],[-75.2485,-10.8026],[-75.2574,-10.8089],[-75.2612,-10.8159],[-75.263,-10.8267],[-75.2726,-10.8303],[-75.2845,-10.8416],[-75.2928,-10.843],[-75.3024,-10.8554],[-75.3173,-10.8636],[-75.3252,-10.8599],[-75.3306,-10.8651],[-75.3506,-10.8649],[-75.3553,-10.8616],[-75.3631,-10.8501],[-75.3679,-10.8502],[-75.379,-10.8561],[-75.3843,-10.8643],[-75.3913,-10.8606],[-75.3953,-10.8537],[-75.4064,-10.8561],[-75.4107,-10.86],[-75.4126,-10.8691],[-75.4106,-10.877],[-75.4183,-10.8903],[-75.4309,-10.8793],[-75.4376,-10.8798],[-75.4473,-10.8881],[-75.4495,-10.8965],[-75.4534,-10.9003],[-75.4652,-10.9011],[-75.4669,-10.889],[-75.4729,-10.8819],[-75.4731,-10.8726],[-75.4776,-10.8655],[-75.4808,-10.8498],[-75.475,-10.8424],[-75.4746,-10.829],[-75.48,-10.8192],[-75.4742,-10.8098],[-75.4671,-10.8062],[-75.4705,-10.798],[-75.4595,-10.7859],[-75.4599,-10.779],[-75.469,-10.7739],[-75.4727,-10.7795],[-75.4818,-10.7787],[-75.4829,-10.7655],[-75.4902,-10.7568],[-75.4983,-10.7587],[-75.5097,-10.754],[-75.514,-10.7565],[-75.5231,-10.7537],[-75.5312,-10.7436],[-75.5436,-10.741],[-75.5502,-10.7458],[-75.5579,-10.7439],[-75.5627,-10.7321],[-75.5683,-10.7332],[-75.5738,-10.747],[-75.5759,-10.7599],[-75.5743,-10.7704],[-75.5765,-10.781],[-75.5841,-10.8016],[-75.5897,-10.8109],[-75.6015,-10.8139],[-75.6056,-10.8219],[-75.6151,-10.8225],[-75.6409,-10.8268],[-75.6498,-10.8234],[-75.6661,-10.8286],[-75.6723,-10.8363],[-75.6785,-10.8402],[-75.6934,-10.8342],[-75.6885,-10.8273],[-75.6933,-10.8172],[-75.7127,-10.8142],[-75.7195,-10.8094],[-75.7324,-10.8092],[-75.7431,-10.8225],[-75.7562,-10.8293],[-75.7627,-10.8302],[-75.7727,-10.8259],[-75.786,-10.8246],[-75.807,-10.8391],[-75.8154,-10.847],[-75.8183,-10.854],[-75.816,-10.8729],[-75.8306,-10.8766],[-75.8384,-10.8863],[-75.8498,-10.8804],[-75.8515,-10.8733],[-75.8583,-10.8679],[-75.8653,-10.8765],[-75.874,-10.8677],[-75.8829,-10.8699],[-75.897,-10.8688],[-75.9171,-10.8744],[-75.9228,-10.8831],[-75.9306,-10.8834],[-75.9359,-10.8897],[-75.9386,-10.8799],[-75.9371,-10.8715],[-75.9511,-10.8638],[-75.9557,-10.8588],[-75.9616,-10.844],[-75.9702,-10.8432],[-75.9789,-10.8321],[-75.9927,-10.821],[-76.0081,-10.8304],[-76.0088,-10.8387],[-76.015,-10.8427],[-76.0257,-10.856],[-76.0294,-10.8578],[-76.0424,-10.8732],[-76.0445,-10.8795],[-76.0508,-10.8835],[-76.0572,-10.8831],[-76.0681,-10.8866],[-76.0797,-10.8938],[-76.0913,-10.9066],[-76.092,-10.9135],[-76.099,-10.9303],[-76.1091,-10.9389],[-76.11,-10.9467],[-76.1223,-10.9526],[-76.1326,-10.947],[-76.1407,-10.95],[-76.144,-10.9462],[-76.1589,-10.9502],[-76.1687,-10.9485],[-76.1715,-10.9535],[-76.1811,-10.9584],[-76.1909,-10.9603],[-76.1983,-10.951],[-76.2009,-10.9441],[-76.2074,-10.9435],[-76.2098,-10.919],[-76.2237,-10.915],[-76.2295,-10.9159],[-76.2491,-10.9246],[-76.2589,-10.9201],[-76.2658,-10.9202],[-76.2798,-10.9131],[-76.2786,-10.9278],[-76.2762,-10.9328],[-76.2783,-10.9425],[-76.266,-10.958],[-76.2729,-10.971],[-76.2658,-10.9807],[-76.2669,-10.9846],[-76.2636,-10.9988],[-76.2563,-11.0114],[-76.26,-11.015],[-76.2534,-11.0223],[-76.2596,-11.0259],[-76.2514,-11.0319],[-76.2511,-11.04],[-76.2435,-11.0413],[-76.2412,-11.0611],[-76.2441,-11.0766],[-76.2483,-11.0825],[-76.2512,-11.0954],[-76.2494,-11.1073],[-76.2431,-11.1153],[-76.2386,-11.1153],[-76.2263,-11.1285],[-76.2237,-11.1365],[-76.2189,-11.139],[-76.2152,-11.1484],[-76.2278,-11.1556],[-76.2327,-11.1504],[-76.2449,-11.143],[-76.2522,-11.1505],[-76.2629,-11.1496],[-76.2713,-11.1427],[-76.2802,-11.1382],[-76.2886,-11.1378],[-76.2937,-11.1336],[-76.3079,-11.1327],[-76.3179,-11.1104],[-76.3197,-11.0967],[-76.3181,-11.0916],[-76.3319,-11.0836],[-76.3414,-11.0847],[-76.351,-11.0942],[-76.3593,-11.0875],[-76.3836,-11.0803],[-76.3829,-11.0749],[-76.3923,-11.0704],[-76.3972,-11.0758],[-76.4259,-11.0756],[-76.4355,-11.0795],[-76.4468,-11.0712],[-76.4519,-11.0798],[-76.4582,-11.0785],[-76.4646,-11.0847],[-76.4775,-11.0831],[-76.4912,-11.0894],[-76.4919,-11.0994],[-76.4954,-11.1091],[-76.5184,-11.1161],[-76.5176,-11.122],[-76.5115,-11.1281],[-76.5083,-11.1403],[-76.5049,-11.1451],[-76.5026,-11.1623],[-76.5069,-11.1698],[-76.4951,-11.183],[-76.4921,-11.1893],[-76.494,-11.2107],[-76.4888,-11.2185],[-76.4841,-11.2302],[-76.4851,-11.2442],[-76.4907,-11.2466],[-76.4839,-11.2575],[-76.4766,-11.2642],[-76.4622,-11.2658],[-76.4639,-11.2712],[-76.4708,-11.2779],[-76.477,-11.2879],[-76.4777,-11.2935],[-76.4633,-11.3125],[-76.4645,-11.3205],[-76.4596,-11.3259],[-76.4569,-11.335],[-76.451,-11.3439],[-76.4434,-11.3473],[-76.4317,-11.3456],[-76.4227,-11.3549],[-76.4204,-11.3737],[-76.4141,-11.3796],[-76.4134,-11.3849],[-76.408,-11.3904],[-76.4014,-11.4029],[-76.4043,-11.4092],[-76.4118,-11.4146],[-76.4058,-11.4233],[-76.3943,-11.445],[-76.388,-11.4464],[-76.3795,-11.4437],[-76.3715,-11.4755],[-76.381,-11.4863],[-76.3764,-11.4981],[-76.3717,-11.5052],[-76.3618,-11.5146],[-76.3594,-11.5229],[-76.3509,-11.5201],[-76.3487,-11.5282],[-76.3501,-11.5421],[-76.3394,-11.5445],[-76.3279,-11.5443],[-76.3258,-11.5521],[-76.3213,-11.5532],[-76.3175,-11.5627],[-76.31,-11.5635],[-76.3003,-11.5744],[-76.3012,-11.5848],[-76.2974,-11.5923],[-76.2929,-11.5888],[-76.2868,-11.5912],[-76.2718,-11.5801],[-76.2687,-11.5706],[-76.262,-11.5667],[-76.2545,-11.569],[-76.2446,-11.5664],[-76.2374,-11.569],[-76.2273,-11.5539],[-76.2237,-11.5627],[-76.2131,-11.5712],[-76.2055,-11.5744],[-76.1994,-11.5884],[-76.1933,-11.5875],[-76.1877,-11.5928],[-76.1879,-11.6023],[-76.1798,-11.6109],[-76.1947,-11.6197],[-76.1988,-11.6275],[-76.1913,-11.6337],[-76.1883,-11.6424],[-76.1924,-11.6484],[-76.2049,-11.6595],[-76.2019,-11.6681],[-76.1933,-11.6735],[-76.196,-11.6767],[-76.1943,-11.686],[-76.1972,-11.6934],[-76.2048,-11.6946],[-76.2073,-11.7024],[-76.2034,-11.7086],[-76.2023,-11.728],[-76.1982,-11.7378],[-76.1889,-11.7377],[-76.1754,-11.7504],[-76.1729,-11.7626],[-76.1544,-11.7814],[-76.1461,-11.782],[-76.1437,-11.7766],[-76.1369,-11.781],[-76.1335,-11.7924],[-76.1252,-11.7955],[-76.1126,-11.8116],[-76.1061,-11.8241],[-76.1042,-11.8316],[-76.0981,-11.8369],[-76.0948,-11.8479],[-76.0906,-11.8506],[-76.0846,-11.8604],[-76.0784,-11.8631],[-76.0744,-11.869],[-76.0582,-11.88],[-76.0513,-11.8922],[-76.0503,-11.9096],[-76.0582,-11.9128],[-76.0572,-11.9244],[-76.0519,-11.939],[-76.0526,-11.9482],[-76.0412,-11.9558],[-76.0387,-11.9628],[-76.0196,-11.976],[-76.0143,-11.9843],[-76.0007,-11.9851],[-75.9943,-11.9893],[-75.9813,-11.9882],[-75.9753,-11.9839],[-75.9645,-11.9889],[-75.9592,-11.9852],[-75.9507,-11.9883],[-75.9486,-11.9944],[-75.926,-11.9843],[-75.9106,-11.9893],[-75.9074,-11.9964],[-75.9016,-11.9979],[-75.8969,-11.9931],[-75.8843,-11.9936],[-75.8744,-12.0004],[-75.8682,-12.0006],[-75.8528,-12.0082],[-75.8425,-12.0065],[-75.835,-12.0205],[-75.8285,-12.0244],[-75.8241,-12.0157],[-75.8189,-12.0137],[-75.8146,-12.0207],[-75.8021,-12.0307],[-75.7996,-12.0346],[-75.7866,-12.0394],[-75.7765,-12.0518],[-75.7657,-12.0596],[-75.752,-12.0554],[-75.7431,-12.0468],[-75.7422,-12.0367],[-75.7167,-12.0465],[-75.7088,-12.0454],[-75.7011,-12.0482],[-75.6943,-12.0427],[-75.6852,-12.0522],[-75.6738,-12.0583],[-75.6767,-12.0664],[-75.6847,-12.0713],[-75.6882,-12.0821],[-75.6733,-12.0852],[-75.6594,-12.0939],[-75.6547,-12.1027],[-75.6378,-12.1142],[-75.6388,-12.1209],[-75.6304,-12.1281],[-75.627,-12.1348],[-75.6275,-12.1417],[-75.6414,-12.1492],[-75.649,-12.1631],[-75.6485,-12.1742],[-75.6585,-12.1752],[-75.658,-12.1839],[-75.6641,-12.1941],[-75.652,-12.2068],[-75.6521,-12.2145],[-75.6451,-12.2201],[-75.6452,-12.2244],[-75.6273,-12.2484],[-75.6161,-12.2565],[-75.6162,-12.2638],[-75.6092,-12.2677],[-75.603,-12.2796],[-75.5965,-12.2871],[-75.5915,-12.2973],[-75.5902,-12.3054],[-75.5926,-12.3141],[-75.5888,-12.3247],[-75.5827,-12.3284],[-75.5711,-12.3298],[-75.5641,-12.3363],[-75.5545,-12.3594],[-75.5487,-12.3642],[-75.5512,-12.3758],[-75.5616,-12.3909],[-75.5598,-12.3973],[-75.5595,-12.4227],[-75.5554,-12.4312],[-75.5574,-12.4566],[-75.5551,-12.4643],[-75.545,-12.4838],[-75.5425,-12.495],[-75.5393,-12.5003],[-75.5411,-12.5061],[-75.5362,-12.5173],[-75.5388,-12.5228],[-75.5454,-12.5256],[-75.5457,-12.5327],[-75.552,-12.5449],[-75.5589,-12.5452],[-75.5664,-12.5527],[-75.5665,-12.5582],[-75.5718,-12.5641],[-75.5666,-12.5709],[-75.5728,-12.5898],[-75.5794,-12.5951],[-75.579,-12.6031],[-75.5828,-12.6218],[-75.5805,-12.6279],[-75.5796,-12.6415],[-75.5688,-12.6326],[-75.5593,-12.6308],[-75.5387,-12.6217],[-75.5289,-12.6209],[-75.5168,-12.6263],[-75.5106,-12.6345],[-75.499,-12.6386],[-75.4986,-12.6425],[-75.4909,-12.6479],[-75.4883,-12.6565],[-75.4895,-12.6633],[-75.4842,-12.6761],[-75.4774,-12.6775],[-75.4672,-12.6833],[-75.4593,-12.6747],[-75.456,-12.6621],[-75.4526,-12.6577],[-75.4571,-12.6499],[-75.4608,-12.6314],[-75.4535,-12.6225],[-75.4426,-12.6177],[-75.4315,-12.6257],[-75.4231,-12.6255],[-75.4179,-12.629],[-75.4101,-12.6179],[-75.4121,-12.5999],[-75.4092,-12.5971],[-75.4094,-12.5847],[-75.3991,-12.5825],[-75.3907,-12.5749],[-75.3891,-12.5703],[-75.3792,-12.5575],[-75.3726,-12.5534],[-75.3684,-12.5445],[-75.3624,-12.5396],[-75.3475,-12.5344],[-75.3365,-12.522],[-75.3287,-12.5168],[-75.3193,-12.5145],[-75.3187,-12.5034],[-75.3247,-12.4871],[-75.3139,-12.4845],[-75.3095,-12.4791],[-75.3021,-12.4805],[-75.2977,-12.4852],[-75.2888,-12.4755],[-75.28,-12.4738],[-75.2784,-12.4678],[-75.2659,-12.4672],[-75.2465,-12.4627],[-75.2385,-12.4703],[-75.2296,-12.4756],[-75.223,-12.4671],[-75.2155,-12.4634],[-75.2149,-12.4518],[-75.2196,-12.4469],[-75.2233,-12.4355],[-75.2149,-12.4206],[-75.2139,-12.4139],[-75.2172,-12.4072],[-75.2153,-12.3948],[-75.2201,-12.3905],[-75.2079,-12.3835],[-75.1926,-12.3671],[-75.1867,-12.3665],[-75.1824,-12.3603],[-75.176,-12.3726],[-75.1694,-12.3796],[-75.1646,-12.3891],[-75.1541,-12.3957],[-75.1469,-12.3955],[-75.1358,-12.3806],[-75.1313,-12.3784],[-75.1366,-12.3491],[-75.1402,-12.3421],[-75.1352,-12.3353],[-75.1293,-12.3344],[-75.1298,-12.328],[-75.1205,-12.308],[-75.1104,-12.3035],[-75.1037,-12.2951],[-75.0982,-12.2836],[-75.1042,-12.2783],[-75.1052,-12.2711],[-75.1004,-12.2511],[-75.0927,-12.2505],[-75.0924,-12.2444],[-75.0855,-12.2367],[-75.0796,-12.2343],[-75.0716,-12.2352],[-75.0701,-12.2299],[-75.0631,-12.2209],[-75.0592,-12.2058],[-75.0494,-12.2013],[-75.0538,-12.1876],[-75.0483,-12.1703],[-75.0557,-12.1652],[-75.0726,-12.1578],[-75.0769,-12.1471],[-75.069,-12.1429],[-75.0631,-12.1335],[-75.0679,-12.1271],[-75.0651,-12.1153],[-75.0709,-12.1129],[-75.0713,-12.1024],[-75.0658,-12.0939],[-75.0701,-12.0829],[-75.0695,-12.0755],[-75.0738,-12.0687],[-75.0746,-12.0601],[-75.0861,-12.0548],[-75.0747,-12.038],[-75.0673,-12.0362],[-75.0652,-12.0254],[-75.0471,-12.0116],[-75.0493,-11.9998],[-75.0361,-11.9993],[-75.0222,-12.0049],[-75.0208,-12.0133],[-75.0123,-12.0112],[-75.0104,-12.0159],[-74.9964,-12.0208],[-74.9897,-12.0174],[-74.9795,-12.0193],[-74.9742,-12.0237],[-74.9591,-12.0229],[-74.9538,-12.0164],[-74.9434,-12.0172],[-74.9304,-12.0229],[-74.92,-12.0329],[-74.9079,-12.0365],[-74.8963,-12.0489],[-74.8809,-12.0537],[-74.8708,-12.066],[-74.8602,-12.0662],[-74.851,-12.0698],[-74.8374,-12.0708],[-74.8301,-12.0626],[-74.8193,-12.0538],[-74.8085,-12.0574],[-74.7887,-12.058],[-74.7811,-12.0534],[-74.7629,-12.0524],[-74.7501,-12.0422],[-74.741,-12.0421],[-74.7304,-12.0478],[-74.7208,-12.0597],[-74.7111,-12.0574],[-74.701,-12.0456],[-74.683,-12.0359],[-74.6795,-12.0177],[-74.6614,-12.0056],[-74.6591,-11.9958],[-74.6555,-11.9923],[-74.6489,-11.9949],[-74.6427,-11.9887],[-74.6318,-11.9853],[-74.6242,-11.9852],[-74.6173,-11.9901],[-74.6125,-11.988],[-74.6036,-11.9995],[-74.5925,-11.995],[-74.5947,-11.9874],[-74.582,-11.9879],[-74.5717,-11.9848],[-74.5692,-11.9946],[-74.5577,-12.0009],[-74.5501,-11.9964],[-74.5436,-11.999],[-74.5291,-12.0147],[-74.5028,-12.0202],[-74.4884,-12.0332],[-74.4819,-12.0276],[-74.4752,-12.0297],[-74.4699,-12.0275],[-74.4631,-12.0351],[-74.4555,-12.0336],[-74.4397,-12.0519],[-74.4404,-12.0567],[-74.4336,-12.0694],[-74.4299,-12.0714],[-74.4228,-12.0673],[-74.4142,-12.0767],[-74.4146,-12.0846],[-74.4195,-12.0938],[-74.4066,-12.1072],[-74.3988,-12.1036],[-74.3948,-12.1097],[-74.3796,-12.1199],[-74.3635,-12.1378],[-74.3564,-12.1355],[-74.3514,-12.1383],[-74.3524,-12.1478],[-74.3582,-12.1487],[-74.3613,-12.1552],[-74.3546,-12.1643],[-74.3471,-12.1651],[-74.3459,-12.1737],[-74.3515,-12.1764],[-74.345,-12.194],[-74.3342,-12.1945],[-74.3307,-12.2121],[-74.3365,-12.2149],[-74.3219,-12.2298],[-74.3144,-12.2304],[-74.3127,-12.2245],[-74.2973,-12.226],[-74.2917,-12.2299],[-74.2841,-12.2406],[-74.2705,-12.2391],[-74.2632,-12.2465],[-74.2582,-12.2559],[-74.249,-12.2575],[-74.2471,-12.2682],[-74.241,-12.2706],[-74.2331,-12.2675],[-74.2238,-12.2771],[-74.218,-12.2781],[-74.2209,-12.2861],[-74.2158,-12.292],[-74.2219,-12.2983],[-74.2155,-12.3034],[-74.2069,-12.2983],[-74.1999,-12.3025],[-74.1867,-12.3044],[-74.1876,-12.3144],[-74.1797,-12.3174],[-74.1767,-12.3141],[-74.1653,-12.3132],[-74.1593,-12.3211],[-74.1473,-12.3244],[-74.1403,-12.3162],[-74.1312,-12.3146],[-74.1308,-12.3288],[-74.1214,-12.3336],[-74.1123,-12.3193],[-74.106,-12.3153],[-74.1014,-12.304],[-74.0981,-12.2838],[-74.0829,-12.2811],[-74.0758,-12.2816],[-74.0688,-12.2767],[-74.0646,-12.2784],[-74.0574,-12.275],[-74.0551,-12.2693],[-74.0378,-12.2623],[-74.031,-12.2706],[-74.019,-12.2784],[-74.0097,-12.2789],[-74.0042,-12.2835],[-73.9977,-12.2825],[-73.9888,-12.274],[-73.9839,-12.2586],[-73.9849,-12.2533],[-73.9805,-12.2426],[-73.9723,-12.2436],[-73.9658,-12.2388],[-73.9467,-12.2333],[-73.9383,-12.2231],[-73.9238,-12.2247],[-73.8998,-12.2487],[-73.8833,-12.2358],[-73.8734,-12.2336],[-73.8605,-12.2399],[-73.8432,-12.2394],[-73.8312,-12.2278],[-73.8139,-12.2248],[-73.8019,-12.2203],[-73.7937,-12.2305],[-73.7796,-12.2377],[-73.7724,-12.2383],[-73.7651,-12.2454],[-73.7614,-12.2532],[-73.752,-12.2554],[-73.7369,-12.2668],[-73.7227,-12.2638],[-73.7078,-12.2679],[-73.7004,-12.2733],[-73.6999,-12.2774],[-73.6909,-12.291],[-73.6891,-12.2994],[-73.682,-12.3052],[-73.6751,-12.3149],[-73.665,-12.3211],[-73.6599,-12.3297],[-73.6608,-12.3367],[-73.656,-12.3517],[-73.6583,-12.3574],[-73.6372,-12.3784],[-73.6288,-12.3738],[-73.6144,-12.3767],[-73.6072,-12.3803],[-73.6042,-12.3869],[-73.5991,-12.3859],[-73.5905,-12.3769],[-73.5861,-12.3662],[-73.5894,-12.3619],[-73.5864,-12.3487],[-73.5879,-12.3406],[-73.585,-12.3131],[-73.5818,-12.3009],[-73.5789,-12.2972],[-73.5743,-12.2768],[-73.5589,-12.2749],[-73.554,-12.265],[-73.5481,-12.2609],[-73.5337,-12.259],[-73.5258,-12.2516],[-73.5168,-12.2491],[-73.5076,-12.2529],[-73.4924,-12.2505],[-73.48,-12.2421],[-73.4694,-12.2377],[-73.4696,-12.22],[-73.4647,-12.2148],[-73.4609,-12.1961],[-73.4461,-12.1603],[-73.4395,-12.152],[-73.429,-12.1526],[-73.4176,-12.1479],[-73.4174,-12.1453],[-73.397,-12.1395],[-73.3817,-12.1406],[-73.3619,-12.136],[-73.3618,-12.127],[-73.3554,-12.1143],[-73.3639,-12.1117],[-73.3785,-12.1036],[-73.3889,-12.1009],[-73.3996,-12.0925],[-73.4004,-12.0886],[-73.3913,-12.0767],[-73.4003,-12.0735],[-73.4077,-12.066],[-73.3989,-12.0458],[-73.3979,-12.0209],[-73.4068,-12.0056],[-73.4181,-12.0151],[-73.4249,-12.0105],[-73.425,-12.0039],[-73.434,-11.9984],[-73.4377,-11.9896],[-73.4303,-11.9813],[-73.4402,-11.9707],[-73.4452,-11.9593],[-73.4411,-11.9442],[-73.4471,-11.9349],[-73.4562,-11.9341],[-73.4627,-11.9298],[-73.4637,-11.9233],[-73.4763,-11.9075],[-73.4857,-11.8923],[-73.4905,-11.8782],[-73.5111,-11.8624],[-73.5306,-11.8575],[-73.5456,-11.8523],[-73.5553,-11.8524],[-73.5687,-11.8451],[-73.5775,-11.8365],[-73.5808,-11.8241],[-73.5813,-11.7891],[-73.5792,-11.7727],[-73.5705,-11.7629],[-73.57,-11.7563],[-73.5745,-11.7341],[-73.5832,-11.7188],[-73.5974,-11.7009],[-73.602,-11.6904],[-73.6086,-11.6852],[-73.6124,-11.6747],[-73.6083,-11.6602],[-73.5997,-11.6451],[-73.5944,-11.6403],[-73.5836,-11.6208],[-73.582,-11.6156],[-73.5597,-11.5921],[-73.551,-11.5868],[-73.5316,-11.5786],[-73.5143,-11.5682],[-73.5032,-11.5638],[-73.4921,-11.5518],[-73.493,-11.5462],[-73.4871,-11.5349],[-73.4762,-11.539],[-73.4652,-11.536],[-73.4556,-11.5357],[-73.4497,-11.5319],[-73.4538,-11.5053],[-73.4615,-11.4953],[-73.469,-11.4823],[-73.4797,-11.4714],[-73.4745,-11.4622],[-73.4767,-11.4589],[-73.469,-11.4452],[-73.4558,-11.4402],[-73.4526,-11.4247],[-73.4459,-11.4206],[-73.4433,-11.4097],[-73.4301,-11.3999],[-73.4197,-11.3839],[-73.4498,-11.3681],[-73.4637,-11.3543],[-73.4671,-11.3442],[-73.4706,-11.344],[-73.4807,-11.3541],[-73.4856,-11.3443],[-73.4799,-11.3303],[-73.4803,-11.3227],[-73.4841,-11.3193],[-73.4713,-11.3056],[-73.4601,-11.3027],[-73.4631,-11.2936],[-73.463,-11.2826],[-73.4544,-11.2631],[-73.4557,-11.2575],[-73.4499,-11.2356],[-73.4501,-11.2247],[-73.4544,-11.2211],[-73.4592,-11.2088],[-73.4584,-11.1954],[-73.4633,-11.1855],[-73.462,-11.1793],[-73.4666,-11.1661],[-73.4676,-11.1564],[-73.4752,-11.1284],[-73.4669,-11.12],[-73.4696,-11.1065],[-73.4742,-11.099],[-73.4713,-11.087],[-73.4782,-11.0787],[-73.4826,-11.0652],[-73.4888,-11.0624],[-73.4983,-11.064],[-73.5066,-11.0579],[-73.5229,-11.058],[-73.5426,-11.0474],[-73.5436,-11.035],[-73.5406,-11.0286],[-73.5439,-11.0204],[-73.553,-11.0141],[-73.5545,-11.0034],[-73.5582,-10.9991],[-73.5594,-10.9899],[-73.5587,-10.9753],[-73.5656,-10.9682],[-73.5715,-10.9581],[-73.5717,-10.9486],[-73.5648,-10.9368],[-73.5673,-10.9059],[-73.5636,-10.8974],[-73.5629,-10.8884],[-73.559,-10.8741],[-73.5603,-10.8606],[-73.5716,-10.8567],[-73.5743,-10.8523],[-73.5805,-10.8546],[-73.5943,-10.8526],[-73.6104,-10.8466],[-73.6361,-10.8248],[-73.6597,-10.807],[-73.6675,-10.7994],[-73.6656,-10.7932],[-73.6714,-10.7887],[-73.6768,-10.7901],[-73.6962,-10.773],[-73.7043,-10.7713],[-73.7149,-10.7599],[-73.7293,-10.7556],[-73.734,-10.7511],[-73.7371,-10.7373],[-73.7421,-10.734],[-73.7572,-10.7359],[-73.7765,-10.7493],[-73.782,-10.7506],[-73.7833,-10.758],[-73.7785,-10.775],[-73.7818,-10.7862],[-73.7907,-10.7964],[-73.8005,-10.7959],[-73.8142,-10.7999],[-73.8118,-10.8056],[-73.8178,-10.8138],[-73.8189,-10.8254],[-73.8168,-10.8301],[-73.8222,-10.8361],[-73.8216,-10.8444],[-73.8169,-10.8504],[-73.816,-10.8579],[-73.8208,-10.879],[-73.8149,-10.8829],[-73.8142,-10.8916],[-73.8211,-10.8967],[-73.8178,-10.9018],[-73.8259,-10.9096],[-73.8234,-10.9211],[-73.8322,-10.933],[-73.8455,-10.9439],[-73.8483,-10.9508],[-73.8541,-10.9549],[-73.8572,-10.962],[-73.8578,-10.9716],[-73.8611,-10.9741],[-73.8637,-11.0017],[-73.864,-11.0181],[-73.8664,-11.0254],[-73.8666,-11.0374],[-73.8628,-11.0701],[-73.8631,-11.0907],[-73.8656,-11.0987],[-73.8597,-11.1326],[-73.8613,-11.1455],[-73.8574,-11.1587],[-73.8527,-11.1643],[-73.8631,-11.1691],[-73.8782,-11.1683],[-73.8887,-11.1701],[-73.8993,-11.1558],[-73.9085,-11.1517],[-73.9165,-11.1431],[-73.9347,-11.1423],[-73.9418,-11.1512],[-73.9503,-11.1514],[-73.9574,-11.1481],[-73.9584,-11.1415],[-73.9667,-11.1312],[-73.9759,-11.1255],[-73.9783,-11.1206],[-73.9815,-11.0994],[-73.9837,-11.0927],[-73.9783,-11.0831],[-73.9787,-11.07],[-73.9891,-11.0411],[-73.9908,-11.0269],[-73.9961,-11.0174],[-74.0055,-10.9932],[-74.0221,-10.9933],[-74.0248,-10.9904],[-74.0363,-10.989],[-74.0431,-10.9921],[-74.0614,-10.9957],[-74.0648,-10.9931],[-74.0771,-10.9928],[-74.0918,-10.9868],[-74.1075,-10.9868],[-74.1165,-10.9909],[-74.1276,-10.9884],[-74.1368,-10.9886],[-74.1418,-10.996],[-74.148,-10.9988],[-74.1579,-10.9984],[-74.1617,-10.9954],[-74.1779,-10.9905],[-74.1825,-10.9858],[-74.1909,-10.986],[-74.1984,-10.9972],[-74.2015,-11.0197],[-74.2199,-11.0208],[-74.2245,-11.0191],[-74.2564,-11.0182],[-74.2815,-11.0331],[-74.2939,-11.0313],[-74.32,-11.0384],[-74.3394,-11.054],[-74.3503,-11.0567],[-74.3642,-11.0548],[-74.3737,-11.0565],[-74.3919,-11.0447],[-74.4001,-11.0432],[-74.4134,-11.0336],[-74.4186,-11.0252],[-74.4454,-11.0049],[-74.4521,-11.0013],[-74.4624,-11.0006],[-74.4847,-11.0022],[-74.4945,-11.0011],[-74.5001,-10.996],[-74.5038,-10.9778],[-74.5027,-10.9652],[-74.5084,-10.9503],[-74.5173,-10.9448],[-74.5274,-10.9412],[-74.5423,-10.9326],[-74.5575,-10.9171],[-74.5624,-10.9137],[-74.573,-10.9126]]]},"properties":{"shapeName":"Junín","shapeISO":"PE-JUN","shapeID":"20122684B57468486547141","shapeGroup":"PER","shapeType":"ADM1"}},
{"type":"Feature","geometry":{"type":"Polygon","coordinates":[[[-74.6771,-9.4283],[-74.6806,-9.4347],[-74.6911,-9.4451],[-74.7098,-9.4559],[-74.7277,-9.47],[-74.7315,-9.4772],[-74.734,-9.4904],[-74.7398,-9.4973],[-74.7419,-9.5173],[-74.7505,-9.5246],[-74.7464,-9.5384],[-74.7481,-9.5429],[-74.7352,-9.5727],[-74.7406,-9.5787],[-74.7473,-9.5787],[-74.7558,-9.584],[-74.7552,-9.5928],[-74.7591,-9.5997],[-74.7697,-9.6003],[-74.7703,-9.6161],[-74.7657,-9.6248],[-74.768,-9.6321],[-74.7796,-9.6488],[-74.7866,-9.6645],[-74.7935,-9.6734],[-74.807,-9.6866],[-74.8089,-9.694],[-74.7995,-9.7038],[-74.7973,-9.7123],[-74.8044,-9.7298],[-74.8259,-9.7412],[-74.8316,-9.7456],[-74.8438,-9.7491],[-74.8494,-9.7483],[-74.859,-9.7407],[-74.87,-9.7348],[-74.8813,-9.7322],[-74.8977,-9.7371],[-74.9023,-9.7411],[-74.9163,-9.7472],[-74.9267,-9.7564],[-74.9431,-9.7611],[-74.9537,-9.7841],[-74.9584,-9.7902],[-74.9685,-9.7943],[-74.9742,-9.8002],[-74.9775,-9.8112],[-74.988,-9.8257],[-74.9927,-9.8347],[-74.9994,-9.8385],[-75.0084,-9.8357],[-75.0184,-9.8358],[-75.0217,-9.8309],[-75.0352,-9.8308],[-75.0433,-9.8229],[-75.0527,-9.823],[-75.0599,-9.8197],[-75.066,-9.8278],[-75.0735,-9.8313],[-75.0801,-9.8392],[-75.0945,-9.8445],[-75.1084,-9.8463],[-75.123,-9.8408],[-75.1352,-9.8386],[-75.1477,-9.8405],[-75.1601,-9.84],[-75.2026,-9.8154],[-75.2155,-9.8041],[-75.2408,-9.7858],[-75.2569,-9.7786],[-75.2632,-9.7802],[-75.2798,-9.7792],[-75.2886,-9.7758],[-75.2988,-9.7777],[-75.3031,-9.7836],[-75.2976,-9.7943],[-75.2926,-9.8162],[-75.2826,-9.8305],[-75.2758,-9.8498],[-75.277,-9.8559],[-75.2827,-9.861],[-75.2879,-9.8703],[-75.2943,-9.8693],[-75.3022,-9.874],[-75.3199,-9.8771],[-75.3263,-9.8766],[-75.3349,-9.8715],[-75.3483,-9.8746],[-75.3694,-9.8708],[-75.3896,-9.8743],[-75.3996,-9.8785],[-75.4112,-9.8884],[-75.409,-9.9028],[-75.3966,-9.909],[-75.3957,-9.914],[-75.4043,-9.926],[-75.4048,-9.9302],[-75.4121,-9.9328],[-75.4144,-9.9379],[-75.4229,-9.9436],[-75.4417,-9.9363],[-75.4494,-9.9408],[-75.4555,-9.954],[-75.4691,-9.9579],[-75.4708,-9.9695],[-75.4757,-9.974],[-75.4693,-9.9966],[-75.4827,-9.9934],[-75.5069,-9.9813],[-75.5296,-9.9827],[-75.5401,-9.9812],[-75.5486,-9.9836],[-75.561,-9.9696],[-75.5799,-9.9598],[-75.5903,-9.9525],[-75.598,-9.9581],[-75.595,-9.966],[-75.5976,-9.9762],[-75.5954,-9.9911],[-75.5999,-10.0034],[-75.6005,-10.014],[-75.6086,-10.0229],[-75.6313,-10.0259],[-75.6488,-10.0267],[-75.6639,-10.0439],[-75.6749,-10.0471],[-75.6787,-10.0541],[-75.6785,-10.0613],[-75.6832,-10.0656],[-75.6855,-10.0833],[-75.6931,-10.0999],[-75.6947,-10.1073],[-75.6914,-10.117],[-75.6984,-10.1227],[-75.7031,-10.133],[-75.7052,-10.1469],[-75.7041,-10.161],[-75.6988,-10.1711],[-75.7017,-10.1887],[-75.7008,-10.1963],[-75.704,-10.2067],[-75.7215,-10.2274],[-75.7326,-10.2342],[-75.7376,-10.2327],[-75.7514,-10.24],[-75.7595,-10.2377],[-75.7725,-10.2468],[-75.7856,-10.2524],[-75.8063,-10.2477],[-75.8127,-10.2441],[-75.8401,-10.2583],[-75.844,-10.2662],[-75.8441,-10.2759],[-75.8488,-10.2854],[-75.8489,-10.2907],[-75.8564,-10.3017],[-75.8707,-10.3109],[-75.8788,-10.3136],[-75.892,-10.3233],[-75.9037,-10.3342],[-75.915,-10.3492],[-75.9244,-10.356],[-75.9345,-10.375],[-75.9311,-10.39],[-75.926,-10.3987],[-75.9251,-10.4068],[-75.9316,-10.4184],[-75.9467,-10.4336],[-75.9579,-10.4533],[-75.9585,-10.457],[-75.9758,-10.4793],[-75.9863,-10.484],[-76.0028,-10.4889],[-76.0107,-10.4554],[-76.0224,-10.4615],[-76.0281,-10.4671],[-76.0314,-10.4563],[-76.0408,-10.4549],[-76.0489,-10.4581],[-76.0507,-10.4642],[-76.0576,-10.4652],[-76.0725,-10.4524],[-76.0783,-10.452],[-76.0747,-10.4395],[-76.0788,-10.434],[-76.0865,-10.4336],[-76.0903,-10.4293],[-76.1042,-10.4355],[-76.1083,-10.4305],[-76.1188,-10.4264],[-76.1305,-10.4297],[-76.1335,-10.4186],[-76.1399,-10.4153],[-76.1404,-10.4106],[-76.152,-10.4083],[-76.1643,-10.414],[-76.1799,-10.4061],[-76.1854,-10.3955],[-76.1951,-10.3927],[-76.2067,-10.3849],[-76.2028,-10.3776],[-76.223,-10.3749],[-76.2309,-10.3718],[-76.2274,-10.387],[-76.2321,-10.3888],[-76.2406,-10.3865],[-76.2575,-10.3739],[-76.2665,-10.3692],[-76.2711,-10.3711],[-76.2745,-10.3834],[-76.2728,-10.3891],[-76.2783,-10.3962],[-76.2751,-10.4031],[-76.2868,-10.4168],[-76.2976,-10.41],[-76.3029,-10.4124],[-76.3093,-10.4056],[-76.3083,-10.3998],[-76.3126,-10.3835],[-76.3197,-10.3718],[-76.3197,-10.3631],[-76.3234,-10.3596],[-76.3168,-10.341],[-76.322,-10.3254],[-76.3307,-10.3161],[-76.3258,-10.3055],[-76.3304,-10.3001],[-76.3358,-10.2863],[-76.3443,-10.2869],[-76.353,-10.2966],[-76.3647,-10.2994],[-76.3702,-10.2951],[-76.3872,-10.2893],[-76.3923,-10.2978],[-76.4023,-10.3092],[-76.4138,-10.3127],[-76.4229,-10.3187],[-76.434,-10.3185],[-76.4439,-10.3205],[-76.4513,-10.3155],[-76.4592,-10.3164],[-76.4726,-10.3099],[-76.4923,-10.3131],[-76.4862,-10.3192],[-76.4836,-10.3263],[-76.4728,-10.3378],[-76.4863,-10.3519],[-76.4846,-10.359],[-76.4865,-10.3667],[-76.4919,-10.3703],[-76.4909,-10.3789],[-76.5007,-10.3793],[-76.5098,-10.3821],[-76.5168,-10.3816],[-76.5242,-10.3774],[-76.5281,-10.3848],[-76.5337,-10.3876],[-76.5519,-10.3846],[-76.5579,-10.3933],[-76.5706,-10.3821],[-76.5751,-10.3758],[-76.5798,-10.3764],[-76.5839,-10.3844],[-76.5934,-10.3872],[-76.5934,-10.4015],[-76.6063,-10.404],[-76.6204,-10.4152],[-76.6472,-10.4151],[-76.6527,-10.4202],[-76.6588,-10.4213],[-76.6641,-10.4315],[-76.6632,-10.4376],[-76.6718,-10.44],[-76.6768,-10.4376],[-76.6841,-10.4409],[-76.6968,-10.4425],[-76.699,-10.4497],[-76.6975,-10.4557],[-76.7022,-10.4615],[-76.7148,-10.4621],[-76.7203,-10.4673],[-76.7245,-10.4762],[-76.7251,-10.4857],[-76.7282,-10.4884],[-76.7302,-10.5084],[-76.7169,-10.523],[-76.7158,-10.5313],[-76.7102,-10.5407],[-76.7094,-10.5588],[-76.705,-10.5639],[-76.7018,-10.5935],[-76.6953,-10.5964],[-76.6843,-10.5937],[-76.6815,-10.5991],[-76.6754,-10.6019],[-76.6727,-10.6099],[-76.6756,-10.6214],[-76.6613,-10.6352],[-76.6557,-10.6468],[-76.6599,-10.6618],[-76.6653,-10.6721],[-76.6708,-10.6758],[-76.6691,-10.6807],[-76.6594,-10.6883],[-76.6582,-10.6989],[-76.6533,-10.7077],[-76.6545,-10.713],[-76.649,-10.7207],[-76.6483,-10.7282],[-76.6405,-10.7486],[-76.6342,-10.7525],[-76.627,-10.7693],[-76.6335,-10.7845],[-76.6256,-10.792],[-76.6272,-10.7971],[-76.6203,-10.8117],[-76.6141,-10.817],[-76.6016,-10.8159],[-76.5929,-10.8326],[-76.5893,-10.8367],[-76.5862,-10.8518],[-76.5806,-10.8669],[-76.5812,-10.8726],[-76.5783,-10.9025],[-76.5757,-10.9136],[-76.5717,-10.9178],[-76.5684,-10.9348],[-76.5691,-10.9509],[-76.5651,-10.9662],[-76.5792,-10.9814],[-76.5814,-10.9883],[-76.5779,-10.994],[-76.5802,-11.0108],[-76.5769,-11.0165],[-76.5693,-11.0135],[-76.5635,-11.0229],[-76.5564,-11.0229],[-76.5313,-11.0361],[-76.5265,-11.0515],[-76.5209,-11.0577],[-76.5147,-11.0687],[-76.4976,-11.0861],[-76.4912,-11.0894],[-76.4775,-11.0831],[-76.4646,-11.0847],[-76.4582,-11.0785],[-76.4519,-11.0798],[-76.4468,-11.0712],[-76.4355,-11.0795],[-76.4259,-11.0756],[-76.3972,-11.0758],[-76.3923,-11.0704],[-76.3829,-11.0749],[-76.3836,-11.0803],[-76.3593,-11.0875],[-76.351,-11.0942],[-76.3414,-11.0847],[-76.3319,-11.0836],[-76.3181,-11.0916],[-76.3197,-11.0967],[-76.3179,-11.1104],[-76.3079,-11.1327],[-76.2937,-11.1336],[-76.2886,-11.1378],[-76.2802,-11.1382],[-76.2713,-11.1427],[-76.2629,-11.1496],[-76.2522,-11.1505],[-76.2449,-11.143],[-76.2327,-11.1504],[-76.2278,-11.1556],[-76.2152,-11.1484],[-76.2189,-11.139],[-76.2237,-11.1365],[-76.2263,-11.1285],[-76.2386,-11.1153],[-76.2431,-11.1153],[-76.2494,-11.1073],[-76.2512,-11.0954],[-76.2483,-11.0825],[-76.2441,-11.0766],[-76.2412,-11.0611],[-76.2435,-11.0413],[-76.2511,-11.04],[-76.2514,-11.0319],[-76.2596,-11.0259],[-76.2534,-11.0223],[-76.26,-11.015],[-76.2563,-11.0114],[-76.2636,-10.9988],[-76.2669,-10.9846],[-76.2658,-10.9807],[-76.2729,-10.971],[-76.266,-10.958],[-76.2783,-10.9425],[-76.2762,-10.9328],[-76.2786,-10.9278],[-76.2798,-10.9131],[-76.2658,-10.9202],[-76.2589,-10.9201],[-76.2491,-10.9246],[-76.2295,-10.9159],[-76.2237,-10.915],[-76.2098,-10.919],[-76.2074,-10.9435],[-76.2009,-10.9441],[-76.1983,-10.951],[-76.1909,-10.9603],[-76.1811,-10.9584],[-76.1715,-10.9535],[-76.1687,-10.9485],[-76.1589,-10.9502],[-76.144,-10.9462],[-76.1407,-10.95],[-76.1326,-10.947],[-76.1223,-10.9526],[-76.11,-10.9467],[-76.1091,-10.9389],[-76.099,-10.9303],[-76.092,-10.9135],[-76.0913,-10.9066],[-76.0797,-10.8938],[-76.0681,-10.8866],[-76.0572,-10.8831],[-76.0508,-10.8835],[-76.0445,-10.8795],[-76.0424,-10.8732],[-76.0294,-10.8578],[-76.0257,-10.856],[-76.015,-10.8427],[-76.0088,-10.8387],[-76.0081,-10.8304],[-75.9927,-10.821],[-75.9789,-10.8321],[-75.9702,-10.8432],[-75.9616,-10.844],[-75.9557,-10.8588],[-75.9511,-10.8638],[-75.9371,-10.8715],[-75.9386,-10.8799],[-75.9359,-10.8897],[-75.9306,-10.8834],[-75.9228,-10.8831],[-75.9171,-10.8744],[-75.897,-10.8688],[-75.8829,-10.8699],[-75.874,-10.8677],[-75.8653,-10.8765],[-75.8583,-10.8679],[-75.8515,-10.8733],[-75.8498,-10.8804],[-75.8384,-10.8863],[-75.8306,-10.8766],[-75.816,-10.8729],[-75.8183,-10.854],[-75.8154,-10.847],[-75.807,-10.8391],[-75.786,-10.8246],[-75.7727,-10.8259],[-75.7627,-10.8302],[-75.7562,-10.8293],[-75.7431,-10.8225],[-75.7324,-10.8092],[-75.7195,-10.8094],[-75.7127,-10.8142],[-75.6933,-10.8172],[-75.6885,-10.8273],[-75.6934,-10.8342],[-75.6785,-10.8402],[-75.6723,-10.8363],[-75.6661,-10.8286],[-75.6498,-10.8234],[-75.6409,-10.8268],[-75.6151,-10.8225],[-75.6056,-10.8219],[-75.6015,-10.8139],[-75.5897,-10.8109],[-75.5841,-10.8016],[-75.5765,-10.781],[-75.5743,-10.7704],[-75.5759,-10.7599],[-75.5738,-10.747],[-75.5683,-10.7332],[-75.5627,-10.7321],[-75.5579,-10.7439],[-75.5502,-10.7458],[-75.5436,-10.741],[-75.5312,-10.7436],[-75.5231,-10.7537],[-75.514,-10.7565],[-75.5097,-10.754],[-75.4983,-10.7587],[-75.4902,-10.7568],[-75.4829,-10.7655],[-75.4818,-10.7787],[-75.4727,-10.7795],[-75.469,-10.7739],[-75.4599,-10.779],[-75.4595,-10.7859],[-75.4705,-10.798],[-75.4671,-10.8062],[-75.4742,-10.8098],[-75.48,-10.8192],[-75.4746,-10.829],[-75.475,-10.8424],[-75.4808,-10.8498],[-75.4776,-10.8655],[-75.4731,-10.8726],[-75.4729,-10.8819],[-75.4669,-10.889],[-75.4652,-10.9011],[-75.4534,-10.9003],[-75.4495,-10.8965],[-75.4473,-10.8881],[-75.4376,-10.8798],[-75.4309,-10.8793],[-75.4183,-10.8903],[-75.4106,-10.877],[-75.4126,-10.8691],[-75.4107,-10.86],[-75.4064,-10.8561],[-75.3953,-10.8537],[-75.3913,-10.8606],[-75.3843,-10.8643],[-75.379,-10.8561],[-75.3679,-10.8502],[-75.3631,-10.8501],[-75.3553,-10.8616],[-75.3506,-10.8649],[-75.3306,-10.8651],[-75.3252,-10.8599],[-75.3173,-10.8636],[-75.3024,-10.8554],[-75.2928,-10.843],[-75.2845,-10.8416],[-75.2726,-10.8303],[-75.263,-10.8267],[-75.2612,-10.8159],[-75.2574,-10.8089],[-75.2485,-10.8026],[-75.2432,-10.7864],[-75.246,-10.7748],[-75.2451,-10.7672],[-75.2355,-10.7655],[-75.2225,-10.7661],[-75.2158,-10.7692],[-75.2043,-10.7647],[-75.213,-10.7463],[-75.2021,-10.7324],[-75.1915,-10.73],[-75.1946,-10.7193],[-75.191,-10.7157],[-75.175,-10.7196],[-75.1577,-10.7199],[-75.149,-10.7233],[-75.1359,-10.7256],[-75.1198,-10.7302],[-75.111,-10.7245],[-75.1025,-10.7143],[-75.0878,-10.6887],[-75.0884,-10.6835],[-75.0797,-10.6833],[-75.0716,-10.6778],[-75.0743,-10.6658],[-75.0655,-10.6538],[-75.0544,-10.6571],[-75.0392,-10.6728],[-75.0375,-10.6814],[-75.0238,-10.6806],[-75.0167,-10.6771],[-75.0069,-10.6878],[-75.0028,-10.6989],[-75.0035,-10.718],[-74.9865,-10.7355],[-74.9878,-10.7438],[-74.9793,-10.7469],[-74.9606,-10.739],[-74.9565,-10.7328],[-74.9492,-10.7407],[-74.9448,-10.7415],[-74.9393,-10.7488],[-74.9221,-10.7522],[-74.9145,-10.7483],[-74.9031,-10.7574],[-74.8933,-10.7691],[-74.8852,-10.7706],[-74.882,-10.7639],[-74.8758,-10.764],[-74.866,-10.7594],[-74.8715,-10.7367],[-74.8796,-10.7232],[-74.8862,-10.7095],[-74.8828,-10.7023],[-74.8777,-10.7023],[-74.8701,-10.7082],[-74.8511,-10.7329],[-74.8428,-10.7526],[-74.8394,-10.7644],[-74.8313,-10.7805],[-74.8102,-10.8118],[-74.7918,-10.8311],[-74.7761,-10.8266],[-74.7682,-10.8304],[-74.7604,-10.8251],[-74.7449,-10.8325],[-74.7406,-10.8361],[-74.7327,-10.8357],[-74.7221,-10.8478],[-74.7079,-10.8581],[-74.701,-10.8762],[-74.6949,-10.8849],[-74.6813,-10.8892],[-74.6785,-10.8793],[-74.6657,-10.8729],[-74.6578,-10.874],[-74.6493,-10.8671],[-74.6402,-10.8691],[-74.6342,-10.8736],[-74.6335,-10.8841],[-74.6303,-10.8889],[-74.6235,-10.8909],[-74.6141,-10.9046],[-74.5948,-10.9115],[-74.5886,-10.9107],[-74.573,-10.9126],[-74.5623,-10.8994],[-74.548,-10.8906],[-74.5276,-10.8823],[-74.5209,-10.8843],[-74.51,-10.8803],[-74.5011,-10.8711],[-74.496,-10.8627],[-74.4919,-10.8446],[-74.4849,-10.8365],[-74.4801,-10.8351],[-74.4666,-10.8363],[-74.4583,-10.8283],[-74.4296,-10.8127],[-74.4201,-10.8161],[-74.4158,-10.8135],[-74.3985,-10.8118],[-74.39,-10.8143],[-74.3857,-10.8118],[-74.3817,-10.8016],[-74.3757,-10.7927],[-74.3751,-10.7829],[-74.379,-10.7779],[-74.3813,-10.769],[-74.379,-10.7619],[-74.3743,-10.7581],[-74.3597,-10.7594],[-74.3505,-10.7558],[-74.347,-10.7427],[-74.337,-10.7339],[-74.3173,-10.7267],[-74.3088,-10.712],[-74.2954,-10.6957],[-74.2811,-10.6749],[-74.2609,-10.6798],[-74.2565,-10.6782],[-74.2551,-10.664],[-74.2528,-10.6595],[-74.2443,-10.6534],[-74.2276,-10.6518],[-74.2299,-10.6355],[-74.2246,-10.6323],[-74.2155,-10.6352],[-74.206,-10.6307],[-74.1976,-10.6375],[-74.1906,-10.6397],[-74.1724,-10.6368],[-74.165,-10.6384],[-74.1599,-10.6432],[-74.1578,-10.6501],[-74.1445,-10.6548],[-74.1405,-10.6661],[-74.1332,-10.6608],[-74.1321,-10.6548],[-74.1399,-10.6245],[-74.1395,-10.611],[-74.1327,-10.6049],[-74.1428,-10.5827],[-74.1509,-10.5721],[-74.1565,-10.5597],[-74.1569,-10.5492],[-74.1622,-10.5394],[-74.1692,-10.5316],[-74.1818,-10.504],[-74.1795,-10.4881],[-74.191,-10.4807],[-74.1976,-10.4698],[-74.2143,-10.4539],[-74.2187,-10.4521],[-74.2462,-10.4556],[-74.2552,-10.4525],[-74.2612,-10.4433],[-74.2749,-10.4148],[-74.2763,-10.3992],[-74.2755,-10.3822],[-74.2767,-10.3741],[-74.2734,-10.3646],[-74.2602,-10.3543],[-74.2478,-10.332],[-74.2406,-10.3281],[-74.2423,-10.3221],[-74.2492,-10.3151],[-74.2525,-10.3074],[-74.2468,-10.2977],[-74.2353,-10.2948],[-74.2304,-10.2836],[-74.2243,-10.2792],[-74.2272,-10.2639],[-74.224,-10.2562],[-74.2276,-10.2315],[-74.2346,-10.22],[-74.2338,-10.2117],[-74.2273,-10.1988],[-74.2317,-10.1851],[-74.2455,-10.1772],[-74.2554,-10.1751],[-74.2649,-10.1706],[-74.2851,-10.1712],[-74.3039,-10.1636],[-74.3071,-10.1531],[-74.3059,-10.1322],[-74.3104,-10.1287],[-74.3189,-10.1141],[-74.3278,-10.1097],[-74.3474,-10.1142],[-74.3556,-10.1188],[-74.367,-10.1129],[-74.3771,-10.0999],[-74.3785,-10.0913],[-74.3859,-10.0869],[-74.4006,-10.0705],[-74.4002,-10.0638],[-74.4047,-10.0528],[-74.4118,-10.0411],[-74.4147,-10.0296],[-74.4183,-10.0248],[-74.414,-10.0206],[-74.4124,-10.0082],[-74.4168,-9.9968],[-74.424,-9.9894],[-74.419,-9.9705],[-74.4114,-9.9582],[-74.4156,-9.9452],[-74.4119,-9.9369],[-74.4166,-9.9308],[-74.4117,-9.9152],[-74.4146,-9.9021],[-74.4279,-9.8879],[-74.4331,-9.8761],[-74.4376,-9.8724],[-74.4502,-9.8702],[-74.4533,-9.8628],[-74.4505,-9.855],[-74.4504,-9.823],[-74.4483,-9.8162],[-74.4511,-9.8107],[-74.4476,-9.78],[-74.4551,-9.7509],[-74.4554,-9.746],[-74.4625,-9.7343],[-74.4674,-9.7319],[-74.4856,-9.7022],[-74.4842,-9.695],[-74.4894,-9.6865],[-74.4894,-9.6707],[-74.4918,-9.6649],[-74.4901,-9.6477],[-74.4952,-9.6267],[-74.4935,-9.6149],[-74.4968,-9.5933],[-74.5108,-9.5941],[-74.5165,-9.5919],[-74.5317,-9.5921],[-74.5365,-9.5857],[-74.5413,-9.5857],[-74.5569,-9.5771],[-74.5682,-9.5764],[-74.5756,-9.5705],[-74.5732,-9.5509],[-74.5807,-9.5373],[-74.5839,-9.5217],[-74.5932,-9.5096],[-74.5918,-9.5048],[-74.5838,-9.5005],[-74.5846,-9.4956],[-74.5963,-9.4853],[-74.622,-9.4725],[-74.6321,-9.466],[-74.6443,-9.4558],[-74.6594,-9.4406],[-74.6727,-9.4328],[-74.6771,-9.4283]]]},"properties":{"shapeName":"Pasco","shapeISO":"PE-PAS","shapeID":"20122684B98497247238865","shapeGroup":"PER","shapeType":"ADM1"}},
{"type":"Feature","geometry":{"type":"MultiPolygon","coordinates":[[[[-76.9062,-10.2742],[-76.9067,-10.257],[-76.9028,-10.2521],[-76.9049,-10.2374],[-76.9134,-10.2304],[-76.9162,-10.2175],[-76.9123,-10.2107],[-76.9094,-10.199],[-76.9139,-10.1899],[-76.9085,-10.1768],[-76.9126,-10.1633],[-76.9107,-10.16],[-76.915,-10.1338],[-76.9155,-10.1199],[-76.9019,-10.1133],[-76.8858,-10.1134],[-76.8799,-10.1166],[-76.8727,-10.0949],[-76.8641,-10.0948],[-76.8536,-10.1018],[-76.8485,-10.0979],[-76.846,-10.0887],[-76.838,-10.0851],[-76.822,-10.0838],[-76.8084,-10.0848],[-76.813,-10.0589],[-76.8113,-10.044],[-76.8152,-10.0225],[-76.8216,-10.0194],[-76.825,-10.0092],[-76.8233,-9.9956],[-76.8256,-9.9893],[-76.8177,-9.9785],[-76.8137,-9.9616],[-76.818,-9.9523],[-76.8252,-9.9453],[-76.829,-9.9384],[-76.8389,-9.9346],[-76.8437,-9.9239],[-76.8404,-9.9177],[-76.8457,-9.9102],[-76.8508,-9.8946],[-76.859,-9.8886],[-76.8621,-9.8755],[-76.8693,-9.87],[-76.873,-9.8638],[-76.8713,-9.8577],[-76.8808,-9.833],[-76.8952,-9.8156],[-76.9006,-9.7998],[-76.9031,-9.7851],[-76.9014,-9.7705],[-76.9037,-9.7653],[-76.9119,-9.7637],[-76.9113,-9.759],[-76.9174,-9.7437],[-76.9253,-9.7401],[-76.9346,-9.7289],[-76.9347,-9.72],[-76.9414,-9.7059],[-76.9517,-9.7048],[-76.9541,-9.7104],[-76.9616,-9.7135],[-76.9704,-9.7115],[-76.981,-9.7246],[-76.9803,-9.7403],[-76.9735,-9.748],[-76.9698,-9.7583],[-76.9743,-9.7602],[-76.9865,-9.7491],[-76.9867,-9.7431],[-76.9952,-9.7366],[-77.0024,-9.7254],[-77.0102,-9.7173],[-77.0206,-9.7113],[-77.0223,-9.7022],[-77.0282,-9.6944],[-77.0309,-9.6848],[-77.0411,-9.6669],[-77.0414,-9.6589],[-77.0473,-9.6539],[-77.0485,-9.6475],[-77.0446,-9.6398],[-77.0457,-9.6292],[-77.0318,-9.6196],[-77.0237,-9.6107],[-77.0163,-9.6143],[-77.0127,-9.61],[-76.9953,-9.6034],[-76.9882,-9.5917],[-76.9902,-9.5794],[-76.983,-9.577],[-76.9815,-9.5654],[-76.9598,-9.5597],[-76.9551,-9.5603],[-76.9529,-9.5485],[-76.9551,-9.5427],[-76.9452,-9.5358],[-76.938,-9.5266],[-76.9386,-9.4917],[-76.9477,-9.479],[-76.9523,-9.4697],[-76.9481,-9.4561],[-76.9404,-9.4486],[-76.9307,-9.4345],[-76.9292,-9.4261],[-76.9363,-9.409],[-76.9352,-9.3985],[-76.9307,-9.3931],[-76.9241,-9.3915],[-76.923,-9.3791],[-76.9179,-9.3695],[-76.9096,-9.3685],[-76.9001,-9.3571],[-76.8929,-9.332],[-76.8818,-9.3267],[-76.8784,-9.3186],[-76.8703,-9.3144],[-76.8662,-9.3053],[-76.8701,-9.3009],[-76.8687,-9.2927],[-76.8564,-9.2901],[-76.8534,-9.2791],[-76.8479,-9.2722],[-76.8467,-9.2642],[-76.8423,-9.2617],[-76.834,-9.266],[-76.8325,-9.2815],[-76.8295,-9.2906],[-76.815,-9.3163],[-76.8144,-9.326],[-76.8046,-9.3316],[-76.7938,-9.3329],[-76.7885,-9.3397],[-76.7793,-9.3454],[-76.7698,-9.3627],[-76.7641,-9.367],[-76.7575,-9.3622],[-76.7458,-9.3358],[-76.7403,-9.3308],[-76.739,-9.3171],[-76.7438,-9.3059],[-76.7446,-9.2971],[-76.7394,-9.2849],[-76.7396,-9.274],[-76.7257,-9.2566],[-76.7301,-9.2475],[-76.7277,-9.233],[-76.7341,-9.2154],[-76.7337,-9.209],[-76.7414,-9.196],[-76.7589,-9.1795],[-76.7657,-9.1703],[-76.7674,-9.1582],[-76.7701,-9.1546],[-76.785,-9.1448],[-76.7886,-9.1362],[-76.7972,-9.1324],[-76.8169,-9.1296],[-76.823,-9.1235],[-76.8321,-9.1225],[-76.8504,-9.1146],[-76.8678,-9.1144],[-76.8889,-9.1013],[-76.8972,-9.0984],[-76.9157,-9.0765],[-76.9294,-9.0707],[-76.945,-9.0744],[-76.9507,-9.0679],[-76.962,-9.0674],[-76.9654,-9.0611],[-76.9801,-9.0629],[-76.981,-9.0575],[-76.9873,-9.0509],[-76.9956,-9.0469],[-77.0005,-9.0411],[-77.0028,-9.0326],[-77.0168,-9.0266],[-77.0221,-9.0198],[-77.0341,-9.012],[-77.0332,-9.0041],[-77.0372,-8.9993],[-77.0545,-8.9922],[-77.0614,-8.9924],[-77.0714,-8.988],[-77.0738,-8.9844],[-77.0858,-8.9779],[-77.0932,-8.9717],[-77.0981,-8.9748],[-77.1098,-8.9702],[-77.1074,-8.9636],[-77.1025,-8.9605],[-77.1061,-8.9489],[-77.1235,-8.9448],[-77.1239,-8.935],[-77.1305,-8.9318],[-77.1335,-8.9241],[-77.1316,-8.9156],[-77.1479,-8.8955],[-77.1552,-8.9004],[-77.1648,-8.8891],[-77.1649,-8.8812],[-77.1725,-8.8766],[-77.1706,-8.8728],[-77.1731,-8.8624],[-77.17,-8.8575],[-77.1771,-8.8472],[-77.1786,-8.8307],[-77.185,-8.8279],[-77.1957,-8.815],[-77.2001,-8.7936],[-77.206,-8.7823],[-77.222,-8.7731],[-77.2241,-8.7567],[-77.2275,-8.7428],[-77.2324,-8.7408],[-77.2482,-8.7273],[-77.2464,-8.7187],[-77.2477,-8.7098],[-77.2463,-8.7023],[-77.2514,-8.6975],[-77.2517,-8.6834],[-77.258,-8.6741],[-77.2616,-8.6645],[-77.2586,-8.6565],[-77.2606,-8.6485],[-77.2693,-8.6445],[-77.2851,-8.6443],[-77.2932,-8.6379],[-77.2948,-8.6329],[-77.2929,-8.6191],[-77.2905,-8.615],[-77.2913,-8.6064],[-77.2883,-8.5973],[-77.289,-8.5893],[-77.2972,-8.5784],[-77.2967,-8.57],[-77.305,-8.5654],[-77.3113,-8.5546],[-77.315,-8.5431],[-77.3105,-8.5356],[-77.3175,-8.5302],[-77.3259,-8.5291],[-77.3326,-8.533],[-77.3371,-8.5315],[-77.3473,-8.5179],[-77.3653,-8.5084],[-77.3691,-8.4999],[-77.3863,-8.4941],[-77.4003,-8.482],[-77.4023,-8.4721],[-77.399,-8.4642],[-77.4039,-8.452],[-77.4055,-8.4415],[-77.4183,-8.4396],[-77.4232,-8.434],[-77.4307,-8.4306],[-77.4389,-8.4199],[-77.4366,-8.4105],[-77.4386,-8.3979],[-77.4485,-8.3816],[-77.4498,-8.3745],[-77.447,-8.3694],[-77.4544,-8.3562],[-77.4594,-8.3549],[-77.4574,-8.3463],[-77.4589,-8.3357],[-77.4638,-8.3313],[-77.4706,-8.3324],[-77.478,-8.3265],[-77.4736,-8.3205],[-77.4821,-8.3139],[-77.4876,-8.3035],[-77.4866,-8.2976],[-77.4914,-8.2826],[-77.5033,-8.2746],[-77.5214,-8.2707],[-77.5286,-8.2657],[-77.5265,-8.2528],[-77.5278,-8.2472],[-77.5359,-8.241],[-77.5527,-8.2364],[-77.5622,-8.2383],[-77.5728,-8.2335],[-77.5753,-8.2286],[-77.5738,-8.2154],[-77.5697,-8.206],[-77.5572,-8.1937],[-77.5635,-8.1885],[-77.5703,-8.1746],[-77.5767,-8.1673],[-77.5941,-8.1628],[-77.6057,-8.1548],[-77.6079,-8.1468],[-77.6015,-8.1385],[-77.6034,-8.1348],[-77.6166,-8.1312],[-77.6239,-8.1179],[-77.6301,-8.1151],[-77.6365,-8.1062],[-77.6253,-8.0945],[-77.6188,-8.0798],[-77.6233,-8.0735],[-77.6334,-8.0689],[-77.6427,-8.0672],[-77.6468,-8.0615],[-77.6471,-8.0503],[-77.6578,-8.053],[-77.6647,-8.0575],[-77.6847,-8.063],[-77.6904,-8.0604],[-77.7016,-8.0664],[-77.7194,-8.0734],[-77.7362,-8.0726],[-77.7434,-8.0702],[-77.7502,-8.0772],[-77.761,-8.0752],[-77.7858,-8.0792],[-77.7917,-8.0777],[-77.7958,-8.071],[-77.8104,-8.0677],[-77.8245,-8.0697],[-77.8333,-8.0757],[-77.8522,-8.0748],[-77.8596,-8.0667],[-77.8656,-8.0571],[-77.8695,-8.056],[-77.8835,-8.0637],[-77.8913,-8.0615],[-77.8969,-8.0632],[-77.8979,-8.076],[-77.9054,-8.0949],[-77.9045,-8.1046],[-77.9083,-8.1088],[-77.9106,-8.1196],[-77.9136,-8.1207],[-77.9184,-8.1338],[-77.9204,-8.1473],[-77.9265,-8.1571],[-77.9339,-8.1902],[-77.9332,-8.197],[-77.9399,-8.1991],[-77.9574,-8.2083],[-77.9787,-8.2105],[-77.9823,-8.2154],[-78.0062,-8.2221],[-78.0186,-8.2243],[-78.0353,-8.2473],[-78.0368,-8.256],[-78.0455,-8.2579],[-78.0582,-8.2688],[-78.0652,-8.2715],[-78.0665,-8.2776],[-78.0736,-8.2816],[-78.082,-8.2811],[-78.0871,-8.2863],[-78.0905,-8.2944],[-78.0944,-8.2943],[-78.1022,-8.3054],[-78.1159,-8.3101],[-78.1206,-8.3187],[-78.115,-8.3227],[-78.1142,-8.328],[-78.1085,-8.3359],[-78.1144,-8.3438],[-78.116,-8.3527],[-78.1242,-8.361],[-78.1298,-8.3618],[-78.1375,-8.3687],[-78.1368,-8.3775],[-78.1392,-8.3902],[-78.1352,-8.3922],[-78.1379,-8.4084],[-78.1406,-8.4141],[-78.1395,-8.4278],[-78.1506,-8.4514],[-78.151,-8.4569],[-78.1567,-8.4636],[-78.1573,-8.4782],[-78.1704,-8.492],[-78.17,-8.4983],[-78.1737,-8.5035],[-78.1903,-8.5145],[-78.2026,-8.5261],[-78.2084,-8.5412],[-78.2169,-8.5569],[-78.2151,-8.5657],[-78.2079,-8.5661],[-78.2017,-8.5742],[-78.2018,-8.5829],[-78.1984,-8.5863],[-78.1935,-8.6001],[-78.1955,-8.6067],[-78.2025,-8.6169],[-78.2005,-8.6225],[-78.2072,-8.6327],[-78.2283,-8.6448],[-78.2356,-8.6529],[-78.2461,-8.6584],[-78.2614,-8.6581],[-78.2727,-8.6563],[-78.2877,-8.6625],[-78.2948,-8.6588],[-78.3006,-8.6636],[-78.3109,-8.6672],[-78.3165,-8.6653],[-78.3349,-8.6672],[-78.3373,-8.6757],[-78.3463,-8.6759],[-78.3548,-8.6733],[-78.363,-8.6812],[-78.3732,-8.6872],[-78.3792,-8.6966],[-78.3973,-8.7026],[-78.4023,-8.7075],[-78.4101,-8.7082],[-78.4253,-8.7239],[-78.4482,-8.7369],[-78.4679,-8.7415],[-78.4848,-8.7505],[-78.4933,-8.7498],[-78.5181,-8.753],[-78.5263,-8.7578],[-78.5294,-8.7631],[-78.5516,-8.775],[-78.5653,-8.7926],[-78.5651,-8.7967],[-78.5758,-8.8197],[-78.581,-8.837],[-78.5822,-8.8453],[-78.5883,-8.8587],[-78.5825,-8.8666],[-78.5765,-8.889],[-78.5798,-8.9054],[-78.583,-8.9092],[-78.5861,-8.9212],[-78.5896,-8.925],[-78.5899,-8.9426],[-78.5917,-8.946],[-78.6123,-8.9598],[-78.6195,-8.9665],[-78.6297,-8.9709],[-78.6449,-8.9692],[-78.6441,-8.9833],[-78.6481,-8.9894],[-78.6539,-8.988],[-78.6581,-8.9937],[-78.6477,-8.9994],[-78.6409,-9.0009],[-78.6299,-9.0073],[-78.6217,-9.0154],[-78.6212,-9.0205],[-78.6326,-9.0277],[-78.6351,-9.0443],[-78.6377,-9.0484],[-78.631,-9.0575],[-78.6333,-9.0668],[-78.6248,-9.0781],[-78.6122,-9.073],[-78.6096,-9.0767],[-78.5958,-9.0776],[-78.5827,-9.0844],[-78.5709,-9.0982],[-78.5613,-9.1162],[-78.5579,-9.1297],[-78.5584,-9.1455],[-78.5654,-9.1646],[-78.5722,-9.1716],[-78.5838,-9.1696],[-78.5848,-9.1641],[-78.5979,-9.1673],[-78.6073,-9.164],[-78.6055,-9.1712],[-78.5941,-9.1928],[-78.5769,-9.1967],[-78.5817,-9.2018],[-78.5762,-9.2138],[-78.5677,-9.2189],[-78.5694,-9.2238],[-78.5642,-9.229],[-78.5529,-9.2281],[-78.5597,-9.2098],[-78.5568,-9.2035],[-78.5662,-9.1943],[-78.5649,-9.1846],[-78.5518,-9.1765],[-78.5332,-9.1746],[-78.5083,-9.1804],[-78.5065,-9.1844],[-78.4978,-9.1881],[-78.4948,-9.1956],[-78.4868,-9.2033],[-78.4847,-9.2168],[-78.4903,-9.2378],[-78.4918,-9.2509],[-78.4997,-9.2571],[-78.5071,-9.2573],[-78.5134,-9.2674],[-78.5219,-9.2763],[-78.509,-9.2788],[-78.4994,-9.2862],[-78.4965,-9.2911],[-78.4969,-9.3026],[-78.487,-9.319],[-78.4751,-9.3315],[-78.4714,-9.3161],[-78.4584,-9.3178],[-78.4585,-9.3263],[-78.4515,-9.33],[-78.4429,-9.327],[-78.4387,-9.3406],[-78.4352,-9.3377],[-78.4254,-9.3413],[-78.4243,-9.3484],[-78.4267,-9.3568],[-78.4219,-9.3617],[-78.4139,-9.3599],[-78.41,-9.3625],[-78.4128,-9.3698],[-78.4179,-9.3688],[-78.4278,-9.3712],[-78.433,-9.3886],[-78.4262,-9.3958],[-78.4294,-9.4022],[-78.4279,-9.4113],[-78.4211,-9.4189],[-78.4101,-9.4264],[-78.4073,-9.4358],[-78.396,-9.4278],[-78.3873,-9.4327],[-78.3801,-9.4455],[-78.3809,-9.4557],[-78.3912,-9.4574],[-78.3952,-9.4621],[-78.3977,-9.4721],[-78.3959,-9.4777],[-78.3978,-9.488],[-78.3935,-9.4935],[-78.3957,-9.5019],[-78.3851,-9.5187],[-78.3877,-9.5354],[-78.3815,-9.5386],[-78.3821,-9.5458],[-78.368,-9.5553],[-78.3664,-9.5611],[-78.3709,-9.566],[-78.3658,-9.5747],[-78.3659,-9.5825],[-78.3698,-9.5871],[-78.3675,-9.6031],[-78.3618,-9.6087],[-78.3649,-9.6205],[-78.3578,-9.6242],[-78.3494,-9.633],[-78.3443,-9.6329],[-78.3392,-9.6397],[-78.3379,-9.6475],[-78.3218,-9.6617],[-78.3178,-9.6695],[-78.3193,-9.6813],[-78.3083,-9.6837],[-78.304,-9.6971],[-78.295,-9.7052],[-78.2942,-9.7165],[-78.2966,-9.7189],[-78.2928,-9.729],[-78.2865,-9.733],[-78.2752,-9.7442],[-78.2727,-9.7558],[-78.2605,-9.759],[-78.2465,-9.7703],[-78.2352,-9.7874],[-78.2268,-9.7952],[-78.2253,-9.8056],[-78.2285,-9.8148],[-78.2278,-9.8213],[-78.232,-9.8259],[-78.2357,-9.8409],[-78.2366,-9.856],[-78.2419,-9.856],[-78.2434,-9.8734],[-78.2341,-9.8828],[-78.234,-9.8898],[-78.2252,-9.9069],[-78.2298,-9.9111],[-78.2236,-9.9224],[-78.2246,-9.9369],[-78.229,-9.9417],[-78.2311,-9.9496],[-78.2206,-9.9595],[-78.2088,-9.9665],[-78.2077,-9.9801],[-78.2044,-9.979],[-78.2003,-9.9929],[-78.1931,-10.0014],[-78.1967,-10.0113],[-78.1884,-10.0266],[-78.1811,-10.0342],[-78.1753,-10.0458],[-78.1762,-10.0511],[-78.1721,-10.0605],[-78.1754,-10.0684],[-78.172,-10.0714],[-78.1658,-10.0865],[-78.169,-10.0979],[-78.1762,-10.0982],[-78.1834,-10.1031],[-78.1788,-10.1146],[-78.173,-10.116],[-78.1736,-10.1241],[-78.1694,-10.1296],[-78.1636,-10.1472],[-78.1539,-10.1529],[-78.1536,-10.157],[-78.1422,-10.167],[-78.1349,-10.1706],[-78.131,-10.176],[-78.1227,-10.1764],[-78.1173,-10.1839],[-78.1133,-10.1959],[-78.1023,-10.2002],[-78.0973,-10.2109],[-78.0971,-10.2196],[-78.0876,-10.2296],[-78.0923,-10.2385],[-78.0882,-10.2485],[-78.0814,-10.2503],[-78.087,-10.2585],[-78.0851,-10.2677],[-78.0871,-10.2771],[-78.0775,-10.2822],[-78.0656,-10.2924],[-78.0579,-10.3014],[-78.0592,-10.3155],[-78.0541,-10.3206],[-78.0555,-10.331],[-78.0545,-10.346],[-78.0423,-10.352],[-78.0351,-10.3593],[-78.0298,-10.3597],[-78.0106,-10.3747],[-78.003,-10.3883],[-78.0007,-10.3975],[-78.004,-10.4033],[-78.0122,-10.4031],[-78.0148,-10.4096],[-78.0064,-10.4165],[-78.0073,-10.4196],[-77.9803,-10.4395],[-77.9748,-10.4588],[-77.9632,-10.4714],[-77.9627,-10.4886],[-77.9606,-10.4925],[-77.9394,-10.509],[-77.9304,-10.5232],[-77.9146,-10.5371],[-77.9082,-10.5443],[-77.9016,-10.5566],[-77.9009,-10.565],[-77.9085,-10.57],[-77.9003,-10.5814],[-77.886,-10.6051],[-77.8863,-10.6119],[-77.8765,-10.6053],[-77.8643,-10.5916],[-77.8565,-10.5787],[-77.8463,-10.5742],[-77.8398,-10.5683],[-77.833,-10.5675],[-77.8249,-10.5754],[-77.8131,-10.5823],[-77.7997,-10.5853],[-77.7911,-10.5838],[-77.785,-10.572],[-77.7759,-10.5753],[-77.7714,-10.5716],[-77.7743,-10.554],[-77.7717,-10.5378],[-77.7724,-10.5125],[-77.7811,-10.5073],[-77.7864,-10.4889],[-77.7962,-10.4833],[-77.7901,-10.4676],[-77.7896,-10.4596],[-77.7816,-10.4544],[-77.7745,-10.4447],[-77.7657,-10.4407],[-77.768,-10.4316],[-77.7602,-10.4302],[-77.7582,-10.4168],[-77.7541,-10.4095],[-77.7517,-10.3949],[-77.7556,-10.384],[-77.7521,-10.3729],[-77.757,-10.3442],[-77.7539,-10.3333],[-77.7564,-10.3281],[-77.7529,-10.3222],[-77.7462,-10.3244],[-77.7404,-10.3207],[-77.7354,-10.3235],[-77.7174,-10.3225],[-77.7043,-10.3253],[-77.6924,-10.3209],[-77.6772,-10.3282],[-77.6669,-10.339],[-77.6492,-10.3435],[-77.6353,-10.3249],[-77.6194,-10.3278],[-77.617,-10.3363],[-77.6004,-10.36],[-77.5977,-10.3664],[-77.5976,-10.3804],[-77.6035,-10.3889],[-77.614,-10.3963],[-77.6232,-10.4055],[-77.6346,-10.4123],[-77.6453,-10.4087],[-77.6547,-10.4172],[-77.663,-10.4183],[-77.6658,-10.4271],[-77.6767,-10.4319],[-77.6839,-10.4314],[-77.6888,-10.4386],[-77.6874,-10.452],[-77.6941,-10.4636],[-77.7012,-10.4686],[-77.7044,-10.4795],[-77.7084,-10.4849],[-77.7063,-10.4988],[-77.7113,-10.5049],[-77.7212,-10.5041],[-77.7219,-10.5119],[-77.7286,-10.5137],[-77.7379,-10.5208],[-77.7446,-10.5323],[-77.7431,-10.5533],[-77.7368,-10.5632],[-77.7263,-10.5653],[-77.7222,-10.5607],[-77.7103,-10.5602],[-77.7083,-10.5474],[-77.6984,-10.5439],[-77.6878,-10.5373],[-77.6762,-10.5376],[-77.6702,-10.541],[-77.6635,-10.5333],[-77.6443,-10.5274],[-77.6455,-10.5569],[-77.6392,-10.563],[-77.6385,-10.5738],[-77.6407,-10.5963],[-77.6372,-10.6016],[-77.6172,-10.5999],[-77.6071,-10.5944],[-77.6049,-10.5901],[-77.596,-10.5854],[-77.5767,-10.5837],[-77.5733,-10.5929],[-77.5741,-10.6147],[-77.5827,-10.6219],[-77.5827,-10.6397],[-77.5864,-10.6469],[-77.5741,-10.6627],[-77.5728,-10.6863],[-77.5742,-10.6933],[-77.5747,-10.7154],[-77.5786,-10.7237],[-77.5772,-10.7286],[-77.5847,-10.7415],[-77.5882,-10.7572],[-77.5991,-10.7577],[-77.6101,-10.7636],[-77.6088,-10.7712],[-77.5968,-10.7862],[-77.5895,-10.7862],[-77.5782,-10.7727],[-77.5566,-10.7549],[-77.5406,-10.7486],[-77.5266,-10.7363],[-77.5123,-10.734],[-77.5043,-10.736],[-77.495,-10.7461],[-77.4711,-10.7419],[-77.465,-10.7363],[-77.4599,-10.7371],[-77.4527,-10.7289],[-77.4361,-10.7236],[-77.4251,-10.7297],[-77.4154,-10.73],[-77.3944,-10.7168],[-77.3863,-10.7055],[-77.3948,-10.7018],[-77.4038,-10.691],[-77.4016,-10.6761],[-77.3953,-10.6615],[-77.3889,-10.6577],[-77.3801,-10.6394],[-77.3673,-10.6383],[-77.3485,-10.6078],[-77.3366,-10.5949],[-77.3275,-10.5941],[-77.3167,-10.5826],[-77.3106,-10.5677],[-77.2992,-10.5622],[-77.2923,-10.5566],[-77.2844,-10.5585],[-77.2778,-10.5563],[-77.2694,-10.5602],[-77.2673,-10.5505],[-77.2519,-10.5452],[-77.2422,-10.5477],[-77.2368,-10.5448],[-77.2253,-10.5462],[-77.2208,-10.5512],[-77.2093,-10.5554],[-77.197,-10.5549],[-77.191,-10.5521],[-77.1886,-10.5416],[-77.1806,-10.5333],[-77.1811,-10.5239],[-77.1708,-10.5173],[-77.1668,-10.5041],[-77.1679,-10.4945],[-77.1756,-10.4841],[-77.1766,-10.4756],[-77.1746,-10.4646],[-77.1652,-10.4574],[-77.15,-10.4511],[-77.1448,-10.4439],[-77.1382,-10.4265],[-77.1283,-10.4212],[-77.1166,-10.4064],[-77.111,-10.4033],[-77.1109,-10.3921],[-77.0902,-10.3726],[-77.089,-10.3601],[-77.0808,-10.3577],[-77.0739,-10.3477],[-77.0716,-10.3381],[-77.0623,-10.3346],[-77.0533,-10.3398],[-77.0462,-10.3346],[-77.034,-10.3325],[-77.0247,-10.3275],[-77.0136,-10.3156],[-77.0091,-10.3078],[-77.0067,-10.2842],[-76.9999,-10.2833],[-76.9995,-10.2899],[-76.9899,-10.2959],[-76.9799,-10.2971],[-76.9748,-10.3038],[-76.9655,-10.3054],[-76.9623,-10.2972],[-76.9533,-10.2931],[-76.9512,-10.2889],[-76.9429,-10.2875],[-76.9381,-10.2797],[-76.9209,-10.2754],[-76.9168,-10.2781],[-76.9062,-10.2742]]],[[[-78.6267,-9.1035],[-78.6215,-9.1106],[-78.6136,-9.1092],[-78.6191,-9.0918],[-78.6219,-9.0916],[-78.6267,-9.1035]]]]},"properties":{"shapeName":"Ancash","shapeISO":"PE-ANC","shapeID":"20122684B34629725938967","shapeGroup":"PER","shapeType":"ADM1"}},
{"type":"Feature","geometry":{"type":"Polygon","coordinates":[[[-75.9458,-8.7161],[-75.9491,-8.7092],[-75.9649,-8.6957],[-75.9678,-8.6724],[-75.9789,-8.6548],[-75.9776,-8.645],[-75.9798,-8.636],[-75.9779,-8.6235],[-75.9737,-8.6153],[-75.9722,-8.5995],[-75.9663,-8.592],[-75.965,-8.58],[-75.9663,-8.5688],[-75.9709,-8.558],[-75.9697,-8.5493],[-75.9654,-8.546],[-75.9676,-8.5381],[-75.9684,-8.5228],[-75.9709,-8.517],[-75.9678,-8.5074],[-75.9549,-8.502],[-75.9554,-8.4845],[-75.9619,-8.4757],[-75.965,-8.4616],[-75.9649,-8.4517],[-75.9502,-8.4328],[-75.9423,-8.4277],[-75.946,-8.4204],[-75.946,-8.4009],[-75.9567,-8.3769],[-75.9638,-8.3638],[-75.971,-8.3549],[-75.973,-8.3467],[-75.9856,-8.3296],[-75.985,-8.3222],[-75.9926,-8.3207],[-76.0002,-8.3143],[-76.0056,-8.3232],[-76.0155,-8.3254],[-76.0226,-8.3235],[-76.0279,-8.3291],[-76.036,-8.3294],[-76.0416,-8.3362],[-76.0486,-8.3397],[-76.0539,-8.3304],[-76.0592,-8.3299],[-76.0688,-8.3378],[-76.0749,-8.3403],[-76.0872,-8.3369],[-76.0941,-8.3478],[-76.0982,-8.3668],[-76.1044,-8.3765],[-76.1132,-8.3842],[-76.1079,-8.3977],[-76.1104,-8.4049],[-76.1094,-8.4178],[-76.1188,-8.4304],[-76.1169,-8.4422],[-76.126,-8.4519],[-76.1304,-8.4672],[-76.1302,-8.4804],[-76.1261,-8.5169],[-76.1284,-8.5324],[-76.1264,-8.5454],[-76.1347,-8.5726],[-76.1272,-8.5817],[-76.1229,-8.594],[-76.1245,-8.6045],[-76.1209,-8.6104],[-76.1217,-8.624],[-76.1199,-8.6354],[-76.1148,-8.635],[-76.1076,-8.6405],[-76.1075,-8.6499],[-76.1159,-8.6576],[-76.1228,-8.6539],[-76.1313,-8.6568],[-76.1302,-8.6631],[-76.1383,-8.6654],[-76.1365,-8.6741],[-76.1454,-8.6879],[-76.1474,-8.6968],[-76.1453,-8.7114],[-76.1532,-8.7232],[-76.1571,-8.7333],[-76.1622,-8.731],[-76.1633,-8.7443],[-76.1664,-8.7564],[-76.1745,-8.7596],[-76.1801,-8.7578],[-76.1901,-8.7607],[-76.1986,-8.7586],[-76.1991,-8.7681],[-76.2059,-8.7751],[-76.214,-8.774],[-76.2155,-8.7866],[-76.2302,-8.7963],[-76.2359,-8.7918],[-76.232,-8.782],[-76.2326,-8.7772],[-76.2401,-8.7707],[-76.2384,-8.7641],[-76.2317,-8.7592],[-76.2417,-8.7556],[-76.2287,-8.7481],[-76.2302,-8.7428],[-76.2382,-8.7349],[-76.2414,-8.7239],[-76.2487,-8.7137],[-76.2564,-8.7103],[-76.2544,-8.6913],[-76.2629,-8.6911],[-76.2681,-8.6867],[-76.2612,-8.6821],[-76.2543,-8.6863],[-76.2473,-8.6827],[-76.2528,-8.6653],[-76.2567,-8.6606],[-76.2667,-8.655],[-76.2683,-8.6482],[-76.2628,-8.6399],[-76.2698,-8.629],[-76.2621,-8.6149],[-76.2734,-8.6055],[-76.2725,-8.5954],[-76.2853,-8.5866],[-76.2785,-8.5775],[-76.2861,-8.5691],[-76.2967,-8.5738],[-76.3023,-8.5711],[-76.2997,-8.5628],[-76.305,-8.5526],[-76.313,-8.5437],[-76.3149,-8.5323],[-76.3242,-8.5241],[-76.3194,-8.511],[-76.3114,-8.505],[-76.3126,-8.4997],[-76.3222,-8.4937],[-76.3274,-8.4799],[-76.3222,-8.4676],[-76.3281,-8.4619],[-76.3277,-8.4544],[-76.3322,-8.4463],[-76.3335,-8.4295],[-76.3413,-8.4245],[-76.357,-8.4244],[-76.3626,-8.4147],[-76.3713,-8.4109],[-76.3758,-8.4226],[-76.3896,-8.4263],[-76.4004,-8.4375],[-76.4168,-8.4434],[-76.4248,-8.4536],[-76.4263,-8.4596],[-76.4355,-8.4731],[-76.4395,-8.4837],[-76.444,-8.4888],[-76.4443,-8.4982],[-76.4494,-8.5119],[-76.4496,-8.5175],[-76.4566,-8.5258],[-76.4555,-8.5354],[-76.4588,-8.5451],[-76.4679,-8.5584],[-76.4662,-8.5697],[-76.4953,-8.5758],[-76.4991,-8.5639],[-76.4935,-8.5518],[-76.5051,-8.5356],[-76.5162,-8.5329],[-76.5304,-8.5185],[-76.5427,-8.5097],[-76.5478,-8.4976],[-76.5657,-8.5078],[-76.5743,-8.5067],[-76.5844,-8.51],[-76.5927,-8.5083],[-76.6015,-8.5121],[-76.6145,-8.5132],[-76.6243,-8.512],[-76.6346,-8.5156],[-76.6415,-8.5227],[-76.653,-8.5209],[-76.667,-8.5259],[-76.6688,-8.5225],[-76.6784,-8.5211],[-76.68,-8.5276],[-76.6973,-8.5324],[-76.7126,-8.5273],[-76.7194,-8.5191],[-76.7299,-8.5148],[-76.741,-8.5246],[-76.7546,-8.5196],[-76.7684,-8.5268],[-76.7786,-8.5216],[-76.7848,-8.5244],[-76.7914,-8.5224],[-76.7968,-8.5109],[-76.8044,-8.5106],[-76.8187,-8.5177],[-76.8316,-8.5167],[-76.8435,-8.5267],[-76.8473,-8.5465],[-76.8522,-8.5507],[-76.8617,-8.552],[-76.863,-8.5643],[-76.8709,-8.564],[-76.8749,-8.5582],[-76.8818,-8.5589],[-76.8906,-8.5561],[-76.8963,-8.5628],[-76.9163,-8.5702],[-76.936,-8.567],[-76.9424,-8.5568],[-76.94,-8.5526],[-76.9489,-8.5457],[-76.9554,-8.5456],[-76.959,-8.5522],[-76.967,-8.5596],[-76.9773,-8.5606],[-76.9958,-8.555],[-77.0022,-8.5468],[-77.0112,-8.5397],[-77.0244,-8.543],[-77.0307,-8.5408],[-77.035,-8.5447],[-77.0374,-8.5533],[-77.0498,-8.5537],[-77.0566,-8.5488],[-77.0606,-8.5385],[-77.0757,-8.5342],[-77.0759,-8.5267],[-77.0843,-8.5256],[-77.0917,-8.517],[-77.085,-8.508],[-77.0806,-8.4983],[-77.0808,-8.4882],[-77.0889,-8.4828],[-77.1009,-8.4882],[-77.1087,-8.4798],[-77.1177,-8.479],[-77.1252,-8.4838],[-77.1399,-8.4805],[-77.1426,-8.4758],[-77.1311,-8.4543],[-77.131,-8.4449],[-77.1338,-8.44],[-77.1354,-8.4439],[-77.1467,-8.4545],[-77.1581,-8.4612],[-77.1627,-8.4661],[-77.1748,-8.4712],[-77.1863,-8.4802],[-77.1936,-8.4799],[-77.2042,-8.4857],[-77.2204,-8.4798],[-77.2341,-8.4785],[-77.2468,-8.4731],[-77.2641,-8.4675],[-77.2715,-8.4759],[-77.276,-8.4865],[-77.2771,-8.4957],[-77.2828,-8.5059],[-77.29,-8.5137],[-77.2997,-8.5206],[-77.3094,-8.5215],[-77.3175,-8.5302],[-77.3105,-8.5356],[-77.315,-8.5431],[-77.3113,-8.5546],[-77.305,-8.5654],[-77.2967,-8.57],[-77.2972,-8.5784],[-77.289,-8.5893],[-77.2883,-8.5973],[-77.2913,-8.6064],[-77.2905,-8.615],[-77.2929,-8.6191],[-77.2948,-8.6329],[-77.2932,-8.6379],[-77.2851,-8.6443],[-77.2693,-8.6445],[-77.2606,-8.6485],[-77.2586,-8.6565],[-77.2616,-8.6645],[-77.258,-8.6741],[-77.2517,-8.6834],[-77.2514,-8.6975],[-77.2463,-8.7023],[-77.2477,-8.7098],[-77.2464,-8.7187],[-77.2482,-8.7273],[-77.2324,-8.7408],[-77.2275,-8.7428],[-77.2241,-8.7567],[-77.222,-8.7731],[-77.206,-8.7823],[-77.2001,-8.7936],[-77.1957,-8.815],[-77.185,-8.8279],[-77.1786,-8.8307],[-77.1771,-8.8472],[-77.17,-8.8575],[-77.1731,-8.8624],[-77.1706,-8.8728],[-77.1725,-8.8766],[-77.1649,-8.8812],[-77.1648,-8.8891],[-77.1552,-8.9004],[-77.1479,-8.8955],[-77.1316,-8.9156],[-77.1335,-8.9241],[-77.1305,-8.9318],[-77.1239,-8.935],[-77.1235,-8.9448],[-77.1061,-8.9489],[-77.1025,-8.9605],[-77.1074,-8.9636],[-77.1098,-8.9702],[-77.0981,-8.9748],[-77.0932,-8.9717],[-77.0858,-8.9779],[-77.0738,-8.9844],[-77.0714,-8.988],[-77.0614,-8.9924],[-77.0545,-8.9922],[-77.0372,-8.9993],[-77.0332,-9.0041],[-77.0341,-9.012],[-77.0221,-9.0198],[-77.0168,-9.0266],[-77.0028,-9.0326],[-77.0005,-9.0411],[-76.9956,-9.0469],[-76.9873,-9.0509],[-76.981,-9.0575],[-76.9801,-9.0629],[-76.9654,-9.0611],[-76.962,-9.0674],[-76.9507,-9.0679],[-76.945,-9.0744],[-76.9294,-9.0707],[-76.9157,-9.0765],[-76.8972,-9.0984],[-76.8889,-9.1013],[-76.8678,-9.1144],[-76.8504,-9.1146],[-76.8321,-9.1225],[-76.823,-9.1235],[-76.8169,-9.1296],[-76.7972,-9.1324],[-76.7886,-9.1362],[-76.785,-9.1448],[-76.7701,-9.1546],[-76.7674,-9.1582],[-76.7657,-9.1703],[-76.7589,-9.1795],[-76.7414,-9.196],[-76.7337,-9.209],[-76.7341,-9.2154],[-76.7277,-9.233],[-76.7301,-9.2475],[-76.7257,-9.2566],[-76.7396,-9.274],[-76.7394,-9.2849],[-76.7446,-9.2971],[-76.7438,-9.3059],[-76.739,-9.3171],[-76.7403,-9.3308],[-76.7458,-9.3358],[-76.7575,-9.3622],[-76.7641,-9.367],[-76.7698,-9.3627],[-76.7793,-9.3454],[-76.7885,-9.3397],[-76.7938,-9.3329],[-76.8046,-9.3316],[-76.8144,-9.326],[-76.815,-9.3163],[-76.8295,-9.2906],[-76.8325,-9.2815],[-76.834,-9.266],[-76.8423,-9.2617],[-76.8467,-9.2642],[-76.8479,-9.2722],[-76.8534,-9.2791],[-76.8564,-9.2901],[-76.8687,-9.2927],[-76.8701,-9.3009],[-76.8662,-9.3053],[-76.8703,-9.3144],[-76.8784,-9.3186],[-76.8818,-9.3267],[-76.8929,-9.332],[-76.9001,-9.3571],[-76.9096,-9.3685],[-76.9179,-9.3695],[-76.923,-9.3791],[-76.9241,-9.3915],[-76.9307,-9.3931],[-76.9352,-9.3985],[-76.9363,-9.409],[-76.9292,-9.4261],[-76.9307,-9.4345],[-76.9404,-9.4486],[-76.9481,-9.4561],[-76.9523,-9.4697],[-76.9477,-9.479],[-76.9386,-9.4917],[-76.938,-9.5266],[-76.9452,-9.5358],[-76.9551,-9.5427],[-76.9529,-9.5485],[-76.9551,-9.5603],[-76.9598,-9.5597],[-76.9815,-9.5654],[-76.983,-9.577],[-76.9902,-9.5794],[-76.9882,-9.5917],[-76.9953,-9.6034],[-77.0127,-9.61],[-77.0163,-9.6143],[-77.0237,-9.6107],[-77.0318,-9.6196],[-77.0457,-9.6292],[-77.0446,-9.6398],[-77.0485,-9.6475],[-77.0473,-9.6539],[-77.0414,-9.6589],[-77.0411,-9.6669],[-77.0309,-9.6848],[-77.0282,-9.6944],[-77.0223,-9.7022],[-77.0206,-9.7113],[-77.0102,-9.7173],[-77.0024,-9.7254],[-76.9952,-9.7366],[-76.9867,-9.7431],[-76.9865,-9.7491],[-76.9743,-9.7602],[-76.9698,-9.7583],[-76.9735,-9.748],[-76.9803,-9.7403],[-76.981,-9.7246],[-76.9704,-9.7115],[-76.9616,-9.7135],[-76.9541,-9.7104],[-76.9517,-9.7048],[-76.9414,-9.7059],[-76.9347,-9.72],[-76.9346,-9.7289],[-76.9253,-9.7401],[-76.9174,-9.7437],[-76.9113,-9.759],[-76.9119,-9.7637],[-76.9037,-9.7653],[-76.9014,-9.7705],[-76.9031,-9.7851],[-76.9006,-9.7998],[-76.8952,-9.8156],[-76.8808,-9.833],[-76.8713,-9.8577],[-76.873,-9.8638],[-76.8693,-9.87],[-76.8621,-9.8755],[-76.859,-9.8886],[-76.8508,-9.8946],[-76.8457,-9.9102],[-76.8404,-9.9177],[-76.8437,-9.9239],[-76.8389,-9.9346],[-76.829,-9.9384],[-76.8252,-9.9453],[-76.818,-9.9523],[-76.8137,-9.9616],[-76.8177,-9.9785],[-76.8256,-9.9893],[-76.8233,-9.9956],[-76.825,-10.0092],[-76.8216,-10.0194],[-76.8152,-10.0225],[-76.8113,-10.044],[-76.813,-10.0589],[-76.8084,-10.0848],[-76.822,-10.0838],[-76.838,-10.0851],[-76.846,-10.0887],[-76.8485,-10.0979],[-76.8536,-10.1018],[-76.8641,-10.0948],[-76.8727,-10.0949],[-76.8799,-10.1166],[-76.8858,-10.1134],[-76.9019,-10.1133],[-76.9155,-10.1199],[-76.915,-10.1338],[-76.9107,-10.16],[-76.9126,-10.1633],[-76.9085,-10.1768],[-76.9139,-10.1899],[-76.9094,-10.199],[-76.9123,-10.2107],[-76.9162,-10.2175],[-76.9134,-10.2304],[-76.9049,-10.2374],[-76.9028,-10.2521],[-76.9067,-10.257],[-76.9062,-10.2742],[-76.9008,-10.2853],[-76.8956,-10.2873],[-76.891,-10.2947],[-76.8945,-10.3043],[-76.8814,-10.3085],[-76.873,-10.3258],[-76.8723,-10.3348],[-76.8755,-10.3428],[-76.863,-10.3662],[-76.8659,-10.3748],[-76.8564,-10.3773],[-76.8445,-10.3701],[-76.8419,-10.3639],[-76.8351,-10.3868],[-76.8227,-10.393],[-76.8083,-10.393],[-76.804,-10.4124],[-76.7991,-10.422],[-76.8029,-10.431],[-76.7999,-10.4396],[-76.7881,-10.4381],[-76.7782,-10.4504],[-76.77,-10.4648],[-76.7532,-10.4655],[-76.7482,-10.469],[-76.7426,-10.4668],[-76.7305,-10.4743],[-76.7251,-10.4857],[-76.7245,-10.4762],[-76.7203,-10.4673],[-76.7148,-10.4621],[-76.7022,-10.4615],[-76.6975,-10.4557],[-76.699,-10.4497],[-76.6968,-10.4425],[-76.6841,-10.4409],[-76.6768,-10.4376],[-76.6718,-10.44],[-76.6632,-10.4376],[-76.6641,-10.4315],[-76.6588,-10.4213],[-76.6527,-10.4202],[-76.6472,-10.4151],[-76.6204,-10.4152],[-76.6063,-10.404],[-76.5934,-10.4015],[-76.5934,-10.3872],[-76.5839,-10.3844],[-76.5798,-10.3764],[-76.5751,-10.3758],[-76.5706,-10.3821],[-76.5579,-10.3933],[-76.5519,-10.3846],[-76.5337,-10.3876],[-76.5281,-10.3848],[-76.5242,-10.3774],[-76.5168,-10.3816],[-76.5098,-10.3821],[-76.5007,-10.3793],[-76.4909,-10.3789],[-76.4919,-10.3703],[-76.4865,-10.3667],[-76.4846,-10.359],[-76.4863,-10.3519],[-76.4728,-10.3378],[-76.4836,-10.3263],[-76.4862,-10.3192],[-76.4923,-10.3131],[-76.4726,-10.3099],[-76.4592,-10.3164],[-76.4513,-10.3155],[-76.4439,-10.3205],[-76.434,-10.3185],[-76.4229,-10.3187],[-76.4138,-10.3127],[-76.4023,-10.3092],[-76.3923,-10.2978],[-76.3872,-10.2893],[-76.3702,-10.2951],[-76.3647,-10.2994],[-76.353,-10.2966],[-76.3443,-10.2869],[-76.3358,-10.2863],[-76.3304,-10.3001],[-76.3258,-10.3055],[-76.3307,-10.3161],[-76.322,-10.3254],[-76.3168,-10.341],[-76.3234,-10.3596],[-76.3197,-10.3631],[-76.3197,-10.3718],[-76.3126,-10.3835],[-76.3083,-10.3998],[-76.3093,-10.4056],[-76.3029,-10.4124],[-76.2976,-10.41],[-76.2868,-10.4168],[-76.2751,-10.4031],[-76.2783,-10.3962],[-76.2728,-10.3891],[-76.2745,-10.3834],[-76.2711,-10.3711],[-76.2665,-10.3692],[-76.2575,-10.3739],[-76.2406,-10.3865],[-76.2321,-10.3888],[-76.2274,-10.387],[-76.2309,-10.3718],[-76.223,-10.3749],[-76.2028,-10.3776],[-76.2067,-10.3849],[-76.1951,-10.3927],[-76.1854,-10.3955],[-76.1799,-10.4061],[-76.1643,-10.414],[-76.152,-10.4083],[-76.1404,-10.4106],[-76.1399,-10.4153],[-76.1335,-10.4186],[-76.1305,-10.4297],[-76.1188,-10.4264],[-76.1083,-10.4305],[-76.1042,-10.4355],[-76.0903,-10.4293],[-76.0865,-10.4336],[-76.0788,-10.434],[-76.0747,-10.4395],[-76.0783,-10.452],[-76.0725,-10.4524],[-76.0576,-10.4652],[-76.0507,-10.4642],[-76.0489,-10.4581],[-76.0408,-10.4549],[-76.0314,-10.4563],[-76.0281,-10.4671],[-76.0224,-10.4615],[-76.0107,-10.4554],[-76.0028,-10.4889],[-75.9863,-10.484],[-75.9758,-10.4793],[-75.9585,-10.457],[-75.9579,-10.4533],[-75.9467,-10.4336],[-75.9316,-10.4184],[-75.9251,-10.4068],[-75.926,-10.3987],[-75.9311,-10.39],[-75.9345,-10.375],[-75.9244,-10.356],[-75.915,-10.3492],[-75.9037,-10.3342],[-75.892,-10.3233],[-75.8788,-10.3136],[-75.8707,-10.3109],[-75.8564,-10.3017],[-75.8489,-10.2907],[-75.8488,-10.2854],[-75.8441,-10.2759],[-75.844,-10.2662],[-75.8401,-10.2583],[-75.8127,-10.2441],[-75.8063,-10.2477],[-75.7856,-10.2524],[-75.7725,-10.2468],[-75.7595,-10.2377],[-75.7514,-10.24],[-75.7376,-10.2327],[-75.7326,-10.2342],[-75.7215,-10.2274],[-75.704,-10.2067],[-75.7008,-10.1963],[-75.7017,-10.1887],[-75.6988,-10.1711],[-75.7041,-10.161],[-75.7052,-10.1469],[-75.7031,-10.133],[-75.6984,-10.1227],[-75.6914,-10.117],[-75.6947,-10.1073],[-75.6931,-10.0999],[-75.6855,-10.0833],[-75.6832,-10.0656],[-75.6785,-10.0613],[-75.6787,-10.0541],[-75.6749,-10.0471],[-75.6639,-10.0439],[-75.6488,-10.0267],[-75.6313,-10.0259],[-75.6086,-10.0229],[-75.6005,-10.014],[-75.5999,-10.0034],[-75.5954,-9.9911],[-75.5976,-9.9762],[-75.595,-9.966],[-75.598,-9.9581],[-75.5903,-9.9525],[-75.5799,-9.9598],[-75.561,-9.9696],[-75.5486,-9.9836],[-75.5401,-9.9812],[-75.5296,-9.9827],[-75.5069,-9.9813],[-75.4827,-9.9934],[-75.4693,-9.9966],[-75.4757,-9.974],[-75.4708,-9.9695],[-75.4691,-9.9579],[-75.4555,-9.954],[-75.4494,-9.9408],[-75.4417,-9.9363],[-75.4229,-9.9436],[-75.4144,-9.9379],[-75.4121,-9.9328],[-75.4048,-9.9302],[-75.4043,-9.926],[-75.3957,-9.914],[-75.3966,-9.909],[-75.409,-9.9028],[-75.4112,-9.8884],[-75.3996,-9.8785],[-75.3896,-9.8743],[-75.3694,-9.8708],[-75.3483,-9.8746],[-75.3349,-9.8715],[-75.3263,-9.8766],[-75.3199,-9.8771],[-75.3022,-9.874],[-75.2943,-9.8693],[-75.2879,-9.8703],[-75.2827,-9.861],[-75.277,-9.8559],[-75.2758,-9.8498],[-75.2826,-9.8305],[-75.2926,-9.8162],[-75.2976,-9.7943],[-75.3031,-9.7836],[-75.2988,-9.7777],[-75.2886,-9.7758],[-75.2798,-9.7792],[-75.2632,-9.7802],[-75.2569,-9.7786],[-75.2408,-9.7858],[-75.2155,-9.8041],[-75.2026,-9.8154],[-75.1601,-9.84],[-75.1477,-9.8405],[-75.1352,-9.8386],[-75.123,-9.8408],[-75.1084,-9.8463],[-75.0945,-9.8445],[-75.0801,-9.8392],[-75.0735,-9.8313],[-75.066,-9.8278],[-75.0599,-9.8197],[-75.0527,-9.823],[-75.0433,-9.8229],[-75.0352,-9.8308],[-75.0217,-9.8309],[-75.0184,-9.8358],[-75.0084,-9.8357],[-74.9994,-9.8385],[-74.9927,-9.8347],[-74.988,-9.8257],[-74.9775,-9.8112],[-74.9742,-9.8002],[-74.9685,-9.7943],[-74.9584,-9.7902],[-74.9537,-9.7841],[-74.9431,-9.7611],[-74.9267,-9.7564],[-74.9163,-9.7472],[-74.9023,-9.7411],[-74.8977,-9.7371],[-74.8813,-9.7322],[-74.87,-9.7348],[-74.859,-9.7407],[-74.8494,-9.7483],[-74.8438,-9.7491],[-74.8316,-9.7456],[-74.8259,-9.7412],[-74.8044,-9.7298],[-74.7973,-9.7123],[-74.7995,-9.7038],[-74.8089,-9.694],[-74.807,-9.6866],[-74.7935,-9.6734],[-74.7866,-9.6645],[-74.7796,-9.6488],[-74.768,-9.6321],[-74.7657,-9.6248],[-74.7703,-9.6161],[-74.7697,-9.6003],[-74.7591,-9.5997],[-74.7552,-9.5928],[-74.7558,-9.584],[-74.7473,-9.5787],[-74.7406,-9.5787],[-74.7352,-9.5727],[-74.7481,-9.5429],[-74.7464,-9.5384],[-74.7505,-9.5246],[-74.7419,-9.5173],[-74.7398,-9.4973],[-74.734,-9.4904],[-74.7315,-9.4772],[-74.7277,-9.47],[-74.7098,-9.4559],[-74.6911,-9.4451],[-74.6806,-9.4347],[-74.6771,-9.4283],[-74.6749,-9.4207],[-74.6737,-9.4057],[-74.6743,-9.3945],[-74.6684,-9.3858],[-74.6442,-9.3661],[-74.6317,-9.3546],[-74.6246,-9.3419],[-74.6106,-9.333],[-74.5991,-9.3187],[-74.5894,-9.3032],[-74.5872,-9.2956],[-74.5912,-9.2911],[-74.5899,-9.2672],[-74.6023,-9.2507],[-74.6079,-9.2473],[-74.6153,-9.238],[-74.6166,-9.2303],[-74.6245,-9.2156],[-74.627,-9.1971],[-74.6361,-9.173],[-74.6396,-9.1597],[-74.641,-9.1418],[-74.6391,-9.1298],[-74.6365,-9.1255],[-74.6407,-9.1186],[-74.6548,-9.1138],[-74.6719,-9.1105],[-74.6755,-9.1071],[-74.6781,-9.094],[-74.6713,-9.0833],[-74.6649,-9.0796],[-74.6571,-9.0686],[-74.6514,-9.0488],[-74.6641,-9.0339],[-74.6692,-9.0203],[-74.6617,-9.0038],[-74.6511,-8.9998],[-74.6478,-8.9896],[-74.6527,-8.9796],[-74.6495,-8.9633],[-74.6473,-8.9381],[-74.6443,-8.9188],[-74.6364,-8.9123],[-74.6242,-8.8887],[-74.6231,-8.8806],[-74.6214,-8.8456],[-74.6183,-8.832],[-74.6089,-8.8202],[-74.5881,-8.8126],[-74.577,-8.8007],[-74.5729,-8.7926],[-74.5502,-8.7826],[-74.5322,-8.7761],[-74.5316,-8.7702],[-74.5254,-8.7493],[-74.5278,-8.711],[-74.5361,-8.6299],[-74.5414,-8.6086],[-74.5438,-8.5937],[-74.5471,-8.5846],[-74.5569,-8.5731],[-74.5776,-8.5538],[-74.5897,-8.5487],[-74.6178,-8.5487],[-74.6303,-8.5504],[-74.6442,-8.5541],[-74.6641,-8.5619],[-74.6828,-8.576],[-74.6925,-8.5812],[-74.7975,-8.6317],[-74.8467,-8.6612],[-74.8468,-8.6704],[-74.8419,-8.6764],[-74.8416,-8.6823],[-74.8471,-8.6889],[-74.8487,-8.7028],[-74.8465,-8.7135],[-74.8507,-8.73],[-74.8506,-8.7569],[-74.8529,-8.7644],[-74.8653,-8.7809],[-74.8957,-8.8048],[-74.9407,-8.8579],[-74.9536,-8.8581],[-74.951,-8.875],[-74.9457,-8.884],[-74.9441,-8.8933],[-74.9362,-8.8941],[-74.9307,-8.906],[-74.9297,-8.9147],[-74.9342,-8.9302],[-74.9383,-8.9348],[-74.9451,-8.934],[-74.9566,-8.9377],[-74.965,-8.9382],[-74.9742,-8.9456],[-74.9789,-8.952],[-74.9851,-8.9502],[-74.9936,-8.933],[-75.0126,-8.9136],[-75.0203,-8.9129],[-75.0456,-8.9042],[-75.0557,-8.9051],[-75.0732,-8.915],[-75.0944,-8.9223],[-75.1062,-8.9307],[-75.1149,-8.9425],[-75.1226,-8.9482],[-75.1293,-8.9598],[-75.1407,-8.9671],[-75.1433,-8.9722],[-75.1431,-8.9892],[-75.1507,-9.0025],[-75.1479,-9.0207],[-75.1484,-9.0315],[-75.151,-9.0387],[-75.1631,-9.0566],[-75.1697,-9.0628],[-75.1705,-9.0674],[-75.181,-9.081],[-75.1899,-9.0885],[-75.1974,-9.0874],[-75.203,-9.0923],[-75.2093,-9.1025],[-75.2227,-9.1042],[-75.2312,-9.1027],[-75.2376,-9.1068],[-75.2328,-9.1168],[-75.2285,-9.1359],[-75.222,-9.1424],[-75.2106,-9.1591],[-75.2114,-9.1669],[-75.2085,-9.1907],[-75.2026,-9.202],[-75.202,-9.211],[-75.2097,-9.2299],[-75.2247,-9.241],[-75.2483,-9.2648],[-75.2623,-9.2704],[-75.2754,-9.2925],[-75.2827,-9.3098],[-75.2898,-9.3121],[-75.3179,-9.2989],[-75.3289,-9.297],[-75.3331,-9.3031],[-75.3427,-9.3025],[-75.356,-9.3072],[-75.3644,-9.306],[-75.3723,-9.3094],[-75.3823,-9.3059],[-75.3891,-9.2984],[-75.3952,-9.2952],[-75.4113,-9.296],[-75.4199,-9.2928],[-75.4293,-9.2968],[-75.4521,-9.2967],[-75.4563,-9.325],[-75.4667,-9.341],[-75.4814,-9.3597],[-75.4878,-9.3727],[-75.4944,-9.3774],[-75.5111,-9.3808],[-75.5176,-9.3844],[-75.5325,-9.3887],[-75.5431,-9.3964],[-75.5624,-9.4002],[-75.5709,-9.3984],[-75.5875,-9.3988],[-75.5959,-9.3964],[-75.6216,-9.3967],[-75.6397,-9.3938],[-75.6527,-9.3971],[-75.6708,-9.3966],[-75.6713,-9.3872],[-75.6779,-9.3813],[-75.6804,-9.3751],[-75.6883,-9.3652],[-75.691,-9.3504],[-75.7022,-9.3367],[-75.716,-9.3082],[-75.7318,-9.2723],[-75.7388,-9.2641],[-75.749,-9.2572],[-75.7592,-9.246],[-75.7706,-9.2253],[-75.7749,-9.2075],[-75.7847,-9.1918],[-75.7941,-9.1884],[-75.8004,-9.1707],[-75.8007,-9.1573],[-75.8056,-9.1442],[-75.8065,-9.1215],[-75.8138,-9.1074],[-75.8219,-9.0993],[-75.8258,-9.0901],[-75.8328,-9.0892],[-75.839,-9.0767],[-75.8385,-9.0685],[-75.8444,-9.0515],[-75.8535,-9.0458],[-75.8705,-9.0291],[-75.8759,-9.0215],[-75.8765,-9.0147],[-75.8809,-9.0061],[-75.8744,-8.9703],[-75.8772,-8.9568],[-75.8859,-8.9457],[-75.8872,-8.9324],[-75.8921,-8.9165],[-75.8984,-8.9078],[-75.9063,-8.9019],[-75.9108,-8.8936],[-75.9125,-8.8836],[-75.9173,-8.8792],[-75.9228,-8.8641],[-75.9243,-8.853],[-75.9278,-8.8458],[-75.9296,-8.8304],[-75.9268,-8.8137],[-75.9262,-8.8018],[-75.9219,-8.7877],[-75.9216,-8.7808],[-75.9269,-8.7685],[-75.9385,-8.7518],[-75.9448,-8.7308],[-75.9458,-8.7161]]]},"properties":{"shapeName":"Huánuco","shapeISO":"PE-HUC","shapeID":"20122684B84351602219987","shapeGroup":"PER","shapeType":"ADM1"}},
{"type":"Feature","geometry":{"type":"Polygon","coordinates":[[[-79.3226,-7.0257],[-79.3305,-7.0242],[-79.3367,-7.0149],[-79.3423,-7.0108],[-79.3596,-7.005],[-79.3691,-6.9917],[-79.37,-6.9854],[-79.3772,-6.985],[-79.3893,-6.9752],[-79.3923,-6.9649],[-79.4004,-6.9634],[-79.4008,-6.9569],[-79.4309,-6.9534],[-79.4373,-6.9486],[-79.455,-6.9463],[-79.4571,-6.952],[-79.4679,-6.9661],[-79.4809,-6.9703],[-79.4876,-6.9671],[-79.4964,-6.9717],[-79.5033,-6.9674],[-79.5147,-6.9786],[-79.5144,-6.9863],[-79.5288,-7.0053],[-79.5353,-7.0115],[-79.5932,-7.073],[-79.6906,-7.1771],[-79.6675,-7.2005],[-79.6664,-7.2026],[-79.64,-7.2288],[-79.6213,-7.2503],[-79.6098,-7.2666],[-79.5995,-7.2856],[-79.5915,-7.3048],[-79.5876,-7.3184],[-79.5905,-7.3269],[-79.5886,-7.3357],[-79.5885,-7.3509],[-79.5744,-7.3739],[-79.5695,-7.39],[-79.5722,-7.3995],[-79.5778,-7.4072],[-79.5885,-7.4141],[-79.5887,-7.4195],[-79.5837,-7.4347],[-79.5789,-7.4425],[-79.5766,-7.4615],[-79.5701,-7.4706],[-79.5501,-7.4945],[-79.5395,-7.514],[-79.5409,-7.5213],[-79.5187,-7.5464],[-79.496,-7.5753],[-79.4953,-7.5812],[-79.4717,-7.6123],[-79.4491,-7.6471],[-79.4368,-7.6736],[-79.4353,-7.6934],[-79.4438,-7.7031],[-79.4657,-7.7119],[-79.4655,-7.7166],[-79.4477,-7.7363],[-79.4111,-7.7691],[-79.3924,-7.7878],[-79.3845,-7.7999],[-79.3867,-7.8098],[-79.3817,-7.8178],[-79.3815,-7.8255],[-79.3757,-7.8421],[-79.3644,-7.8585],[-79.3527,-7.8722],[-79.3299,-7.8952],[-79.3099,-7.9141],[-79.3073,-7.926],[-79.2858,-7.9433],[-79.2565,-7.964],[-79.2213,-7.9897],[-79.2126,-7.9976],[-79.1966,-8.0082],[-79.1769,-8.0227],[-79.1677,-8.0307],[-79.1476,-8.0457],[-79.1279,-8.0623],[-79.121,-8.0711],[-79.1196,-8.0772],[-79.1238,-8.0837],[-79.1173,-8.096],[-79.0917,-8.1166],[-79.0646,-8.1375],[-79.0383,-8.161],[-79.0354,-8.1623],[-79.0154,-8.1801],[-78.9903,-8.2055],[-78.9841,-8.2132],[-78.9803,-8.2231],[-78.9809,-8.2308],[-78.9625,-8.2528],[-78.9576,-8.263],[-78.9601,-8.2705],[-78.9563,-8.2848],[-78.9591,-8.2899],[-78.9464,-8.306],[-78.9446,-8.3119],[-78.9204,-8.3456],[-78.9066,-8.3617],[-78.9015,-8.3695],[-78.8996,-8.3792],[-78.8987,-8.3972],[-78.9041,-8.4145],[-78.9115,-8.4248],[-78.9202,-8.4303],[-78.9336,-8.4296],[-78.9382,-8.4366],[-78.9184,-8.4604],[-78.8656,-8.4944],[-78.8352,-8.5177],[-78.8217,-8.5291],[-78.7989,-8.5501],[-78.7813,-8.5697],[-78.7693,-8.5868],[-78.759,-8.606],[-78.7466,-8.635],[-78.743,-8.6498],[-78.7407,-8.6681],[-78.7468,-8.6768],[-78.7467,-8.6842],[-78.7401,-8.7002],[-78.7374,-8.7121],[-78.7411,-8.7241],[-78.7406,-8.7329],[-78.7428,-8.7403],[-78.7607,-8.7564],[-78.7575,-8.7666],[-78.7612,-8.774],[-78.7345,-8.8078],[-78.7149,-8.8349],[-78.6909,-8.8657],[-78.6728,-8.8846],[-78.6517,-8.9144],[-78.6437,-8.9369],[-78.645,-8.9435],[-78.6428,-8.9575],[-78.6449,-8.9692],[-78.6297,-8.9709],[-78.6195,-8.9665],[-78.6123,-8.9598],[-78.5917,-8.946],[-78.5899,-8.9426],[-78.5896,-8.925],[-78.5861,-8.9212],[-78.583,-8.9092],[-78.5798,-8.9054],[-78.5765,-8.889],[-78.5825,-8.8666],[-78.5883,-8.8587],[-78.5822,-8.8453],[-78.581,-8.837],[-78.5758,-8.8197],[-78.5651,-8.7967],[-78.5653,-8.7926],[-78.5516,-8.775],[-78.5294,-8.7631],[-78.5263,-8.7578],[-78.5181,-8.753],[-78.4933,-8.7498],[-78.4848,-8.7505],[-78.4679,-8.7415],[-78.4482,-8.7369],[-78.4253,-8.7239],[-78.4101,-8.7082],[-78.4023,-8.7075],[-78.3973,-8.7026],[-78.3792,-8.6966],[-78.3732,-8.6872],[-78.363,-8.6812],[-78.3548,-8.6733],[-78.3463,-8.6759],[-78.3373,-8.6757],[-78.3349,-8.6672],[-78.3165,-8.6653],[-78.3109,-8.6672],[-78.3006,-8.6636],[-78.2948,-8.6588],[-78.2877,-8.6625],[-78.2727,-8.6563],[-78.2614,-8.6581],[-78.2461,-8.6584],[-78.2356,-8.6529],[-78.2283,-8.6448],[-78.2072,-8.6327],[-78.2005,-8.6225],[-78.2025,-8.6169],[-78.1955,-8.6067],[-78.1935,-8.6001],[-78.1984,-8.5863],[-78.2018,-8.5829],[-78.2017,-8.5742],[-78.2079,-8.5661],[-78.2151,-8.5657],[-78.2169,-8.5569],[-78.2084,-8.5412],[-78.2026,-8.5261],[-78.1903,-8.5145],[-78.1737,-8.5035],[-78.17,-8.4983],[-78.1704,-8.492],[-78.1573,-8.4782],[-78.1567,-8.4636],[-78.151,-8.4569],[-78.1506,-8.4514],[-78.1395,-8.4278],[-78.1406,-8.4141],[-78.1379,-8.4084],[-78.1352,-8.3922],[-78.1392,-8.3902],[-78.1368,-8.3775],[-78.1375,-8.3687],[-78.1298,-8.3618],[-78.1242,-8.361],[-78.116,-8.3527],[-78.1144,-8.3438],[-78.1085,-8.3359],[-78.1142,-8.328],[-78.115,-8.3227],[-78.1206,-8.3187],[-78.1159,-8.3101],[-78.1022,-8.3054],[-78.0944,-8.2943],[-78.0905,-8.2944],[-78.0871,-8.2863],[-78.082,-8.2811],[-78.0736,-8.2816],[-78.0665,-8.2776],[-78.0652,-8.2715],[-78.0582,-8.2688],[-78.0455,-8.2579],[-78.0368,-8.256],[-78.0353,-8.2473],[-78.0186,-8.2243],[-78.0062,-8.2221],[-77.9823,-8.2154],[-77.9787,-8.2105],[-77.9574,-8.2083],[-77.9399,-8.1991],[-77.9332,-8.197],[-77.9339,-8.1902],[-77.9265,-8.1571],[-77.9204,-8.1473],[-77.9184,-8.1338],[-77.9136,-8.1207],[-77.9106,-8.1196],[-77.9083,-8.1088],[-77.9045,-8.1046],[-77.9054,-8.0949],[-77.8979,-8.076],[-77.8969,-8.0632],[-77.8913,-8.0615],[-77.8835,-8.0637],[-77.8695,-8.056],[-77.8656,-8.0571],[-77.8596,-8.0667],[-77.8522,-8.0748],[-77.8333,-8.0757],[-77.8245,-8.0697],[-77.8104,-8.0677],[-77.7958,-8.071],[-77.7917,-8.0777],[-77.7858,-8.0792],[-77.761,-8.0752],[-77.7502,-8.0772],[-77.7434,-8.0702],[-77.7362,-8.0726],[-77.7194,-8.0734],[-77.7016,-8.0664],[-77.6904,-8.0604],[-77.6847,-8.063],[-77.6647,-8.0575],[-77.6578,-8.053],[-77.6471,-8.0503],[-77.6468,-8.0615],[-77.6427,-8.0672],[-77.6334,-8.0689],[-77.6233,-8.0735],[-77.6188,-8.0798],[-77.6253,-8.0945],[-77.6365,-8.1062],[-77.6301,-8.1151],[-77.6239,-8.1179],[-77.6166,-8.1312],[-77.6034,-8.1348],[-77.6015,-8.1385],[-77.6079,-8.1468],[-77.6057,-8.1548],[-77.5941,-8.1628],[-77.5767,-8.1673],[-77.5703,-8.1746],[-77.5635,-8.1885],[-77.5572,-8.1937],[-77.5697,-8.206],[-77.5738,-8.2154],[-77.5753,-8.2286],[-77.5728,-8.2335],[-77.5622,-8.2383],[-77.5527,-8.2364],[-77.5359,-8.241],[-77.5278,-8.2472],[-77.5265,-8.2528],[-77.5286,-8.2657],[-77.5214,-8.2707],[-77.5033,-8.2746],[-77.4914,-8.2826],[-77.4866,-8.2976],[-77.4876,-8.3035],[-77.4821,-8.3139],[-77.4736,-8.3205],[-77.478,-8.3265],[-77.4706,-8.3324],[-77.4638,-8.3313],[-77.4589,-8.3357],[-77.4574,-8.3463],[-77.4594,-8.3549],[-77.4544,-8.3562],[-77.447,-8.3694],[-77.4498,-8.3745],[-77.4485,-8.3816],[-77.4386,-8.3979],[-77.4366,-8.4105],[-77.4389,-8.4199],[-77.4307,-8.4306],[-77.4232,-8.434],[-77.4183,-8.4396],[-77.4055,-8.4415],[-77.4039,-8.452],[-77.399,-8.4642],[-77.4023,-8.4721],[-77.4003,-8.482],[-77.3863,-8.4941],[-77.3691,-8.4999],[-77.3653,-8.5084],[-77.3473,-8.5179],[-77.3371,-8.5315],[-77.3326,-8.533],[-77.3259,-8.5291],[-77.3175,-8.5302],[-77.3094,-8.5215],[-77.2997,-8.5206],[-77.29,-8.5137],[-77.2828,-8.5059],[-77.2771,-8.4957],[-77.276,-8.4865],[-77.2715,-8.4759],[-77.2641,-8.4675],[-77.2468,-8.4731],[-77.2341,-8.4785],[-77.2204,-8.4798],[-77.2042,-8.4857],[-77.1936,-8.4799],[-77.1863,-8.4802],[-77.1748,-8.4712],[-77.1627,-8.4661],[-77.1581,-8.4612],[-77.1467,-8.4545],[-77.1354,-8.4439],[-77.1338,-8.44],[-77.1208,-8.4474],[-77.1039,-8.444],[-77.1033,-8.438],[-77.0932,-8.4345],[-77.094,-8.4277],[-77.0855,-8.4062],[-77.0754,-8.4059],[-77.0699,-8.3975],[-77.0652,-8.3966],[-77.0549,-8.4018],[-77.0437,-8.4045],[-77.0325,-8.404],[-77.0025,-8.3831],[-76.9968,-8.3842],[-76.9921,-8.3908],[-76.9765,-8.3959],[-76.9719,-8.3906],[-76.9745,-8.3789],[-76.9656,-8.3697],[-76.9501,-8.375],[-76.9402,-8.3591],[-76.927,-8.3593],[-76.9262,-8.3505],[-76.9318,-8.3435],[-76.9137,-8.3261],[-76.9125,-8.3127],[-76.907,-8.3044],[-76.9111,-8.2975],[-76.9055,-8.286],[-76.9012,-8.2835],[-76.9077,-8.2625],[-76.9082,-8.2534],[-76.915,-8.2324],[-76.9256,-8.2185],[-76.9236,-8.2065],[-76.9182,-8.1963],[-76.9123,-8.1898],[-76.9119,-8.181],[-76.907,-8.1707],[-76.9118,-8.1589],[-76.9195,-8.1533],[-76.9212,-8.1477],[-76.9302,-8.1385],[-76.9381,-8.1367],[-76.9445,-8.1399],[-76.9553,-8.1345],[-76.962,-8.1262],[-76.9692,-8.1207],[-76.978,-8.1188],[-76.9867,-8.1112],[-76.9863,-8.1039],[-76.9973,-8.0823],[-77.0036,-8.0814],[-77.0084,-8.0747],[-77.0158,-8.0579],[-77.0196,-8.0527],[-77.0314,-8.0461],[-77.047,-8.045],[-77.0861,-8.0343],[-77.1015,-8.0272],[-77.1183,-8.0252],[-77.132,-8.032],[-77.1505,-8.032],[-77.1649,-8.0221],[-77.1746,-8.021],[-77.1821,-8.0225],[-77.1978,-8.0145],[-77.2049,-8.0126],[-77.2152,-8.0143],[-77.2244,-8.0118],[-77.2383,-8.0133],[-77.2422,-8.0164],[-77.2547,-8.0337],[-77.2588,-8.0468],[-77.2692,-8.0503],[-77.2813,-8.0488],[-77.2923,-8.0601],[-77.3033,-8.063],[-77.3072,-8.0566],[-77.3245,-8.058],[-77.3274,-8.0541],[-77.3349,-8.0566],[-77.3493,-8.0544],[-77.359,-8.0574],[-77.3698,-8.0641],[-77.3855,-8.0554],[-77.3812,-8.0451],[-77.3813,-8.0379],[-77.3752,-8.0326],[-77.3778,-8.0267],[-77.3881,-8.0199],[-77.3943,-8.0089],[-77.3996,-8.0081],[-77.4064,-7.9971],[-77.4071,-7.992],[-77.4005,-7.983],[-77.397,-7.9695],[-77.3878,-7.9638],[-77.3905,-7.9473],[-77.3856,-7.9439],[-77.3866,-7.9363],[-77.3827,-7.9251],[-77.3754,-7.9201],[-77.3769,-7.9088],[-77.3888,-7.9077],[-77.4017,-7.8985],[-77.4068,-7.9025],[-77.4239,-7.8792],[-77.4266,-7.8685],[-77.4375,-7.8517],[-77.4379,-7.847],[-77.4316,-7.8417],[-77.4356,-7.8294],[-77.4426,-7.8242],[-77.4429,-7.8136],[-77.4502,-7.8083],[-77.4579,-7.8109],[-77.4682,-7.8075],[-77.4721,-7.803],[-77.4798,-7.8033],[-77.4825,-7.7965],[-77.4897,-7.7939],[-77.4931,-7.7858],[-77.498,-7.7855],[-77.5053,-7.7786],[-77.5047,-7.7729],[-77.5112,-7.769],[-77.5255,-7.7683],[-77.5278,-7.7576],[-77.524,-7.7523],[-77.5183,-7.7518],[-77.4955,-7.7371],[-77.4957,-7.732],[-77.4877,-7.7266],[-77.4829,-7.7193],[-77.4845,-7.6997],[-77.4715,-7.6915],[-77.4613,-7.6914],[-77.4607,-7.6803],[-77.4665,-7.6749],[-77.4768,-7.6774],[-77.4794,-7.6811],[-77.4886,-7.6853],[-77.4979,-7.6864],[-77.5095,-7.6765],[-77.5079,-7.6714],[-77.5113,-7.6577],[-77.5217,-7.6544],[-77.5268,-7.6577],[-77.5377,-7.6509],[-77.5366,-7.6441],[-77.5283,-7.6413],[-77.5227,-7.6318],[-77.5292,-7.6204],[-77.5284,-7.616],[-77.5217,-7.6127],[-77.5102,-7.6114],[-77.5044,-7.6153],[-77.4942,-7.6136],[-77.4858,-7.604],[-77.496,-7.5836],[-77.5093,-7.5816],[-77.5154,-7.5838],[-77.5222,-7.5771],[-77.5367,-7.5823],[-77.5404,-7.5756],[-77.5369,-7.5713],[-77.5402,-7.5629],[-77.5339,-7.5549],[-77.5341,-7.5466],[-77.5299,-7.5364],[-77.5291,-7.5162],[-77.5225,-7.5069],[-77.5269,-7.5048],[-77.5339,-7.5087],[-77.5391,-7.5074],[-77.5427,-7.4971],[-77.5495,-7.4959],[-77.5543,-7.4784],[-77.5595,-7.4648],[-77.5693,-7.4566],[-77.5847,-7.4499],[-77.5929,-7.4435],[-77.6007,-7.4439],[-77.6103,-7.4349],[-77.6137,-7.4199],[-77.6304,-7.4133],[-77.6271,-7.4101],[-77.6217,-7.3974],[-77.6294,-7.3815],[-77.6357,-7.3574],[-77.6348,-7.3501],[-77.6391,-7.3433],[-77.6353,-7.3407],[-77.6325,-7.3307],[-77.6345,-7.3258],[-77.6286,-7.32],[-77.6336,-7.3088],[-77.6349,-7.2927],[-77.6395,-7.2805],[-77.6469,-7.2696],[-77.6373,-7.2545],[-77.6451,-7.2535],[-77.6467,-7.2407],[-77.6376,-7.2429],[-77.6362,-7.2357],[-77.6239,-7.2273],[-77.6167,-7.2264],[-77.6055,-7.2192],[-77.6078,-7.2103],[-77.621,-7.1916],[-77.6154,-7.1794],[-77.6208,-7.1726],[-77.6336,-7.17],[-77.6386,-7.1612],[-77.6395,-7.1538],[-77.6435,-7.149],[-77.6527,-7.1465],[-77.6649,-7.138],[-77.6813,-7.1316],[-77.6891,-7.1213],[-77.7007,-7.1179],[-77.7134,-7.1079],[-77.7132,-7.1016],[-77.7176,-7.0864],[-77.7094,-7.0784],[-77.7067,-7.0725],[-77.7096,-7.0664],[-77.7172,-7.0652],[-77.7238,-7.0596],[-77.7319,-7.0487],[-77.7408,-7.0331],[-77.7404,-7.0265],[-77.7457,-7.0195],[-77.7438,-7.0132],[-77.7477,-7.0047],[-77.7444,-6.9982],[-77.7478,-6.994],[-77.7471,-6.9867],[-77.7551,-6.9767],[-77.7589,-6.9645],[-77.7659,-6.9621],[-77.7719,-6.9506],[-77.7793,-6.9415],[-77.7863,-6.9493],[-77.7876,-6.9549],[-77.7946,-6.9581],[-77.8019,-6.9661],[-77.8099,-6.9612],[-77.8228,-6.9598],[-77.8334,-6.9568],[-77.8392,-6.9732],[-77.8459,-6.9764],[-77.8803,-6.9625],[-77.8871,-6.9716],[-77.8956,-6.9757],[-77.9,-6.9807],[-77.9153,-6.9806],[-77.9275,-6.9867],[-77.9351,-6.9792],[-77.9459,-6.9732],[-77.9607,-6.9756],[-77.9747,-6.9699],[-77.9838,-6.9627],[-77.9918,-6.9634],[-78.0004,-6.9702],[-77.9939,-6.9695],[-77.9936,-6.9779],[-78.0002,-6.9896],[-77.9929,-6.9932],[-77.9851,-7.0142],[-77.9789,-7.016],[-77.9789,-7.0239],[-77.9729,-7.024],[-77.9653,-7.0383],[-77.9659,-7.0508],[-77.9579,-7.0543],[-77.9477,-7.0693],[-77.9493,-7.0784],[-77.9404,-7.0885],[-77.9394,-7.097],[-77.9295,-7.1064],[-77.9292,-7.1188],[-77.9256,-7.1364],[-77.9262,-7.1528],[-77.9227,-7.1575],[-77.9047,-7.1659],[-77.8993,-7.1652],[-77.8999,-7.1788],[-77.8935,-7.1813],[-77.8822,-7.193],[-77.8843,-7.2],[-77.8811,-7.2104],[-77.8809,-7.2214],[-77.8692,-7.2287],[-77.8648,-7.2264],[-77.8546,-7.2309],[-77.8496,-7.2381],[-77.857,-7.2453],[-77.8596,-7.2551],[-77.8596,-7.2649],[-77.8544,-7.2721],[-77.8566,-7.2832],[-77.843,-7.2878],[-77.8394,-7.291],[-77.8376,-7.3003],[-77.8311,-7.31],[-77.8384,-7.3411],[-77.8314,-7.3425],[-77.8209,-7.3691],[-77.825,-7.3787],[-77.8134,-7.3925],[-77.8054,-7.3963],[-77.7977,-7.4037],[-77.7807,-7.4109],[-77.7769,-7.4172],[-77.772,-7.4185],[-77.7721,-7.4292],[-77.7674,-7.4408],[-77.7554,-7.441],[-77.748,-7.455],[-77.7451,-7.4637],[-77.7414,-7.4667],[-77.7473,-7.4803],[-77.7594,-7.4782],[-77.77,-7.4818],[-77.7782,-7.4899],[-77.7912,-7.5],[-77.8135,-7.5044],[-77.8184,-7.5073],[-77.8442,-7.5144],[-77.8575,-7.5242],[-77.8626,-7.5348],[-77.8618,-7.5523],[-77.8658,-7.5611],[-77.8704,-7.5853],[-77.8879,-7.5882],[-77.9101,-7.5972],[-77.9228,-7.6003],[-77.9193,-7.6057],[-77.916,-7.6193],[-77.9128,-7.6249],[-77.92,-7.6286],[-77.9263,-7.6371],[-77.9403,-7.6405],[-77.9391,-7.6484],[-77.9323,-7.6518],[-77.9366,-7.6575],[-77.9483,-7.6597],[-77.9578,-7.6548],[-77.9647,-7.6662],[-77.9667,-7.6751],[-77.9732,-7.667],[-77.9774,-7.67],[-77.9986,-7.6791],[-78.017,-7.6798],[-78.026,-7.6825],[-78.0438,-7.6782],[-78.0509,-7.6789],[-78.0632,-7.6888],[-78.0812,-7.6962],[-78.0949,-7.6736],[-78.0991,-7.671],[-78.1161,-7.654],[-78.1278,-7.6535],[-78.1318,-7.6599],[-78.1417,-7.664],[-78.14,-7.6754],[-78.141,-7.6827],[-78.1491,-7.6917],[-78.1589,-7.6934],[-78.1713,-7.7134],[-78.1783,-7.7119],[-78.1903,-7.7175],[-78.1928,-7.7272],[-78.1995,-7.7294],[-78.2111,-7.7278],[-78.2196,-7.7286],[-78.2116,-7.7432],[-78.2163,-7.7491],[-78.2135,-7.754],[-78.2212,-7.7631],[-78.2247,-7.7593],[-78.2423,-7.7545],[-78.2476,-7.7566],[-78.2724,-7.7535],[-78.2812,-7.7473],[-78.2832,-7.7421],[-78.2821,-7.7264],[-78.2757,-7.7202],[-78.2839,-7.7156],[-78.2896,-7.7066],[-78.2958,-7.7069],[-78.3028,-7.6965],[-78.3152,-7.7032],[-78.3209,-7.6974],[-78.3301,-7.6996],[-78.3356,-7.6905],[-78.348,-7.6857],[-78.3522,-7.673],[-78.3595,-7.668],[-78.3564,-7.6623],[-78.3606,-7.6538],[-78.3607,-7.6443],[-78.3719,-7.6446],[-78.3828,-7.6301],[-78.3769,-7.6247],[-78.3763,-7.6166],[-78.3798,-7.6003],[-78.3777,-7.5935],[-78.3702,-7.5933],[-78.3618,-7.5847],[-78.3568,-7.574],[-78.3598,-7.5511],[-78.3639,-7.5455],[-78.3608,-7.53],[-78.3532,-7.5206],[-78.3496,-7.5118],[-78.339,-7.5079],[-78.327,-7.5093],[-78.3222,-7.5033],[-78.3278,-7.4975],[-78.3442,-7.4941],[-78.36,-7.5004],[-78.3784,-7.4971],[-78.3845,-7.492],[-78.3929,-7.492],[-78.4031,-7.4835],[-78.4156,-7.4851],[-78.4175,-7.4894],[-78.4275,-7.4924],[-78.4373,-7.5021],[-78.4516,-7.5126],[-78.4595,-7.528],[-78.4653,-7.5346],[-78.4746,-7.539],[-78.4798,-7.546],[-78.4914,-7.5549],[-78.4974,-7.5534],[-78.511,-7.5567],[-78.5181,-7.5548],[-78.5239,-7.5499],[-78.5391,-7.5493],[-78.5544,-7.5503],[-78.5607,-7.5525],[-78.5805,-7.5471],[-78.5901,-7.5502],[-78.5947,-7.5468],[-78.6021,-7.5491],[-78.6246,-7.5486],[-78.634,-7.5427],[-78.6496,-7.529],[-78.6444,-7.5149],[-78.6362,-7.5043],[-78.6313,-7.4918],[-78.6319,-7.4837],[-78.6275,-7.4795],[-78.6295,-7.4663],[-78.6278,-7.4564],[-78.6298,-7.4455],[-78.6383,-7.4336],[-78.646,-7.4277],[-78.6522,-7.4276],[-78.6625,-7.413],[-78.6616,-7.406],[-78.6733,-7.4116],[-78.6851,-7.4118],[-78.6981,-7.4145],[-78.7133,-7.4096],[-78.7305,-7.4199],[-78.7382,-7.4201],[-78.7453,-7.407],[-78.7601,-7.402],[-78.7619,-7.4082],[-78.7721,-7.4118],[-78.7828,-7.4222],[-78.7859,-7.4108],[-78.7837,-7.4046],[-78.7899,-7.3952],[-78.8014,-7.4035],[-78.8034,-7.419],[-78.8135,-7.4258],[-78.8209,-7.426],[-78.8359,-7.4365],[-78.8416,-7.4376],[-78.847,-7.4469],[-78.8478,-7.4528],[-78.8569,-7.4574],[-78.8676,-7.467],[-78.8766,-7.4703],[-78.8867,-7.4841],[-78.8807,-7.4892],[-78.8744,-7.4899],[-78.8618,-7.4972],[-78.8576,-7.5042],[-78.8575,-7.5124],[-78.8515,-7.5225],[-78.8604,-7.5279],[-78.8615,-7.5319],[-78.8739,-7.5312],[-78.8826,-7.5353],[-78.8861,-7.5334],[-78.8959,-7.5374],[-78.9128,-7.5511],[-78.9139,-7.5583],[-78.9311,-7.5751],[-78.9352,-7.5819],[-78.9365,-7.5949],[-78.9443,-7.5984],[-78.9426,-7.6128],[-78.9444,-7.6187],[-78.9422,-7.6272],[-78.9507,-7.6407],[-78.9517,-7.6465],[-78.9609,-7.6578],[-78.9726,-7.6603],[-78.9873,-7.6595],[-78.9921,-7.6609],[-79.0065,-7.6452],[-79.0085,-7.6396],[-79.0186,-7.6291],[-79.0264,-7.6255],[-79.029,-7.6156],[-79.0333,-7.6117],[-79.0343,-7.6039],[-79.0412,-7.5999],[-79.0437,-7.588],[-79.0402,-7.5816],[-79.0383,-7.5681],[-79.0391,-7.5612],[-79.0598,-7.5467],[-79.0615,-7.5388],[-79.0572,-7.5273],[-79.0659,-7.5208],[-79.0657,-7.5122],[-79.0716,-7.5053],[-79.0691,-7.4796],[-79.0654,-7.4727],[-79.1228,-7.4416],[-79.1527,-7.4398],[-79.1621,-7.418],[-79.1797,-7.4047],[-79.1816,-7.3998],[-79.1882,-7.3954],[-79.1871,-7.3771],[-79.1937,-7.3738],[-79.2309,-7.391],[-79.2398,-7.3863],[-79.2563,-7.3819],[-79.2645,-7.3718],[-79.2731,-7.367],[-79.2792,-7.3595],[-79.2803,-7.3509],[-79.2931,-7.3473],[-79.3,-7.3531],[-79.3149,-7.3597],[-79.3225,-7.3545],[-79.3343,-7.3529],[-79.3471,-7.3366],[-79.352,-7.3368],[-79.3656,-7.3324],[-79.367,-7.3272],[-79.3503,-7.3219],[-79.3373,-7.3122],[-79.3275,-7.3089],[-79.314,-7.295],[-79.3088,-7.2854],[-79.2966,-7.2815],[-79.2826,-7.2751],[-79.276,-7.2789],[-79.2692,-7.2783],[-79.2683,-7.2706],[-79.2714,-7.2588],[-79.2793,-7.2477],[-79.2742,-7.2394],[-79.2716,-7.2293],[-79.2755,-7.2158],[-79.2713,-7.2151],[-79.2518,-7.1983],[-79.2673,-7.1924],[-79.2701,-7.185],[-79.2745,-7.1828],[-79.2762,-7.1753],[-79.2811,-7.1682],[-79.2788,-7.1633],[-79.2826,-7.1559],[-79.2953,-7.1496],[-79.3053,-7.1471],[-79.3046,-7.139],[-79.2977,-7.1282],[-79.3074,-7.1256],[-79.3137,-7.1183],[-79.3115,-7.1127],[-79.3129,-7.0904],[-79.3181,-7.0847],[-79.3261,-7.083],[-79.3305,-7.0756],[-79.3275,-7.0715],[-79.3316,-7.0574],[-79.3226,-7.0257]]]},"properties":{"shapeName":"La Libertad","shapeISO":"PE-LAL","shapeID":"20122684B13335794680761","shapeGroup":"PER","shapeType":"ADM1"}},
{"type":"Feature","geometry":{"type":"Polygon","coordinates":[[[-79.4186,-5.9701],[-79.4355,-5.9553],[-79.4629,-5.9444],[-79.4663,-5.9329],[-79.4701,-5.9281],[-79.4891,-5.9209],[-79.4989,-5.9152],[-79.5173,-5.917],[-79.5207,-5.9128],[-79.5276,-5.9129],[-79.5315,-5.9207],[-79.543,-5.9251],[-79.5517,-5.9329],[-79.5524,-5.9375],[-79.5638,-5.9339],[-79.5715,-5.9378],[-79.5792,-5.9354],[-79.587,-5.9384],[-79.5937,-5.9338],[-79.6004,-5.9396],[-79.6111,-5.9235],[-79.6093,-5.9178],[-79.6134,-5.9101],[-79.6118,-5.9026],[-79.6135,-5.8951],[-79.6264,-5.8874],[-79.6256,-5.8758],[-79.6299,-5.863],[-79.6369,-5.8579],[-79.6352,-5.8522],[-79.6287,-5.8516],[-79.6278,-5.8448],[-79.6314,-5.829],[-79.624,-5.8235],[-79.6206,-5.8097],[-79.6214,-5.7998],[-79.6288,-5.796],[-79.6365,-5.81],[-79.6514,-5.816],[-79.6594,-5.8272],[-79.662,-5.8342],[-79.6699,-5.8355],[-79.6827,-5.8464],[-79.689,-5.848],[-79.6981,-5.8464],[-79.7126,-5.838],[-79.731,-5.839],[-79.7373,-5.8377],[-79.7378,-5.8267],[-79.7419,-5.819],[-79.7381,-5.8088],[-79.7393,-5.7996],[-79.7332,-5.7945],[-79.7345,-5.7874],[-79.7274,-5.7819],[-79.7178,-5.7504],[-79.7201,-5.7466],[-79.7173,-5.7393],[-79.7365,-5.7214],[-79.744,-5.7189],[-79.7438,-5.7135],[-79.7493,-5.7097],[-79.7584,-5.712],[-79.7664,-5.7083],[-79.7593,-5.6963],[-79.7455,-5.686],[-79.7454,-5.6758],[-79.7509,-5.6752],[-79.7615,-5.669],[-79.7702,-5.6592],[-79.7776,-5.6589],[-79.7869,-5.6466],[-79.805,-5.6464],[-79.8151,-5.6561],[-79.8182,-5.6646],[-79.8245,-5.6547],[-79.8276,-5.6449],[-79.8329,-5.6455],[-79.8447,-5.6179],[-79.8538,-5.5991],[-79.8527,-5.5951],[-79.8576,-5.5875],[-79.8601,-5.5753],[-79.8584,-5.5713],[-79.8644,-5.5634],[-79.8641,-5.5487],[-79.854,-5.5318],[-79.8623,-5.5213],[-79.8674,-5.5206],[-79.8775,-5.5096],[-79.879,-5.4993],[-79.8827,-5.4941],[-79.8954,-5.4821],[-79.9018,-5.4813],[-79.9031,-5.4914],[-79.9214,-5.5022],[-79.9325,-5.5054],[-79.9387,-5.5167],[-79.9459,-5.515],[-79.9523,-5.5271],[-79.9557,-5.541],[-79.9605,-5.5816],[-79.969,-5.5822],[-79.9709,-5.6027],[-79.9735,-5.6147],[-79.9749,-5.6441],[-79.9699,-5.6538],[-79.9748,-5.661],[-79.9768,-5.6694],[-79.982,-5.6786],[-79.9825,-5.6906],[-79.9877,-5.7108],[-79.9949,-5.7245],[-79.9939,-5.7334],[-79.9963,-5.7394],[-79.9948,-5.7519],[-80.007,-5.7644],[-80.0218,-5.769],[-80.041,-5.8006],[-80.0504,-5.808],[-80.0582,-5.8191],[-80.0647,-5.8211],[-80.0697,-5.8276],[-80.08,-5.8353],[-80.0928,-5.8524],[-80.1061,-5.8674],[-80.1204,-5.8726],[-80.1238,-5.8913],[-80.1309,-5.8887],[-80.1499,-5.8893],[-80.1667,-5.8924],[-80.1989,-5.893],[-80.2047,-5.8981],[-80.2173,-5.9039],[-80.2552,-5.9144],[-80.2696,-5.917],[-80.2918,-5.926],[-80.3274,-5.9474],[-80.3347,-5.9539],[-80.3501,-5.9715],[-80.3546,-5.9859],[-80.3685,-5.9966],[-80.3762,-6.007],[-80.4523,-6.119],[-80.4602,-6.1298],[-80.4965,-6.1823],[-80.5027,-6.1924],[-80.5315,-6.2335],[-80.5458,-6.2547],[-80.6271,-6.3721],[-80.6018,-6.3844],[-80.554,-6.4064],[-80.5,-6.4334],[-80.4089,-6.4818],[-80.2886,-6.5431],[-80.2565,-6.5608],[-80.2006,-6.5931],[-80.1773,-6.606],[-80.1172,-6.6474],[-80.1093,-6.6532],[-80.0749,-6.6755],[-80.0543,-6.6912],[-80.0219,-6.7175],[-80.012,-6.7273],[-79.986,-6.7471],[-79.973,-6.7631],[-79.9638,-6.7838],[-79.9562,-6.7917],[-79.9523,-6.802],[-79.9397,-6.827],[-79.9383,-6.8467],[-79.9318,-6.8733],[-79.9232,-6.8813],[-79.911,-6.896],[-79.8974,-6.9037],[-79.8787,-6.9179],[-79.8671,-6.9307],[-79.8661,-6.9486],[-79.8346,-6.9711],[-79.8116,-6.9918],[-79.7871,-7.0124],[-79.7741,-7.0253],[-79.7536,-7.0434],[-79.7398,-7.0575],[-79.735,-7.0673],[-79.7073,-7.0951],[-79.6921,-7.1127],[-79.6835,-7.1249],[-79.6823,-7.1386],[-79.684,-7.1432],[-79.682,-7.153],[-79.6851,-7.1646],[-79.6907,-7.1725],[-79.6906,-7.1771],[-79.5932,-7.073],[-79.5353,-7.0115],[-79.5288,-7.0053],[-79.5144,-6.9863],[-79.5147,-6.9786],[-79.5033,-6.9674],[-79.4964,-6.9717],[-79.4876,-6.9671],[-79.4809,-6.9703],[-79.4679,-6.9661],[-79.4571,-6.952],[-79.455,-6.9463],[-79.4373,-6.9486],[-79.4309,-6.9534],[-79.4008,-6.9569],[-79.4004,-6.9634],[-79.3923,-6.9649],[-79.3893,-6.9752],[-79.3772,-6.985],[-79.37,-6.9854],[-79.3691,-6.9917],[-79.3596,-7.005],[-79.3423,-7.0108],[-79.3367,-7.0149],[-79.3305,-7.0242],[-79.3226,-7.0257],[-79.3195,-7.0199],[-79.3093,-7.0155],[-79.3072,-7.0074],[-79.2998,-7.005],[-79.2966,-6.9998],[-79.3023,-6.9938],[-79.3009,-6.989],[-79.3072,-6.9682],[-79.3031,-6.9613],[-79.305,-6.9539],[-79.2994,-6.9454],[-79.3003,-6.9367],[-79.3101,-6.9254],[-79.311,-6.9013],[-79.302,-6.8948],[-79.2956,-6.8835],[-79.2731,-6.8767],[-79.271,-6.8665],[-79.2627,-6.8592],[-79.2519,-6.8619],[-79.246,-6.8587],[-79.2291,-6.8605],[-79.2191,-6.8517],[-79.2184,-6.8403],[-79.2087,-6.8267],[-79.1936,-6.8159],[-79.1885,-6.8152],[-79.1825,-6.8062],[-79.1744,-6.8017],[-79.1588,-6.8009],[-79.154,-6.7952],[-79.1443,-6.7886],[-79.1237,-6.7828],[-79.1208,-6.777],[-79.1231,-6.7691],[-79.1289,-6.7597],[-79.1287,-6.7525],[-79.1387,-6.7368],[-79.1355,-6.727],[-79.1429,-6.7191],[-79.1416,-6.7015],[-79.1451,-6.7004],[-79.156,-6.7048],[-79.171,-6.7017],[-79.176,-6.7104],[-79.1884,-6.7165],[-79.1948,-6.7044],[-79.1955,-6.6968],[-79.2035,-6.6921],[-79.2138,-6.6956],[-79.2216,-6.6882],[-79.2291,-6.6714],[-79.2419,-6.6721],[-79.2562,-6.6771],[-79.2719,-6.6803],[-79.2807,-6.6776],[-79.2964,-6.6757],[-79.2981,-6.6628],[-79.304,-6.6516],[-79.3219,-6.6469],[-79.3254,-6.6407],[-79.3436,-6.6467],[-79.3507,-6.6398],[-79.3623,-6.6335],[-79.3587,-6.6283],[-79.353,-6.627],[-79.3442,-6.606],[-79.3357,-6.6024],[-79.3467,-6.5825],[-79.3455,-6.5779],[-79.3579,-6.5655],[-79.3601,-6.5582],[-79.367,-6.5495],[-79.3657,-6.5421],[-79.3696,-6.5208],[-79.3794,-6.5227],[-79.388,-6.5314],[-79.3982,-6.533],[-79.4033,-6.5407],[-79.4187,-6.537],[-79.4221,-6.5326],[-79.4195,-6.5264],[-79.417,-6.5064],[-79.4248,-6.4887],[-79.4313,-6.4797],[-79.4227,-6.4675],[-79.4229,-6.4519],[-79.4286,-6.4424],[-79.4328,-6.428],[-79.4376,-6.4199],[-79.4463,-6.415],[-79.4499,-6.409],[-79.4535,-6.3968],[-79.447,-6.3859],[-79.4467,-6.3767],[-79.4538,-6.3722],[-79.4518,-6.3658],[-79.4442,-6.3616],[-79.4454,-6.3551],[-79.4266,-6.3289],[-79.4277,-6.3174],[-79.4227,-6.3104],[-79.4161,-6.3086],[-79.409,-6.3121],[-79.3999,-6.309],[-79.3879,-6.2983],[-79.3818,-6.3006],[-79.371,-6.2996],[-79.3638,-6.3036],[-79.3536,-6.3043],[-79.3515,-6.2977],[-79.3447,-6.2877],[-79.3457,-6.2831],[-79.329,-6.2663],[-79.3218,-6.2631],[-79.3123,-6.2653],[-79.3084,-6.2701],[-79.3005,-6.2675],[-79.2847,-6.2545],[-79.2764,-6.2399],[-79.279,-6.2293],[-79.2727,-6.2258],[-79.2523,-6.2267],[-79.2492,-6.2218],[-79.2541,-6.2165],[-79.2593,-6.1989],[-79.2633,-6.192],[-79.2657,-6.1793],[-79.2726,-6.1688],[-79.2747,-6.1585],[-79.2725,-6.1467],[-79.2653,-6.1453],[-79.2592,-6.1402],[-79.2562,-6.1275],[-79.253,-6.1251],[-79.2433,-6.1058],[-79.2366,-6.1041],[-79.2339,-6.0931],[-79.2271,-6.0916],[-79.2132,-6.0989],[-79.1984,-6.1001],[-79.1943,-6.0956],[-79.1877,-6.0943],[-79.1808,-6.0863],[-79.1839,-6.0805],[-79.1829,-6.0682],[-79.1889,-6.0596],[-79.1832,-6.0486],[-79.1754,-6.042],[-79.1767,-6.0368],[-79.1847,-6.0316],[-79.19,-6.0248],[-79.204,-6.0241],[-79.2087,-6.033],[-79.2106,-6.0424],[-79.2158,-6.0505],[-79.224,-6.055],[-79.2357,-6.0451],[-79.2409,-6.0286],[-79.2477,-6.0299],[-79.2629,-6.0278],[-79.2665,-6.0227],[-79.2634,-6.0157],[-79.266,-6.0112],[-79.2643,-6.0025],[-79.2776,-5.9973],[-79.294,-5.9867],[-79.3063,-5.9856],[-79.3177,-5.9926],[-79.3224,-6.0004],[-79.3203,-6.0214],[-79.3113,-6.0335],[-79.3119,-6.0391],[-79.3191,-6.0426],[-79.3286,-6.0277],[-79.3331,-6.0183],[-79.345,-6.0064],[-79.349,-5.9797],[-79.3647,-5.9764],[-79.3888,-5.9788],[-79.3959,-5.9772],[-79.4032,-5.985],[-79.4097,-6.0006],[-79.416,-6.0031],[-79.4186,-5.9701]]]},"properties":{"shapeName":"Lambayeque","shapeISO":"PE-LAM","shapeID":"20122684B88560593356796","shapeGroup":"PER","shapeType":"ADM1"}},
{"type":"Feature","geometry":{"type":"Polygon","coordinates":[[[-75.985,-8.3222],[-75.9732,-8.3168],[-75.9611,-8.3143],[-75.9518,-8.3148],[-75.9349,-8.3116],[-75.9271,-8.3068],[-75.9192,-8.2966],[-75.9144,-8.2828],[-75.9156,-8.2679],[-75.9134,-8.2544],[-75.9206,-8.2441],[-75.9248,-8.2308],[-75.9237,-8.2168],[-75.9269,-8.2145],[-75.9277,-8.2049],[-75.9337,-8.2029],[-75.9412,-8.1862],[-75.9387,-8.168],[-75.9351,-8.1635],[-75.9331,-8.1528],[-75.9362,-8.1447],[-75.934,-8.1344],[-75.9427,-8.1093],[-75.9511,-8.1025],[-75.9496,-8.0992],[-75.9294,-8.0893],[-75.9271,-8.0778],[-75.917,-8.0718],[-75.9072,-8.074],[-75.9026,-8.0714],[-75.8873,-8.0749],[-75.8741,-8.0668],[-75.8714,-8.069],[-75.858,-8.0672],[-75.8525,-8.0585],[-75.8449,-8.0596],[-75.8427,-8.0525],[-75.8439,-8.0429],[-75.8412,-8.0329],[-75.8418,-8.0222],[-75.8391,-8.0002],[-75.834,-7.9929],[-75.8338,-7.9847],[-75.8295,-7.9735],[-75.8354,-7.9688],[-75.8405,-7.9467],[-75.8492,-7.9399],[-75.8494,-7.9334],[-75.854,-7.9247],[-75.8594,-7.9212],[-75.8665,-7.9264],[-75.8763,-7.9292],[-75.8822,-7.9339],[-75.8948,-7.9337],[-75.909,-7.9429],[-75.9204,-7.9475],[-75.9278,-7.9573],[-75.9395,-7.9461],[-75.9506,-7.9474],[-75.967,-7.9604],[-75.9844,-7.9589],[-75.9929,-7.9543],[-75.9915,-7.941],[-75.9854,-7.9376],[-75.986,-7.92],[-75.9756,-7.9096],[-75.9795,-7.9008],[-75.9898,-7.8918],[-76.0024,-7.8932],[-76.0075,-7.8849],[-76.0033,-7.8744],[-76.0086,-7.8617],[-76.0099,-7.8543],[-76.0226,-7.843],[-76.0216,-7.8381],[-76.0315,-7.8224],[-76.0381,-7.815],[-76.0383,-7.8067],[-76.0438,-7.7923],[-76.0613,-7.7867],[-76.0633,-7.7751],[-76.0671,-7.7693],[-76.082,-7.7648],[-76.0849,-7.7618],[-76.0866,-7.7478],[-76.0867,-7.7292],[-76.1016,-7.7227],[-76.1027,-7.7043],[-76.0985,-7.6967],[-76.0985,-7.6661],[-76.1013,-7.6505],[-76.0977,-7.6422],[-76.0866,-7.636],[-76.0818,-7.6302],[-76.0826,-7.6203],[-76.0888,-7.6131],[-76.0799,-7.5912],[-76.0813,-7.5824],[-76.0874,-7.5803],[-76.0887,-7.5633],[-76.0914,-7.5604],[-76.1162,-7.5615],[-76.1176,-7.539],[-76.121,-7.5275],[-76.1321,-7.5221],[-76.142,-7.5053],[-76.1543,-7.5019],[-76.1661,-7.4943],[-76.1783,-7.4756],[-76.1862,-7.4654],[-76.1914,-7.4487],[-76.2007,-7.435],[-76.2146,-7.4045],[-76.2152,-7.393],[-76.2099,-7.3836],[-76.2084,-7.3715],[-76.2039,-7.3627],[-76.2005,-7.3471],[-76.196,-7.3335],[-76.2098,-7.3175],[-76.2131,-7.3101],[-76.2071,-7.3036],[-76.1954,-7.2951],[-76.1867,-7.2809],[-76.1771,-7.2768],[-76.1667,-7.2676],[-76.1649,-7.2589],[-76.1582,-7.2478],[-76.1548,-7.2319],[-76.1457,-7.2179],[-76.1435,-7.204],[-76.1285,-7.1952],[-76.1118,-7.1831],[-76.0984,-7.184],[-76.0768,-7.1744],[-76.0599,-7.1613],[-76.0498,-7.1333],[-76.0466,-7.1214],[-76.0401,-7.1167],[-76.0233,-7.1143],[-76.0202,-7.1061],[-76.0219,-7.1009],[-76.0175,-7.0886],[-76.0107,-7.0784],[-76.014,-7.0723],[-76.0141,-7.0526],[-76.0111,-7.048],[-76.0123,-7.0381],[-76.0058,-7.0302],[-76.0085,-7.0139],[-76.0081,-7.0022],[-76.0108,-6.9965],[-76.0225,-6.9898],[-76.0298,-6.9944],[-76.0356,-6.9931],[-76.0357,-6.9866],[-76.0396,-6.9827],[-76.0401,-6.9734],[-76.046,-6.9631],[-76.0515,-6.9443],[-76.0511,-6.9335],[-76.0464,-6.9249],[-76.0293,-6.9185],[-76.018,-6.9158],[-76.0146,-6.9115],[-76.0171,-6.9054],[-76.0105,-6.8936],[-76.0148,-6.8861],[-76.0357,-6.8627],[-76.0343,-6.854],[-76.0361,-6.8472],[-76.0489,-6.8303],[-76.0519,-6.8155],[-76.051,-6.8109],[-76.0414,-6.808],[-76.031,-6.8084],[-76.0258,-6.8053],[-76.0116,-6.806],[-76.0099,-6.7999],[-75.9997,-6.795],[-75.9953,-6.7984],[-75.9821,-6.7947],[-75.9758,-6.7978],[-75.9668,-6.7888],[-75.9637,-6.7884],[-75.9437,-6.7949],[-75.9376,-6.7914],[-75.9251,-6.7936],[-75.9138,-6.7912],[-75.902,-6.7947],[-75.8906,-6.795],[-75.8789,-6.8019],[-75.8733,-6.7984],[-75.8639,-6.7986],[-75.8598,-6.8016],[-75.8439,-6.7973],[-75.8311,-6.8035],[-75.8263,-6.8108],[-75.8223,-6.8108],[-75.8138,-6.8175],[-75.814,-6.8255],[-75.7942,-6.8214],[-75.7918,-6.8325],[-75.7834,-6.837],[-75.7828,-6.8439],[-75.7684,-6.8538],[-75.7627,-6.851],[-75.7535,-6.8549],[-75.7397,-6.8508],[-75.7221,-6.8516],[-75.7165,-6.8577],[-75.707,-6.8603],[-75.7054,-6.8651],[-75.6977,-6.8686],[-75.69,-6.8613],[-75.6871,-6.8467],[-75.6757,-6.8462],[-75.6681,-6.8264],[-75.6597,-6.8193],[-75.6477,-6.8192],[-75.6422,-6.816],[-75.6407,-6.8348],[-75.6334,-6.8431],[-75.6207,-6.8394],[-75.6169,-6.8412],[-75.6086,-6.8384],[-75.5926,-6.8303],[-75.5844,-6.8205],[-75.5743,-6.8187],[-75.5742,-6.8088],[-75.5618,-6.8016],[-75.544,-6.7996],[-75.5355,-6.7938],[-75.5267,-6.7931],[-75.5118,-6.7856],[-75.507,-6.7739],[-75.5012,-6.767],[-75.5004,-6.7573],[-75.505,-6.7253],[-75.5062,-6.6971],[-75.505,-6.6815],[-75.5021,-6.6741],[-75.5002,-6.6403],[-75.5042,-6.6161],[-75.5076,-6.6028],[-75.5093,-6.583],[-75.5048,-6.5686],[-75.503,-6.5522],[-75.5045,-6.5421],[-75.5083,-6.5335],[-75.5108,-6.5073],[-75.5096,-6.4921],[-75.515,-6.4838],[-75.5233,-6.4771],[-75.5201,-6.4648],[-75.5257,-6.4576],[-75.5293,-6.4485],[-75.5306,-6.4389],[-75.5376,-6.4371],[-75.534,-6.4154],[-75.5412,-6.4136],[-75.5434,-6.4069],[-75.5364,-6.3915],[-75.5402,-6.3883],[-75.5435,-6.3777],[-75.5433,-6.3624],[-75.5501,-6.3477],[-75.5347,-6.3223],[-75.5283,-6.3156],[-75.5094,-6.3003],[-75.4963,-6.281],[-75.4903,-6.267],[-75.4868,-6.2447],[-75.4872,-6.2034],[-75.4901,-6.1941],[-75.4983,-6.1858],[-75.519,-6.1711],[-75.5256,-6.1651],[-75.528,-6.158],[-75.5294,-6.1222],[-75.5328,-6.0956],[-75.5486,-6.0557],[-75.565,-6.0255],[-75.5711,-6.004],[-75.5841,-6.0117],[-75.5971,-6.0153],[-75.6139,-6.0232],[-75.6211,-6.0294],[-75.6248,-6.0394],[-75.6259,-6.0664],[-75.629,-6.0821],[-75.6366,-6.089],[-75.6427,-6.0904],[-75.6548,-6.0983],[-75.6657,-6.0987],[-75.6697,-6.0951],[-75.6804,-6.0956],[-75.6916,-6.1123],[-75.6986,-6.1125],[-75.715,-6.1383],[-75.7223,-6.1394],[-75.7266,-6.144],[-75.7378,-6.1418],[-75.754,-6.1457],[-75.758,-6.1414],[-75.7667,-6.1474],[-75.7734,-6.145],[-75.7734,-6.1376],[-75.7676,-6.1358],[-75.77,-6.1271],[-75.779,-6.1181],[-75.7859,-6.1187],[-75.7943,-6.1149],[-75.7939,-6.1089],[-75.802,-6.1033],[-75.8148,-6.1009],[-75.8205,-6.12],[-75.8299,-6.1352],[-75.8345,-6.1391],[-75.8492,-6.1422],[-75.8633,-6.1414],[-75.8824,-6.1367],[-75.8976,-6.1358],[-75.9076,-6.1368],[-75.917,-6.1417],[-75.9308,-6.1366],[-75.9383,-6.1292],[-75.9567,-6.1034],[-75.9654,-6.0952],[-75.9803,-6.0914],[-76.0072,-6.0933],[-76.0239,-6.0967],[-76.0321,-6.0997],[-76.0567,-6.125],[-76.0885,-6.155],[-76.1116,-6.1691],[-76.1272,-6.1767],[-76.1549,-6.1772],[-76.2053,-6.1698],[-76.2236,-6.166],[-76.2383,-6.1524],[-76.2529,-6.1338],[-76.2657,-6.1114],[-76.2732,-6.1044],[-76.2916,-6.1024],[-76.3035,-6.0996],[-76.3183,-6.0861],[-76.3197,-6.0736],[-76.3154,-6.0578],[-76.3189,-6.0503],[-76.334,-6.0421],[-76.3335,-6.0355],[-76.3405,-6.032],[-76.3622,-5.9878],[-76.3728,-5.9738],[-76.3867,-5.9619],[-76.4,-5.9537],[-76.4123,-5.9507],[-76.4364,-5.9637],[-76.4648,-5.9774],[-76.4897,-5.9903],[-76.5012,-5.9977],[-76.5046,-6.004],[-76.5212,-6.0046],[-76.53,-6.0146],[-76.5485,-6.0225],[-76.5589,-6.0238],[-76.569,-6.0223],[-76.5952,-6.015],[-76.6043,-6.0172],[-76.6183,-6.0144],[-76.6231,-6.0083],[-76.64,-6.0026],[-76.6471,-6.0061],[-76.6613,-6.0047],[-76.6669,-6.0107],[-76.6737,-6.0125],[-76.6995,-6.0109],[-76.7108,-6.0137],[-76.7226,-6.011],[-76.7296,-6.0054],[-76.7477,-6.0036],[-76.753,-6.001],[-76.7549,-5.9934],[-76.7511,-5.9826],[-76.7454,-5.9737],[-76.7473,-5.9684],[-76.7467,-5.954],[-76.7518,-5.9481],[-76.7629,-5.9481],[-76.7672,-5.9424],[-76.7676,-5.9276],[-76.7759,-5.9186],[-76.7753,-5.9102],[-76.7777,-5.9006],[-76.7894,-5.8931],[-76.7916,-5.886],[-76.8013,-5.8796],[-76.8078,-5.8707],[-76.8181,-5.8621],[-76.8207,-5.8537],[-76.8182,-5.8404],[-76.8194,-5.8326],[-76.8241,-5.8262],[-76.8263,-5.8178],[-76.8189,-5.8135],[-76.8163,-5.8076],[-76.8213,-5.8027],[-76.8218,-5.7952],[-76.8261,-5.7893],[-76.8294,-5.7773],[-76.8248,-5.7638],[-76.8246,-5.7573],[-76.8355,-5.7456],[-76.8441,-5.7425],[-76.8639,-5.74],[-76.8729,-5.7435],[-76.8785,-5.7426],[-76.8882,-5.7484],[-76.8941,-5.747],[-76.8954,-5.7408],[-76.907,-5.7356],[-76.9161,-5.7281],[-76.9197,-5.7208],[-76.9295,-5.7165],[-76.9344,-5.7115],[-76.9614,-5.7061],[-76.9754,-5.6969],[-76.9869,-5.6862],[-76.9883,-5.6802],[-76.9938,-5.6757],[-76.9956,-5.6671],[-77.0049,-5.6654],[-77.0263,-5.6672],[-77.0417,-5.6747],[-77.0487,-5.6745],[-77.0581,-5.6684],[-77.0751,-5.6635],[-77.0918,-5.6542],[-77.1022,-5.6558],[-77.1059,-5.6483],[-77.1133,-5.6437],[-77.1213,-5.6431],[-77.138,-5.6319],[-77.1578,-5.6312],[-77.1685,-5.6285],[-77.1775,-5.6229],[-77.1878,-5.6219],[-77.2008,-5.6266],[-77.222,-5.6133],[-77.2287,-5.6049],[-77.2319,-5.5955],[-77.2415,-5.6015],[-77.2477,-5.599],[-77.2544,-5.6078],[-77.2624,-5.6134],[-77.2728,-5.6125],[-77.2768,-5.6025],[-77.2873,-5.6043],[-77.3076,-5.6043],[-77.3186,-5.6009],[-77.3287,-5.6007],[-77.3383,-5.6035],[-77.345,-5.589],[-77.3687,-5.5766],[-77.3701,-5.5696],[-77.3966,-5.5712],[-77.4046,-5.5748],[-77.4087,-5.5892],[-77.4216,-5.5893],[-77.4287,-5.5833],[-77.4332,-5.5837],[-77.4338,-5.5949],[-77.4441,-5.5863],[-77.4619,-5.5841],[-77.462,-5.5684],[-77.4659,-5.5611],[-77.4748,-5.5551],[-77.4905,-5.5624],[-77.5035,-5.5562],[-77.5081,-5.549],[-77.5039,-5.5402],[-77.4918,-5.5293],[-77.4923,-5.5197],[-77.4998,-5.5163],[-77.4995,-5.5096],[-77.5135,-5.4798],[-77.5174,-5.4667],[-77.5233,-5.4603],[-77.5301,-5.4571],[-77.5319,-5.4511],[-77.5373,-5.4506],[-77.5451,-5.4379],[-77.5506,-5.4362],[-77.5581,-5.4256],[-77.5636,-5.4335],[-77.5701,-5.4383],[-77.5774,-5.4565],[-77.5817,-5.4612],[-77.5948,-5.4642],[-77.6027,-5.459],[-77.607,-5.4486],[-77.6281,-5.4394],[-77.6391,-5.4303],[-77.6575,-5.4264],[-77.663,-5.4219],[-77.6704,-5.4096],[-77.6766,-5.409],[-77.6895,-5.4128],[-77.696,-5.4111],[-77.7127,-5.4164],[-77.7233,-5.4147],[-77.743,-5.4065],[-77.7514,-5.4192],[-77.7644,-5.4311],[-77.7685,-5.438],[-77.7593,-5.4463],[-77.749,-5.4581],[-77.7508,-5.4642],[-77.7654,-5.471],[-77.7706,-5.4782],[-77.7716,-5.4939],[-77.7659,-5.5027],[-77.7596,-5.5072],[-77.7571,-5.516],[-77.7653,-5.5323],[-77.7658,-5.539],[-77.7573,-5.5547],[-77.7499,-5.5734],[-77.7517,-5.5823],[-77.7445,-5.5873],[-77.7369,-5.6051],[-77.7389,-5.6222],[-77.7526,-5.6376],[-77.7509,-5.643],[-77.7539,-5.6495],[-77.7544,-5.659],[-77.7673,-5.6732],[-77.7686,-5.6795],[-77.7737,-5.6852],[-77.7757,-5.7033],[-77.7751,-5.7108],[-77.7659,-5.716],[-77.7594,-5.7298],[-77.7617,-5.7424],[-77.7673,-5.7509],[-77.7722,-5.7529],[-77.7607,-5.7692],[-77.7672,-5.7763],[-77.7704,-5.7881],[-77.7651,-5.8061],[-77.7639,-5.8197],[-77.7608,-5.8249],[-77.7529,-5.8278],[-77.7461,-5.8351],[-77.7405,-5.8351],[-77.7326,-5.8417],[-77.7264,-5.844],[-77.7103,-5.8407],[-77.7047,-5.8422],[-77.6948,-5.8402],[-77.6815,-5.8495],[-77.6779,-5.8596],[-77.6834,-5.8761],[-77.6726,-5.8856],[-77.6661,-5.8939],[-77.6689,-5.8968],[-77.6633,-5.9177],[-77.6577,-5.9297],[-77.6519,-5.9353],[-77.6599,-5.9551],[-77.6712,-5.9633],[-77.6736,-5.9703],[-77.6692,-5.9804],[-77.6627,-5.9835],[-77.6606,-5.9885],[-77.6492,-5.9922],[-77.6391,-6.0011],[-77.6327,-6.0006],[-77.6221,-6.0048],[-77.6162,-6.0009],[-77.5977,-6.0044],[-77.5935,-6.0093],[-77.598,-6.0278],[-77.5964,-6.0333],[-77.5862,-6.0369],[-77.5822,-6.0327],[-77.5727,-6.0335],[-77.5651,-6.0292],[-77.558,-6.0396],[-77.5547,-6.0507],[-77.5422,-6.0528],[-77.5415,-6.0595],[-77.5338,-6.0634],[-77.5188,-6.0559],[-77.5105,-6.0395],[-77.5098,-6.0325],[-77.4898,-6.0289],[-77.4864,-6.0202],[-77.4873,-6.0112],[-77.4786,-6.0009],[-77.4667,-6.0122],[-77.4675,-6.0196],[-77.4594,-6.0236],[-77.4553,-6.0344],[-77.4492,-6.0444],[-77.4457,-6.0462],[-77.4345,-6.0604],[-77.4296,-6.0611],[-77.4291,-6.0519],[-77.4218,-6.0492],[-77.4215,-6.037],[-77.4193,-6.0324],[-77.4103,-6.0362],[-77.4046,-6.0347],[-77.3955,-6.0394],[-77.3893,-6.0578],[-77.3824,-6.0635],[-77.3855,-6.0686],[-77.3805,-6.08],[-77.3684,-6.0741],[-77.3605,-6.0722],[-77.3512,-6.0902],[-77.3466,-6.1084],[-77.3464,-6.1143],[-77.3324,-6.1122],[-77.3252,-6.1163],[-77.3169,-6.1256],[-77.3111,-6.1263],[-77.3012,-6.1331],[-77.29,-6.1331],[-77.2815,-6.1417],[-77.2729,-6.1387],[-77.2538,-6.1385],[-77.2452,-6.1475],[-77.2339,-6.1488],[-77.2292,-6.1438],[-77.223,-6.1469],[-77.2186,-6.156],[-77.2121,-6.1608],[-77.2109,-6.167],[-77.2053,-6.1725],[-77.2026,-6.182],[-77.212,-6.1874],[-77.2191,-6.1957],[-77.2142,-6.2025],[-77.2124,-6.2142],[-77.2,-6.2312],[-77.1809,-6.2453],[-77.1741,-6.2465],[-77.1691,-6.255],[-77.1708,-6.2652],[-77.1606,-6.2694],[-77.1554,-6.2745],[-77.1476,-6.2862],[-77.1389,-6.2917],[-77.1327,-6.3024],[-77.1323,-6.3226],[-77.1438,-6.3424],[-77.1443,-6.3491],[-77.1494,-6.3589],[-77.1624,-6.3729],[-77.1634,-6.3781],[-77.1717,-6.3812],[-77.1815,-6.3785],[-77.1932,-6.3815],[-77.2082,-6.3752],[-77.2215,-6.3811],[-77.2293,-6.3693],[-77.2335,-6.3599],[-77.2413,-6.3526],[-77.2437,-6.3381],[-77.2547,-6.3365],[-77.26,-6.3277],[-77.2668,-6.3303],[-77.2799,-6.3279],[-77.2867,-6.331],[-77.2858,-6.3471],[-77.281,-6.3631],[-77.2825,-6.3733],[-77.2755,-6.3822],[-77.2783,-6.388],[-77.275,-6.3956],[-77.2732,-6.4065],[-77.298,-6.4255],[-77.3018,-6.4366],[-77.3046,-6.4513],[-77.3106,-6.4585],[-77.3155,-6.4597],[-77.3264,-6.468],[-77.3329,-6.4915],[-77.3305,-6.4975],[-77.3325,-6.5097],[-77.3356,-6.5155],[-77.3352,-6.5223],[-77.343,-6.5381],[-77.3448,-6.5472],[-77.3549,-6.5606],[-77.361,-6.5651],[-77.3787,-6.5674],[-77.3839,-6.5734],[-77.3876,-6.5876],[-77.3915,-6.5934],[-77.3939,-6.6027],[-77.4009,-6.6045],[-77.4158,-6.6042],[-77.4257,-6.6025],[-77.4361,-6.6052],[-77.4357,-6.6181],[-77.4287,-6.6263],[-77.4237,-6.6381],[-77.4077,-6.6463],[-77.4047,-6.6542],[-77.405,-6.6631],[-77.3977,-6.6693],[-77.3936,-6.6791],[-77.3897,-6.6817],[-77.3817,-6.6976],[-77.386,-6.7021],[-77.3961,-6.7048],[-77.4001,-6.7085],[-77.4039,-6.7243],[-77.4071,-6.7268],[-77.4187,-6.7081],[-77.4275,-6.7028],[-77.4374,-6.701],[-77.4547,-6.6817],[-77.4629,-6.6797],[-77.4755,-6.6836],[-77.4824,-6.6815],[-77.4894,-6.6756],[-77.4968,-6.6741],[-77.5052,-6.6756],[-77.5107,-6.6723],[-77.5172,-6.6736],[-77.5206,-6.6795],[-77.535,-6.674],[-77.5441,-6.677],[-77.5501,-6.6718],[-77.5513,-6.6668],[-77.5611,-6.6546],[-77.5637,-6.6441],[-77.5758,-6.6345],[-77.5839,-6.6346],[-77.5989,-6.6231],[-77.6032,-6.6163],[-77.6123,-6.6123],[-77.6281,-6.6126],[-77.6366,-6.6169],[-77.6518,-6.63],[-77.6605,-6.6415],[-77.6598,-6.6497],[-77.6627,-6.6599],[-77.6731,-6.6659],[-77.6792,-6.6738],[-77.6934,-6.6785],[-77.7019,-6.6768],[-77.7097,-6.672],[-77.7159,-6.6591],[-77.7264,-6.6542],[-77.7332,-6.648],[-77.7387,-6.653],[-77.7456,-6.6652],[-77.746,-6.6716],[-77.7423,-6.678],[-77.7411,-6.6867],[-77.7447,-6.6923],[-77.7438,-6.7066],[-77.7395,-6.7111],[-77.7458,-6.7284],[-77.7481,-6.7449],[-77.7467,-6.7518],[-77.7372,-6.7603],[-77.7352,-6.7779],[-77.7319,-6.782],[-77.7353,-6.7883],[-77.7595,-6.7933],[-77.7647,-6.7984],[-77.7617,-6.8077],[-77.7512,-6.8225],[-77.7476,-6.8322],[-77.7401,-6.8441],[-77.741,-6.8539],[-77.7369,-6.8636],[-77.7316,-6.8664],[-77.7332,-6.8738],[-77.7233,-6.8935],[-77.7181,-6.8966],[-77.7073,-6.9088],[-77.7143,-6.9154],[-77.7153,-6.9207],[-77.7338,-6.9286],[-77.7399,-6.9355],[-77.7384,-6.9483],[-77.7457,-6.9562],[-77.7589,-6.9645],[-77.7551,-6.9767],[-77.7471,-6.9867],[-77.7478,-6.994],[-77.7444,-6.9982],[-77.7477,-7.0047],[-77.7438,-7.0132],[-77.7457,-7.0195],[-77.7404,-7.0265],[-77.7408,-7.0331],[-77.7319,-7.0487],[-77.7238,-7.0596],[-77.7172,-7.0652],[-77.7096,-7.0664],[-77.7067,-7.0725],[-77.7094,-7.0784],[-77.7176,-7.0864],[-77.7132,-7.1016],[-77.7134,-7.1079],[-77.7007,-7.1179],[-77.6891,-7.1213],[-77.6813,-7.1316],[-77.6649,-7.138],[-77.6527,-7.1465],[-77.6435,-7.149],[-77.6395,-7.1538],[-77.6386,-7.1612],[-77.6336,-7.17],[-77.6208,-7.1726],[-77.6154,-7.1794],[-77.621,-7.1916],[-77.6078,-7.2103],[-77.6055,-7.2192],[-77.6167,-7.2264],[-77.6239,-7.2273],[-77.6362,-7.2357],[-77.6376,-7.2429],[-77.6467,-7.2407],[-77.6451,-7.2535],[-77.6373,-7.2545],[-77.6469,-7.2696],[-77.6395,-7.2805],[-77.6349,-7.2927],[-77.6336,-7.3088],[-77.6286,-7.32],[-77.6345,-7.3258],[-77.6325,-7.3307],[-77.6353,-7.3407],[-77.6391,-7.3433],[-77.6348,-7.3501],[-77.6357,-7.3574],[-77.6294,-7.3815],[-77.6217,-7.3974],[-77.6271,-7.4101],[-77.6304,-7.4133],[-77.6137,-7.4199],[-77.6103,-7.4349],[-77.6007,-7.4439],[-77.5929,-7.4435],[-77.5847,-7.4499],[-77.5693,-7.4566],[-77.5595,-7.4648],[-77.5543,-7.4784],[-77.5495,-7.4959],[-77.5427,-7.4971],[-77.5391,-7.5074],[-77.5339,-7.5087],[-77.5269,-7.5048],[-77.5225,-7.5069],[-77.5291,-7.5162],[-77.5299,-7.5364],[-77.5341,-7.5466],[-77.5339,-7.5549],[-77.5402,-7.5629],[-77.5369,-7.5713],[-77.5404,-7.5756],[-77.5367,-7.5823],[-77.5222,-7.5771],[-77.5154,-7.5838],[-77.5093,-7.5816],[-77.496,-7.5836],[-77.4858,-7.604],[-77.4942,-7.6136],[-77.5044,-7.6153],[-77.5102,-7.6114],[-77.5217,-7.6127],[-77.5284,-7.616],[-77.5292,-7.6204],[-77.5227,-7.6318],[-77.5283,-7.6413],[-77.5366,-7.6441],[-77.5377,-7.6509],[-77.5268,-7.6577],[-77.5217,-7.6544],[-77.5113,-7.6577],[-77.5079,-7.6714],[-77.5095,-7.6765],[-77.4979,-7.6864],[-77.4886,-7.6853],[-77.4794,-7.6811],[-77.4768,-7.6774],[-77.4665,-7.6749],[-77.4607,-7.6803],[-77.4613,-7.6914],[-77.4715,-7.6915],[-77.4845,-7.6997],[-77.4829,-7.7193],[-77.4877,-7.7266],[-77.4957,-7.732],[-77.4955,-7.7371],[-77.5183,-7.7518],[-77.524,-7.7523],[-77.5278,-7.7576],[-77.5255,-7.7683],[-77.5112,-7.769],[-77.5047,-7.7729],[-77.5053,-7.7786],[-77.498,-7.7855],[-77.4931,-7.7858],[-77.4897,-7.7939],[-77.4825,-7.7965],[-77.4798,-7.8033],[-77.4721,-7.803],[-77.4682,-7.8075],[-77.4579,-7.8109],[-77.4502,-7.8083],[-77.4429,-7.8136],[-77.4426,-7.8242],[-77.4356,-7.8294],[-77.4316,-7.8417],[-77.4379,-7.847],[-77.4375,-7.8517],[-77.4266,-7.8685],[-77.4239,-7.8792],[-77.4068,-7.9025],[-77.4017,-7.8985],[-77.3888,-7.9077],[-77.3769,-7.9088],[-77.3754,-7.9201],[-77.3827,-7.9251],[-77.3866,-7.9363],[-77.3856,-7.9439],[-77.3905,-7.9473],[-77.3878,-7.9638],[-77.397,-7.9695],[-77.4005,-7.983],[-77.4071,-7.992],[-77.4064,-7.9971],[-77.3996,-8.0081],[-77.3943,-8.0089],[-77.3881,-8.0199],[-77.3778,-8.0267],[-77.3752,-8.0326],[-77.3813,-8.0379],[-77.3812,-8.0451],[-77.3855,-8.0554],[-77.3698,-8.0641],[-77.359,-8.0574],[-77.3493,-8.0544],[-77.3349,-8.0566],[-77.3274,-8.0541],[-77.3245,-8.058],[-77.3072,-8.0566],[-77.3033,-8.063],[-77.2923,-8.0601],[-77.2813,-8.0488],[-77.2692,-8.0503],[-77.2588,-8.0468],[-77.2547,-8.0337],[-77.2422,-8.0164],[-77.2383,-8.0133],[-77.2244,-8.0118],[-77.2152,-8.0143],[-77.2049,-8.0126],[-77.1978,-8.0145],[-77.1821,-8.0225],[-77.1746,-8.021],[-77.1649,-8.0221],[-77.1505,-8.032],[-77.132,-8.032],[-77.1183,-8.0252],[-77.1015,-8.0272],[-77.0861,-8.0343],[-77.047,-8.045],[-77.0314,-8.0461],[-77.0196,-8.0527],[-77.0158,-8.0579],[-77.0084,-8.0747],[-77.0036,-8.0814],[-76.9973,-8.0823],[-76.9863,-8.1039],[-76.9867,-8.1112],[-76.978,-8.1188],[-76.9692,-8.1207],[-76.962,-8.1262],[-76.9553,-8.1345],[-76.9445,-8.1399],[-76.9381,-8.1367],[-76.9302,-8.1385],[-76.9212,-8.1477],[-76.9195,-8.1533],[-76.9118,-8.1589],[-76.907,-8.1707],[-76.9119,-8.181],[-76.9123,-8.1898],[-76.9182,-8.1963],[-76.9236,-8.2065],[-76.9256,-8.2185],[-76.915,-8.2324],[-76.9082,-8.2534],[-76.9077,-8.2625],[-76.9012,-8.2835],[-76.9055,-8.286],[-76.9111,-8.2975],[-76.907,-8.3044],[-76.9125,-8.3127],[-76.9137,-8.3261],[-76.9318,-8.3435],[-76.9262,-8.3505],[-76.927,-8.3593],[-76.9402,-8.3591],[-76.9501,-8.375],[-76.9656,-8.3697],[-76.9745,-8.3789],[-76.9719,-8.3906],[-76.9765,-8.3959],[-76.9921,-8.3908],[-76.9968,-8.3842],[-77.0025,-8.3831],[-77.0325,-8.404],[-77.0437,-8.4045],[-77.0549,-8.4018],[-77.0652,-8.3966],[-77.0699,-8.3975],[-77.0754,-8.4059],[-77.0855,-8.4062],[-77.094,-8.4277],[-77.0932,-8.4345],[-77.1033,-8.438],[-77.1039,-8.444],[-77.1208,-8.4474],[-77.1338,-8.44],[-77.131,-8.4449],[-77.1311,-8.4543],[-77.1426,-8.4758],[-77.1399,-8.4805],[-77.1252,-8.4838],[-77.1177,-8.479],[-77.1087,-8.4798],[-77.1009,-8.4882],[-77.0889,-8.4828],[-77.0808,-8.4882],[-77.0806,-8.4983],[-77.085,-8.508],[-77.0917,-8.517],[-77.0843,-8.5256],[-77.0759,-8.5267],[-77.0757,-8.5342],[-77.0606,-8.5385],[-77.0566,-8.5488],[-77.0498,-8.5537],[-77.0374,-8.5533],[-77.035,-8.5447],[-77.0307,-8.5408],[-77.0244,-8.543],[-77.0112,-8.5397],[-77.0022,-8.5468],[-76.9958,-8.555],[-76.9773,-8.5606],[-76.967,-8.5596],[-76.959,-8.5522],[-76.9554,-8.5456],[-76.9489,-8.5457],[-76.94,-8.5526],[-76.9424,-8.5568],[-76.936,-8.567],[-76.9163,-8.5702],[-76.8963,-8.5628],[-76.8906,-8.5561],[-76.8818,-8.5589],[-76.8749,-8.5582],[-76.8709,-8.564],[-76.863,-8.5643],[-76.8617,-8.552],[-76.8522,-8.5507],[-76.8473,-8.5465],[-76.8435,-8.5267],[-76.8316,-8.5167],[-76.8187,-8.5177],[-76.8044,-8.5106],[-76.7968,-8.5109],[-76.7914,-8.5224],[-76.7848,-8.5244],[-76.7786,-8.5216],[-76.7684,-8.5268],[-76.7546,-8.5196],[-76.741,-8.5246],[-76.7299,-8.5148],[-76.7194,-8.5191],[-76.7126,-8.5273],[-76.6973,-8.5324],[-76.68,-8.5276],[-76.6784,-8.5211],[-76.6688,-8.5225],[-76.667,-8.5259],[-76.653,-8.5209],[-76.6415,-8.5227],[-76.6346,-8.5156],[-76.6243,-8.512],[-76.6145,-8.5132],[-76.6015,-8.5121],[-76.5927,-8.5083],[-76.5844,-8.51],[-76.5743,-8.5067],[-76.5657,-8.5078],[-76.5478,-8.4976],[-76.5427,-8.5097],[-76.5304,-8.5185],[-76.5162,-8.5329],[-76.5051,-8.5356],[-76.4935,-8.5518],[-76.4991,-8.5639],[-76.4953,-8.5758],[-76.4662,-8.5697],[-76.4679,-8.5584],[-76.4588,-8.5451],[-76.4555,-8.5354],[-76.4566,-8.5258],[-76.4496,-8.5175],[-76.4494,-8.5119],[-76.4443,-8.4982],[-76.444,-8.4888],[-76.4395,-8.4837],[-76.4355,-8.4731],[-76.4263,-8.4596],[-76.4248,-8.4536],[-76.4168,-8.4434],[-76.4004,-8.4375],[-76.3896,-8.4263],[-76.3758,-8.4226],[-76.3713,-8.4109],[-76.3626,-8.4147],[-76.357,-8.4244],[-76.3413,-8.4245],[-76.3335,-8.4295],[-76.3322,-8.4463],[-76.3277,-8.4544],[-76.3281,-8.4619],[-76.3222,-8.4676],[-76.3274,-8.4799],[-76.3222,-8.4937],[-76.3126,-8.4997],[-76.3114,-8.505],[-76.3194,-8.511],[-76.3242,-8.5241],[-76.3149,-8.5323],[-76.313,-8.5437],[-76.305,-8.5526],[-76.2997,-8.5628],[-76.3023,-8.5711],[-76.2967,-8.5738],[-76.2861,-8.5691],[-76.2785,-8.5775],[-76.2853,-8.5866],[-76.2725,-8.5954],[-76.2734,-8.6055],[-76.2621,-8.6149],[-76.2698,-8.629],[-76.2628,-8.6399],[-76.2683,-8.6482],[-76.2667,-8.655],[-76.2567,-8.6606],[-76.2528,-8.6653],[-76.2473,-8.6827],[-76.2543,-8.6863],[-76.2612,-8.6821],[-76.2681,-8.6867],[-76.2629,-8.6911],[-76.2544,-8.6913],[-76.2564,-8.7103],[-76.2487,-8.7137],[-76.2414,-8.7239],[-76.2382,-8.7349],[-76.2302,-8.7428],[-76.2287,-8.7481],[-76.2417,-8.7556],[-76.2317,-8.7592],[-76.2384,-8.7641],[-76.2401,-8.7707],[-76.2326,-8.7772],[-76.232,-8.782],[-76.2359,-8.7918],[-76.2302,-8.7963],[-76.2155,-8.7866],[-76.214,-8.774],[-76.2059,-8.7751],[-76.1991,-8.7681],[-76.1986,-8.7586],[-76.1901,-8.7607],[-76.1801,-8.7578],[-76.1745,-8.7596],[-76.1664,-8.7564],[-76.1633,-8.7443],[-76.1622,-8.731],[-76.1571,-8.7333],[-76.1532,-8.7232],[-76.1453,-8.7114],[-76.1474,-8.6968],[-76.1454,-8.6879],[-76.1365,-8.6741],[-76.1383,-8.6654],[-76.1302,-8.6631],[-76.1313,-8.6568],[-76.1228,-8.6539],[-76.1159,-8.6576],[-76.1075,-8.6499],[-76.1076,-8.6405],[-76.1148,-8.635],[-76.1199,-8.6354],[-76.1217,-8.624],[-76.1209,-8.6104],[-76.1245,-8.6045],[-76.1229,-8.594],[-76.1272,-8.5817],[-76.1347,-8.5726],[-76.1264,-8.5454],[-76.1284,-8.5324],[-76.1261,-8.5169],[-76.1302,-8.4804],[-76.1304,-8.4672],[-76.126,-8.4519],[-76.1169,-8.4422],[-76.1188,-8.4304],[-76.1094,-8.4178],[-76.1104,-8.4049],[-76.1079,-8.3977],[-76.1132,-8.3842],[-76.1044,-8.3765],[-76.0982,-8.3668],[-76.0941,-8.3478],[-76.0872,-8.3369],[-76.0749,-8.3403],[-76.0688,-8.3378],[-76.0592,-8.3299],[-76.0539,-8.3304],[-76.0486,-8.3397],[-76.0416,-8.3362],[-76.036,-8.3294],[-76.0279,-8.3291],[-76.0226,-8.3235],[-76.0155,-8.3254],[-76.0056,-8.3232],[-76.0002,-8.3143],[-75.9926,-8.3207],[-75.985,-8.3222]]]},"properties":{"shapeName":"San Martín","shapeISO":"PE-SAM","shapeID":"20122684B23917933630363","shapeGroup":"PER","shapeType":"ADM1"}},
{"type":"Feature","geometry":{"type":"Polygon","coordinates":[[[-78.0004,-6.9702],[-77.9918,-6.9634],[-77.9838,-6.9627],[-77.9747,-6.9699],[-77.9607,-6.9756],[-77.9459,-6.9732],[-77.9351,-6.9792],[-77.9275,-6.9867],[-77.9153,-6.9806],[-77.9,-6.9807],[-77.8956,-6.9757],[-77.8871,-6.9716],[-77.8803,-6.9625],[-77.8459,-6.9764],[-77.8392,-6.9732],[-77.8334,-6.9568],[-77.8228,-6.9598],[-77.8099,-6.9612],[-77.8019,-6.9661],[-77.7946,-6.9581],[-77.7876,-6.9549],[-77.7863,-6.9493],[-77.7793,-6.9415],[-77.7719,-6.9506],[-77.7659,-6.9621],[-77.7589,-6.9645],[-77.7457,-6.9562],[-77.7384,-6.9483],[-77.7399,-6.9355],[-77.7338,-6.9286],[-77.7153,-6.9207],[-77.7143,-6.9154],[-77.7073,-6.9088],[-77.7181,-6.8966],[-77.7233,-6.8935],[-77.7332,-6.8738],[-77.7316,-6.8664],[-77.7369,-6.8636],[-77.741,-6.8539],[-77.7401,-6.8441],[-77.7476,-6.8322],[-77.7512,-6.8225],[-77.7617,-6.8077],[-77.7647,-6.7984],[-77.7595,-6.7933],[-77.7353,-6.7883],[-77.7319,-6.782],[-77.7352,-6.7779],[-77.7372,-6.7603],[-77.7467,-6.7518],[-77.7481,-6.7449],[-77.7458,-6.7284],[-77.7395,-6.7111],[-77.7438,-6.7066],[-77.7447,-6.6923],[-77.7411,-6.6867],[-77.7423,-6.678],[-77.746,-6.6716],[-77.7456,-6.6652],[-77.7387,-6.653],[-77.7332,-6.648],[-77.7264,-6.6542],[-77.7159,-6.6591],[-77.7097,-6.672],[-77.7019,-6.6768],[-77.6934,-6.6785],[-77.6792,-6.6738],[-77.6731,-6.6659],[-77.6627,-6.6599],[-77.6598,-6.6497],[-77.6605,-6.6415],[-77.6518,-6.63],[-77.6366,-6.6169],[-77.6281,-6.6126],[-77.6123,-6.6123],[-77.6032,-6.6163],[-77.5989,-6.6231],[-77.5839,-6.6346],[-77.5758,-6.6345],[-77.5637,-6.6441],[-77.5611,-6.6546],[-77.5513,-6.6668],[-77.5501,-6.6718],[-77.5441,-6.677],[-77.535,-6.674],[-77.5206,-6.6795],[-77.5172,-6.6736],[-77.5107,-6.6723],[-77.5052,-6.6756],[-77.4968,-6.6741],[-77.4894,-6.6756],[-77.4824,-6.6815],[-77.4755,-6.6836],[-77.4629,-6.6797],[-77.4547,-6.6817],[-77.4374,-6.701],[-77.4275,-6.7028],[-77.4187,-6.7081],[-77.4071,-6.7268],[-77.4039,-6.7243],[-77.4001,-6.7085],[-77.3961,-6.7048],[-77.386,-6.7021],[-77.3817,-6.6976],[-77.3897,-6.6817],[-77.3936,-6.6791],[-77.3977,-6.6693],[-77.405,-6.6631],[-77.4047,-6.6542],[-77.4077,-6.6463],[-77.4237,-6.6381],[-77.4287,-6.6263],[-77.4357,-6.6181],[-77.4361,-6.6052],[-77.4257,-6.6025],[-77.4158,-6.6042],[-77.4009,-6.6045],[-77.3939,-6.6027],[-77.3915,-6.5934],[-77.3876,-6.5876],[-77.3839,-6.5734],[-77.3787,-6.5674],[-77.361,-6.5651],[-77.3549,-6.5606],[-77.3448,-6.5472],[-77.343,-6.5381],[-77.3352,-6.5223],[-77.3356,-6.5155],[-77.3325,-6.5097],[-77.3305,-6.4975],[-77.3329,-6.4915],[-77.3264,-6.468],[-77.3155,-6.4597],[-77.3106,-6.4585],[-77.3046,-6.4513],[-77.3018,-6.4366],[-77.298,-6.4255],[-77.2732,-6.4065],[-77.275,-6.3956],[-77.2783,-6.388],[-77.2755,-6.3822],[-77.2825,-6.3733],[-77.281,-6.3631],[-77.2858,-6.3471],[-77.2867,-6.331],[-77.2799,-6.3279],[-77.2668,-6.3303],[-77.26,-6.3277],[-77.2547,-6.3365],[-77.2437,-6.3381],[-77.2413,-6.3526],[-77.2335,-6.3599],[-77.2293,-6.3693],[-77.2215,-6.3811],[-77.2082,-6.3752],[-77.1932,-6.3815],[-77.1815,-6.3785],[-77.1717,-6.3812],[-77.1634,-6.3781],[-77.1624,-6.3729],[-77.1494,-6.3589],[-77.1443,-6.3491],[-77.1438,-6.3424],[-77.1323,-6.3226],[-77.1327,-6.3024],[-77.1389,-6.2917],[-77.1476,-6.2862],[-77.1554,-6.2745],[-77.1606,-6.2694],[-77.1708,-6.2652],[-77.1691,-6.255],[-77.1741,-6.2465],[-77.1809,-6.2453],[-77.2,-6.2312],[-77.2124,-6.2142],[-77.2142,-6.2025],[-77.2191,-6.1957],[-77.212,-6.1874],[-77.2026,-6.182],[-77.2053,-6.1725],[-77.2109,-6.167],[-77.2121,-6.1608],[-77.2186,-6.156],[-77.223,-6.1469],[-77.2292,-6.1438],[-77.2339,-6.1488],[-77.2452,-6.1475],[-77.2538,-6.1385],[-77.2729,-6.1387],[-77.2815,-6.1417],[-77.29,-6.1331],[-77.3012,-6.1331],[-77.3111,-6.1263],[-77.3169,-6.1256],[-77.3252,-6.1163],[-77.3324,-6.1122],[-77.3464,-6.1143],[-77.3466,-6.1084],[-77.3512,-6.0902],[-77.3605,-6.0722],[-77.3684,-6.0741],[-77.3805,-6.08],[-77.3855,-6.0686],[-77.3824,-6.0635],[-77.3893,-6.0578],[-77.3955,-6.0394],[-77.4046,-6.0347],[-77.4103,-6.0362],[-77.4193,-6.0324],[-77.4215,-6.037],[-77.4218,-6.0492],[-77.4291,-6.0519],[-77.4296,-6.0611],[-77.4345,-6.0604],[-77.4457,-6.0462],[-77.4492,-6.0444],[-77.4553,-6.0344],[-77.4594,-6.0236],[-77.4675,-6.0196],[-77.4667,-6.0122],[-77.4786,-6.0009],[-77.4873,-6.0112],[-77.4864,-6.0202],[-77.4898,-6.0289],[-77.5098,-6.0325],[-77.5105,-6.0395],[-77.5188,-6.0559],[-77.5338,-6.0634],[-77.5415,-6.0595],[-77.5422,-6.0528],[-77.5547,-6.0507],[-77.558,-6.0396],[-77.5651,-6.0292],[-77.5727,-6.0335],[-77.5822,-6.0327],[-77.5862,-6.0369],[-77.5964,-6.0333],[-77.598,-6.0278],[-77.5935,-6.0093],[-77.5977,-6.0044],[-77.6162,-6.0009],[-77.6221,-6.0048],[-77.6327,-6.0006],[-77.6391,-6.0011],[-77.6492,-5.9922],[-77.6606,-5.9885],[-77.6627,-5.9835],[-77.6692,-5.9804],[-77.6736,-5.9703],[-77.6712,-5.9633],[-77.6599,-5.9551],[-77.6519,-5.9353],[-77.6577,-5.9297],[-77.6633,-5.9177],[-77.6689,-5.8968],[-77.6661,-5.8939],[-77.6726,-5.8856],[-77.6834,-5.8761],[-77.6779,-5.8596],[-77.6815,-5.8495],[-77.6948,-5.8402],[-77.7047,-5.8422],[-77.7103,-5.8407],[-77.7264,-5.844],[-77.7326,-5.8417],[-77.7405,-5.8351],[-77.7461,-5.8351],[-77.7529,-5.8278],[-77.7608,-5.8249],[-77.7639,-5.8197],[-77.7651,-5.8061],[-77.7704,-5.7881],[-77.7672,-5.7763],[-77.7607,-5.7692],[-77.7722,-5.7529],[-77.7673,-5.7509],[-77.7617,-5.7424],[-77.7594,-5.7298],[-77.7659,-5.716],[-77.7751,-5.7108],[-77.7757,-5.7033],[-77.7737,-5.6852],[-77.7686,-5.6795],[-77.7673,-5.6732],[-77.7544,-5.659],[-77.7539,-5.6495],[-77.7509,-5.643],[-77.7526,-5.6376],[-77.7389,-5.6222],[-77.7369,-5.6051],[-77.7445,-5.5873],[-77.7517,-5.5823],[-77.7499,-5.5734],[-77.7573,-5.5547],[-77.7658,-5.539],[-77.7653,-5.5323],[-77.7571,-5.516],[-77.7596,-5.5072],[-77.7659,-5.5027],[-77.7716,-5.4939],[-77.7706,-5.4782],[-77.7654,-5.471],[-77.7508,-5.4642],[-77.749,-5.4581],[-77.7593,-5.4463],[-77.7685,-5.438],[-77.7644,-5.4311],[-77.7514,-5.4192],[-77.743,-5.4065],[-77.7233,-5.4147],[-77.7127,-5.4164],[-77.696,-5.4111],[-77.6988,-5.4066],[-77.6984,-5.3963],[-77.7028,-5.3807],[-77.6962,-5.3734],[-77.6919,-5.3627],[-77.6881,-5.3464],[-77.6821,-5.3384],[-77.6845,-5.3224],[-77.6862,-5.3025],[-77.6841,-5.2959],[-77.6927,-5.2836],[-77.6931,-5.2677],[-77.6991,-5.254],[-77.7098,-5.2397],[-77.723,-5.2346],[-77.7322,-5.2259],[-77.7396,-5.2126],[-77.7275,-5.2009],[-77.7136,-5.1963],[-77.7082,-5.1909],[-77.7034,-5.1748],[-77.6976,-5.1708],[-77.696,-5.1637],[-77.7067,-5.1564],[-77.7083,-5.1508],[-77.7209,-5.1405],[-77.7276,-5.1403],[-77.7398,-5.1366],[-77.7676,-5.1116],[-77.7687,-5.1033],[-77.7743,-5.0972],[-77.791,-5.0952],[-77.802,-5.0862],[-77.8075,-5.0917],[-77.8177,-5.0912],[-77.8223,-5.0818],[-77.8179,-5.0638],[-77.8119,-5.0547],[-77.816,-5.0383],[-77.8248,-5.0375],[-77.8246,-5.0318],[-77.8083,-5.0155],[-77.7892,-4.9905],[-77.7863,-4.988],[-77.7715,-4.9642],[-77.7682,-4.9559],[-77.7593,-4.9518],[-77.7634,-4.9307],[-77.7669,-4.9212],[-77.7602,-4.9093],[-77.7738,-4.8917],[-77.7748,-4.8782],[-77.7867,-4.8619],[-77.7936,-4.85],[-77.7953,-4.8392],[-77.7917,-4.8338],[-77.7972,-4.8288],[-77.799,-4.8222],[-77.7958,-4.8186],[-77.7954,-4.793],[-77.7893,-4.7851],[-77.7898,-4.7755],[-77.7946,-4.763],[-77.7905,-4.7467],[-77.7831,-4.7329],[-77.7752,-4.7283],[-77.7719,-4.7176],[-77.756,-4.7025],[-77.7402,-4.6945],[-77.7314,-4.6884],[-77.7286,-4.6816],[-77.716,-4.6651],[-77.7053,-4.6597],[-77.6945,-4.6587],[-77.6865,-4.6463],[-77.6719,-4.6295],[-77.6662,-4.6157],[-77.6626,-4.6011],[-77.6629,-4.5936],[-77.6592,-4.5814],[-77.6531,-4.576],[-77.6558,-4.5724],[-77.6597,-4.558],[-77.6566,-4.5521],[-77.649,-4.5464],[-77.6546,-4.5311],[-77.6555,-4.5185],[-77.6528,-4.5152],[-77.6414,-4.5101],[-77.6406,-4.4965],[-77.6175,-4.4959],[-77.6079,-4.4922],[-77.6045,-4.4858],[-77.591,-4.4827],[-77.5859,-4.475],[-77.579,-4.4503],[-77.5758,-4.443],[-77.5735,-4.4304],[-77.5683,-4.4209],[-77.5649,-4.3936],[-77.5682,-4.3884],[-77.5654,-4.3725],[-77.5716,-4.3288],[-77.579,-4.3012],[-77.5807,-4.2901],[-77.5796,-4.2762],[-77.5824,-4.2701],[-77.5856,-4.2513],[-77.5806,-4.2407],[-77.5766,-4.224],[-77.577,-4.2183],[-77.5676,-4.179],[-77.569,-4.1699],[-77.5657,-4.1638],[-77.5656,-4.1554],[-77.5612,-4.1444],[-77.5584,-4.13],[-77.5528,-4.1139],[-77.5497,-4.1099],[-77.5472,-4.0848],[-77.5445,-4.0752],[-77.5418,-4.0508],[-77.5381,-4.0287],[-77.5391,-4.0217],[-77.5381,-4.0035],[-77.5412,-3.9864],[-77.5379,-3.9619],[-77.5418,-3.9433],[-77.5458,-3.9346],[-77.5572,-3.9182],[-77.5609,-3.904],[-77.569,-3.8931],[-77.5674,-3.8813],[-77.5626,-3.8754],[-77.5694,-3.8727],[-77.5819,-3.8628],[-77.5989,-3.842],[-77.5989,-3.8357],[-77.6092,-3.8252],[-77.6231,-3.8221],[-77.6314,-3.8135],[-77.6357,-3.8013],[-77.6518,-3.779],[-77.6478,-3.7722],[-77.6432,-3.7531],[-77.6323,-3.7429],[-77.6261,-3.735],[-77.6223,-3.7177],[-77.6156,-3.7077],[-77.6181,-3.7035],[-77.6214,-3.6861],[-77.6178,-3.6747],[-77.6214,-3.6643],[-77.6202,-3.6489],[-77.6169,-3.6343],[-77.622,-3.6205],[-77.643,-3.6193],[-77.6488,-3.6102],[-77.6523,-3.5979],[-77.6593,-3.5824],[-77.6704,-3.5684],[-77.6898,-3.5557],[-77.6997,-3.5525],[-77.7165,-3.5423],[-77.7172,-3.5373],[-77.7109,-3.5263],[-77.7151,-3.5149],[-77.7277,-3.5055],[-77.7337,-3.4946],[-77.7456,-3.4822],[-77.7468,-3.4752],[-77.753,-3.4624],[-77.7605,-3.4598],[-77.7637,-3.453],[-77.7643,-3.4435],[-77.7725,-3.4288],[-77.7765,-3.4091],[-77.7767,-3.3855],[-77.778,-3.3816],[-77.7783,-3.3593],[-77.7753,-3.3241],[-77.7798,-3.2916],[-77.7788,-3.258],[-77.7793,-3.2206],[-77.7776,-3.1987],[-77.7785,-3.1872],[-77.7833,-3.1742],[-77.7909,-3.1176],[-77.7863,-3.1086],[-77.7864,-3.1027],[-77.7943,-3.0901],[-77.7877,-3.0748],[-77.7931,-3.044],[-77.8083,-3.023],[-77.8173,-3.0008],[-77.8121,-2.9861],[-77.8439,-3.0004],[-77.8391,-3.0068],[-77.9442,-3.0657],[-77.948,-3.07],[-77.9466,-3.0785],[-77.9514,-3.0902],[-77.9619,-3.0949],[-77.9711,-3.1178],[-77.9833,-3.1197],[-77.9865,-3.1336],[-77.9935,-3.1401],[-77.9957,-3.1457],[-78.0082,-3.1552],[-78.0119,-3.16],[-78.0116,-3.1674],[-78.0079,-3.1788],[-78.0108,-3.1906],[-78.0142,-3.1921],[-78.0324,-3.189],[-78.0398,-3.1959],[-78.0423,-3.2073],[-78.053,-3.2076],[-78.0641,-3.2194],[-78.0649,-3.2274],[-78.0786,-3.2263],[-78.0902,-3.2149],[-78.089,-3.2272],[-78.0902,-3.2412],[-78.0961,-3.2466],[-78.0998,-3.2607],[-78.111,-3.266],[-78.1071,-3.2765],[-78.1131,-3.2816],[-78.1198,-3.2929],[-78.127,-3.2971],[-78.1336,-3.3079],[-78.1412,-3.3164],[-78.1469,-3.3257],[-78.1533,-3.3286],[-78.1559,-3.3337],[-78.1698,-3.3498],[-78.1977,-3.3649],[-78.191,-3.3846],[-78.1881,-3.3969],[-78.1788,-3.413],[-78.1616,-3.4156],[-78.1549,-3.4266],[-78.1526,-3.4433],[-78.1468,-3.4627],[-78.1479,-3.479],[-78.1512,-3.4818],[-78.1642,-3.4837],[-78.1708,-3.4905],[-78.1786,-3.4921],[-78.186,-3.4995],[-78.1946,-3.5017],[-78.2028,-3.4977],[-78.2115,-3.5066],[-78.2288,-3.5055],[-78.2332,-3.4944],[-78.2313,-3.4838],[-78.2328,-3.4736],[-78.2373,-3.4625],[-78.2379,-3.4495],[-78.2439,-3.4345],[-78.2429,-3.4298],[-78.2449,-3.4099],[-78.2445,-3.402],[-78.248,-3.3981],[-78.2569,-3.3994],[-78.2696,-3.3988],[-78.2779,-3.4004],[-78.2888,-3.3975],[-78.3047,-3.3974],[-78.3238,-3.391],[-78.3307,-3.3855],[-78.3395,-3.3714],[-78.3498,-3.3679],[-78.3443,-3.3918],[-78.3562,-3.4036],[-78.3524,-3.4131],[-78.3414,-3.4271],[-78.3447,-3.4356],[-78.3454,-3.4484],[-78.3488,-3.4562],[-78.3592,-3.4695],[-78.3581,-3.4771],[-78.3539,-3.4809],[-78.3552,-3.4936],[-78.3666,-3.5141],[-78.3649,-3.5297],[-78.3756,-3.5432],[-78.377,-3.5495],[-78.3877,-3.555],[-78.3912,-3.5601],[-78.3856,-3.5652],[-78.3862,-3.5737],[-78.3948,-3.5878],[-78.3954,-3.5946],[-78.3929,-3.6037],[-78.3999,-3.6081],[-78.3961,-3.6162],[-78.3978,-3.6226],[-78.3936,-3.6316],[-78.3863,-3.6401],[-78.3983,-3.6466],[-78.4008,-3.6513],[-78.3946,-3.6598],[-78.3986,-3.6711],[-78.3932,-3.6772],[-78.3961,-3.6855],[-78.4014,-3.6903],[-78.41,-3.6906],[-78.4158,-3.686],[-78.4227,-3.6909],[-78.4228,-3.7053],[-78.4179,-3.7092],[-78.4174,-3.7195],[-78.4218,-3.7233],[-78.4097,-3.7341],[-78.4025,-3.7354],[-78.4146,-3.7613],[-78.4158,-3.7674],[-78.4087,-3.7717],[-78.4094,-3.7824],[-78.4139,-3.7926],[-78.4243,-3.8031],[-78.4356,-3.8185],[-78.4532,-3.8269],[-78.4633,-3.8248],[-78.4603,-3.8377],[-78.4765,-3.8587],[-78.479,-3.8728],[-78.4776,-3.8822],[-78.4866,-3.8924],[-78.4801,-3.8972],[-78.4755,-3.9061],[-78.4887,-3.9336],[-78.5131,-3.9349],[-78.5245,-3.9373],[-78.5369,-3.9595],[-78.5424,-3.9631],[-78.5417,-3.9726],[-78.5481,-3.975],[-78.5614,-3.9854],[-78.5661,-3.9933],[-78.5624,-4.0013],[-78.5643,-4.0049],[-78.5649,-4.0229],[-78.5697,-4.0374],[-78.5677,-4.0451],[-78.5626,-4.0498],[-78.5375,-4.0606],[-78.5408,-4.0739],[-78.5516,-4.0858],[-78.5576,-4.0892],[-78.5629,-4.0996],[-78.5683,-4.1023],[-78.5721,-4.115],[-78.5813,-4.1355],[-78.5784,-4.1422],[-78.5802,-4.1469],[-78.5744,-4.1707],[-78.5787,-4.1817],[-78.5773,-4.19],[-78.5787,-4.1978],[-78.5983,-4.2079],[-78.6077,-4.2203],[-78.6089,-4.2339],[-78.606,-4.2472],[-78.6018,-4.25],[-78.6064,-4.2652],[-78.6109,-4.2673],[-78.6139,-4.2835],[-78.6176,-4.2861],[-78.6182,-4.2942],[-78.625,-4.2956],[-78.6382,-4.3027],[-78.6456,-4.3161],[-78.6461,-4.325],[-78.6523,-4.3325],[-78.6477,-4.3442],[-78.6508,-4.3518],[-78.6489,-4.3591],[-78.6424,-4.3686],[-78.6386,-4.3799],[-78.6411,-4.4009],[-78.6341,-4.4152],[-78.6258,-4.4185],[-78.6219,-4.4145],[-78.6114,-4.4143],[-78.604,-4.4117],[-78.6006,-4.4207],[-78.6009,-4.4288],[-78.6097,-4.436],[-78.6199,-4.4368],[-78.6237,-4.4431],[-78.6235,-4.4495],[-78.6276,-4.4582],[-78.6338,-4.4629],[-78.6342,-4.4748],[-78.6388,-4.4852],[-78.6376,-4.5009],[-78.6475,-4.509],[-78.65,-4.5166],[-78.6611,-4.5301],[-78.6627,-4.5369],[-78.6588,-4.5468],[-78.6607,-4.5523],[-78.6566,-4.5621],[-78.6629,-4.5701],[-78.6597,-4.579],[-78.6608,-4.5861],[-78.6682,-4.5941],[-78.6749,-4.592],[-78.6825,-4.5998],[-78.6956,-4.6075],[-78.7026,-4.6161],[-78.706,-4.6239],[-78.6982,-4.6297],[-78.6954,-4.637],[-78.6868,-4.6433],[-78.6638,-4.656],[-78.6569,-4.6486],[-78.6497,-4.6466],[-78.6379,-4.658],[-78.6424,-4.6683],[-78.6419,-4.677],[-78.6445,-4.6832],[-78.6358,-4.6854],[-78.6317,-4.6984],[-78.64,-4.7052],[-78.6437,-4.7172],[-78.6447,-4.7365],[-78.6382,-4.7404],[-78.6268,-4.7399],[-78.6181,-4.7473],[-78.6021,-4.7651],[-78.6006,-4.7734],[-78.6164,-4.7872],[-78.6211,-4.7928],[-78.6209,-4.8027],[-78.6125,-4.8141],[-78.6098,-4.8226],[-78.6113,-4.8402],[-78.6207,-4.8545],[-78.623,-4.8787],[-78.6292,-4.8978],[-78.6385,-4.9151],[-78.6399,-4.9286],[-78.6373,-4.9365],[-78.6383,-4.9441],[-78.6458,-4.9623],[-78.6414,-4.9718],[-78.627,-4.9732],[-78.6216,-4.9795],[-78.6195,-4.9863],[-78.6196,-5.0005],[-78.6311,-5.0132],[-78.6412,-5.0267],[-78.6418,-5.0364],[-78.6475,-5.0393],[-78.6515,-5.0553],[-78.6577,-5.0674],[-78.6675,-5.0677],[-78.673,-5.0715],[-78.6802,-5.0721],[-78.6834,-5.087],[-78.6955,-5.0935],[-78.7006,-5.1041],[-78.7005,-5.1155],[-78.7039,-5.1237],[-78.7039,-5.1352],[-78.7058,-5.1496],[-78.7109,-5.1568],[-78.7091,-5.1796],[-78.706,-5.1801],[-78.7051,-5.1931],[-78.7023,-5.1985],[-78.703,-5.2077],[-78.6997,-5.2123],[-78.6936,-5.2327],[-78.6853,-5.2376],[-78.6884,-5.255],[-78.6842,-5.2675],[-78.6771,-5.2691],[-78.6715,-5.2668],[-78.6646,-5.2685],[-78.6544,-5.2743],[-78.648,-5.2933],[-78.6384,-5.3053],[-78.6097,-5.3075],[-78.6045,-5.3099],[-78.5786,-5.3359],[-78.564,-5.3446],[-78.5513,-5.3603],[-78.5399,-5.3657],[-78.539,-5.3722],[-78.5287,-5.3822],[-78.5227,-5.3944],[-78.5184,-5.3993],[-78.5221,-5.4089],[-78.5216,-5.4206],[-78.5138,-5.4261],[-78.5113,-5.4468],[-78.5152,-5.4543],[-78.5234,-5.4581],[-78.5421,-5.4704],[-78.5476,-5.4775],[-78.5431,-5.4818],[-78.5585,-5.4991],[-78.5501,-5.5187],[-78.5517,-5.5306],[-78.5547,-5.5381],[-78.5641,-5.5383],[-78.5698,-5.5454],[-78.5807,-5.5485],[-78.5851,-5.555],[-78.5851,-5.5648],[-78.5942,-5.5707],[-78.5946,-5.5775],[-78.6,-5.5902],[-78.6081,-5.5961],[-78.6048,-5.6072],[-78.6092,-5.615],[-78.6182,-5.6207],[-78.6248,-5.6394],[-78.6376,-5.6443],[-78.6488,-5.6623],[-78.6511,-5.6756],[-78.6792,-5.6907],[-78.6863,-5.7014],[-78.6838,-5.7071],[-78.6664,-5.7174],[-78.6563,-5.7179],[-78.6524,-5.7228],[-78.6535,-5.735],[-78.675,-5.7423],[-78.686,-5.7444],[-78.6918,-5.7507],[-78.6916,-5.7583],[-78.6947,-5.7771],[-78.701,-5.7858],[-78.7043,-5.7946],[-78.712,-5.8304],[-78.7068,-5.832],[-78.6991,-5.8408],[-78.6968,-5.8528],[-78.6984,-5.8609],[-78.6913,-5.872],[-78.696,-5.8832],[-78.6959,-5.8885],[-78.6877,-5.8969],[-78.6828,-5.9111],[-78.6718,-5.9193],[-78.6702,-5.9274],[-78.6629,-5.9416],[-78.6603,-5.9556],[-78.6394,-5.9745],[-78.6359,-5.9887],[-78.6298,-5.989],[-78.6262,-6.0049],[-78.6223,-6.0111],[-78.6123,-6.0182],[-78.6116,-6.0355],[-78.6096,-6.0416],[-78.6105,-6.0534],[-78.6039,-6.0592],[-78.6019,-6.0655],[-78.5894,-6.0765],[-78.5768,-6.0786],[-78.5643,-6.0768],[-78.5568,-6.071],[-78.5422,-6.0731],[-78.5333,-6.071],[-78.5258,-6.0732],[-78.5188,-6.0715],[-78.511,-6.0773],[-78.5098,-6.0842],[-78.4989,-6.0887],[-78.4984,-6.1025],[-78.4826,-6.109],[-78.4773,-6.1148],[-78.479,-6.1262],[-78.4758,-6.1326],[-78.4655,-6.1376],[-78.4605,-6.1482],[-78.4382,-6.1657],[-78.437,-6.1736],[-78.4274,-6.1799],[-78.4169,-6.1935],[-78.419,-6.2057],[-78.4142,-6.2138],[-78.409,-6.2137],[-78.402,-6.2198],[-78.4016,-6.226],[-78.3844,-6.2312],[-78.3803,-6.2307],[-78.3701,-6.2391],[-78.3722,-6.2526],[-78.37,-6.2711],[-78.3651,-6.2808],[-78.3604,-6.2804],[-78.3564,-6.2954],[-78.3477,-6.2985],[-78.3454,-6.3046],[-78.3354,-6.3187],[-78.3329,-6.3365],[-78.3349,-6.3419],[-78.3337,-6.351],[-78.324,-6.3582],[-78.319,-6.357],[-78.3056,-6.3679],[-78.2995,-6.3754],[-78.2935,-6.3718],[-78.289,-6.375],[-78.2779,-6.389],[-78.2801,-6.3958],[-78.2759,-6.3998],[-78.2683,-6.3911],[-78.2552,-6.3948],[-78.2419,-6.4042],[-78.2412,-6.4105],[-78.2261,-6.4271],[-78.2219,-6.4297],[-78.2181,-6.4469],[-78.2115,-6.4474],[-78.21,-6.458],[-78.1984,-6.4593],[-78.19,-6.457],[-78.1858,-6.4711],[-78.1771,-6.4744],[-78.1767,-6.4835],[-78.173,-6.4942],[-78.1644,-6.4908],[-78.1522,-6.4998],[-78.1507,-6.5122],[-78.1446,-6.5143],[-78.1444,-6.5195],[-78.136,-6.5263],[-78.1346,-6.5347],[-78.1383,-6.5386],[-78.1371,-6.5494],[-78.1326,-6.5531],[-78.1371,-6.5637],[-78.1196,-6.5746],[-78.1178,-6.5821],[-78.1219,-6.5892],[-78.1203,-6.5994],[-78.1152,-6.6043],[-78.1135,-6.6123],[-78.1075,-6.6182],[-78.1044,-6.6251],[-78.1037,-6.6343],[-78.1076,-6.6423],[-78.0973,-6.6506],[-78.0943,-6.6573],[-78.0813,-6.6552],[-78.076,-6.6591],[-78.0792,-6.6664],[-78.0746,-6.6725],[-78.0639,-6.677],[-78.0582,-6.6762],[-78.046,-6.6916],[-78.0467,-6.7027],[-78.0437,-6.7138],[-78.0382,-6.726],[-78.0394,-6.732],[-78.0344,-6.7399],[-78.0381,-6.7458],[-78.026,-6.7759],[-78.0212,-6.7941],[-78.0238,-6.7971],[-78.0176,-6.8082],[-78.0211,-6.8176],[-78.0141,-6.8223],[-78.0162,-6.833],[-78.024,-6.8384],[-78.0312,-6.847],[-78.0195,-6.8534],[-78.0147,-6.8513],[-78.0033,-6.8624],[-78.0022,-6.8713],[-78.0065,-6.8783],[-78.0017,-6.8809],[-78.0055,-6.8881],[-78.0009,-6.8968],[-78.0009,-6.9129],[-78.005,-6.9157],[-78.0062,-6.9235],[-78.0117,-6.9257],[-78.0141,-6.9316],[-78.0098,-6.9379],[-78.0021,-6.9379],[-77.9986,-6.9509],[-78.0017,-6.9668],[-78.0004,-6.9702]]]},"properties":{"shapeName":"Amazonas","shapeISO":"PE-AMA","shapeID":"20122684B10612850939959","shapeGroup":"PER","shapeType":"ADM1"}},
{"type":"Feature","geometry":{"type":"Polygon","coordinates":[[[-79.2103,-4.9651],[-79.2122,-4.9673],[-79.224,-4.9644],[-79.2466,-4.9653],[-79.2612,-4.9682],[-79.267,-4.9663],[-79.275,-4.9546],[-79.2816,-4.9499],[-79.291,-4.9388],[-79.3002,-4.9199],[-79.3,-4.9118],[-79.3064,-4.9011],[-79.317,-4.8998],[-79.3311,-4.8915],[-79.333,-4.8852],[-79.3436,-4.8866],[-79.352,-4.8804],[-79.3533,-4.8714],[-79.3616,-4.8517],[-79.3611,-4.844],[-79.3683,-4.8346],[-79.3749,-4.8318],[-79.3924,-4.8334],[-79.3991,-4.8291],[-79.4213,-4.7941],[-79.4306,-4.7564],[-79.4281,-4.7489],[-79.4317,-4.7368],[-79.4468,-4.72],[-79.458,-4.7022],[-79.458,-4.6819],[-79.4609,-4.6764],[-79.4608,-4.6663],[-79.4648,-4.6596],[-79.4629,-4.6544],[-79.4684,-4.6475],[-79.4696,-4.6406],[-79.488,-4.6273],[-79.4872,-4.6188],[-79.4899,-4.6035],[-79.4891,-4.5974],[-79.4932,-4.5777],[-79.4799,-4.5731],[-79.477,-4.5686],[-79.4818,-4.5578],[-79.4847,-4.5391],[-79.4878,-4.5303],[-79.496,-4.5247],[-79.498,-4.5202],[-79.5051,-4.5176],[-79.5149,-4.5192],[-79.5212,-4.5265],[-79.5361,-4.5271],[-79.5499,-4.5145],[-79.5639,-4.5128],[-79.5635,-4.509],[-79.5706,-4.5023],[-79.5755,-4.504],[-79.5818,-4.4914],[-79.5797,-4.4879],[-79.5883,-4.4802],[-79.5983,-4.4677],[-79.6005,-4.4569],[-79.606,-4.4575],[-79.6174,-4.4456],[-79.6324,-4.4383],[-79.6555,-4.4342],[-79.6615,-4.441],[-79.6692,-4.4433],[-79.6747,-4.4486],[-79.6885,-4.4538],[-79.6886,-4.458],[-79.6982,-4.4627],[-79.7062,-4.472],[-79.7146,-4.4721],[-79.7191,-4.4684],[-79.7392,-4.4786],[-79.7449,-4.483],[-79.754,-4.4823],[-79.7662,-4.4883],[-79.774,-4.4881],[-79.7923,-4.494],[-79.7967,-4.4901],[-79.8135,-4.4918],[-79.8229,-4.4807],[-79.8281,-4.4782],[-79.8325,-4.471],[-79.8383,-4.4691],[-79.843,-4.4613],[-79.8521,-4.4527],[-79.8545,-4.4476],[-79.8541,-4.4345],[-79.8632,-4.4245],[-79.8643,-4.4192],[-79.8713,-4.413],[-79.8822,-4.4104],[-79.8918,-4.4015],[-79.9002,-4.399],[-79.92,-4.386],[-79.9254,-4.3927],[-79.9331,-4.3955],[-79.9523,-4.3981],[-79.972,-4.3877],[-79.9771,-4.3798],[-79.9917,-4.3809],[-79.9955,-4.3761],[-80.0089,-4.369],[-80.0147,-4.357],[-80.0335,-4.3496],[-80.0392,-4.3384],[-80.0523,-4.3306],[-80.0547,-4.3221],[-80.0585,-4.3194],[-80.0613,-4.3108],[-80.0722,-4.3098],[-80.0842,-4.3018],[-80.0908,-4.3014],[-80.1064,-4.2913],[-80.109,-4.2987],[-80.1177,-4.2949],[-80.1292,-4.2947],[-80.1443,-4.2864],[-80.1553,-4.3041],[-80.166,-4.3016],[-80.1654,-4.2914],[-80.1717,-4.2897],[-80.1781,-4.295],[-80.1814,-4.3038],[-80.1817,-4.3127],[-80.1853,-4.3155],[-80.187,-4.3302],[-80.1853,-4.3341],[-80.1978,-4.3371],[-80.2041,-4.3358],[-80.2066,-4.3407],[-80.1971,-4.3445],[-80.1951,-4.3504],[-80.2051,-4.3495],[-80.2202,-4.356],[-80.218,-4.3622],[-80.2227,-4.3681],[-80.2199,-4.3753],[-80.2333,-4.3806],[-80.2371,-4.3877],[-80.2492,-4.3909],[-80.2475,-4.3989],[-80.2585,-4.4018],[-80.2628,-4.411],[-80.2717,-4.4059],[-80.2825,-4.4067],[-80.2867,-4.4105],[-80.2856,-4.4165],[-80.2952,-4.4209],[-80.2965,-4.427],[-80.2903,-4.4356],[-80.3029,-4.4407],[-80.3081,-4.4511],[-80.3204,-4.4523],[-80.3273,-4.4591],[-80.3293,-4.4653],[-80.3369,-4.466],[-80.3486,-4.4719],[-80.3559,-4.4727],[-80.365,-4.4806],[-80.3818,-4.4782],[-80.3884,-4.4861],[-80.397,-4.481],[-80.3962,-4.4762],[-80.4022,-4.4698],[-80.4149,-4.4612],[-80.4244,-4.4602],[-80.4404,-4.4554],[-80.4452,-4.4464],[-80.4455,-4.4388],[-80.4514,-4.4266],[-80.4492,-4.4199],[-80.4538,-4.409],[-80.4477,-4.4028],[-80.4519,-4.3992],[-80.449,-4.3928],[-80.4537,-4.3888],[-80.4534,-4.3825],[-80.4452,-4.371],[-80.4431,-4.3649],[-80.4357,-4.3625],[-80.428,-4.338],[-80.4121,-4.3161],[-80.3974,-4.3015],[-80.3912,-4.2984],[-80.3857,-4.2909],[-80.3803,-4.2907],[-80.3675,-4.2802],[-80.3686,-4.2723],[-80.3531,-4.2587],[-80.3526,-4.2515],[-80.3428,-4.2423],[-80.3316,-4.2254],[-80.3209,-4.2152],[-80.3146,-4.2112],[-80.3073,-4.2023],[-80.3132,-4.1983],[-80.3185,-4.2053],[-80.3294,-4.2146],[-80.3394,-4.2085],[-80.3472,-4.2124],[-80.3478,-4.218],[-80.3539,-4.2206],[-80.3657,-4.206],[-80.3652,-4.2004],[-80.372,-4.1978],[-80.383,-4.2073],[-80.3885,-4.2028],[-80.4101,-4.2181],[-80.4164,-4.2126],[-80.4183,-4.2046],[-80.4337,-4.1962],[-80.4453,-4.2031],[-80.4502,-4.2096],[-80.45,-4.1703],[-80.449,-4.1248],[-80.4564,-4.1244],[-80.4614,-4.1282],[-80.4672,-4.1265],[-80.4627,-4.1195],[-80.4689,-4.1088],[-80.4773,-4.1029],[-80.4778,-4.0936],[-80.4844,-4.0902],[-80.4805,-4.0796],[-80.486,-4.0829],[-80.5109,-4.0936],[-80.5172,-4.098],[-80.5243,-4.1074],[-80.5264,-4.1204],[-80.533,-4.1217],[-80.5389,-4.1327],[-80.5405,-4.1405],[-80.5456,-4.1462],[-80.552,-4.1579],[-80.559,-4.1611],[-80.5577,-4.1682],[-80.5608,-4.1747],[-80.5724,-4.1812],[-80.5734,-4.1875],[-80.5872,-4.1995],[-80.5907,-4.207],[-80.5898,-4.2141],[-80.6012,-4.2132],[-80.6087,-4.2171],[-80.6113,-4.2254],[-80.6232,-4.2318],[-80.6327,-4.228],[-80.6452,-4.2296],[-80.6599,-4.2179],[-80.6725,-4.2105],[-80.6804,-4.2008],[-80.689,-4.1966],[-80.7003,-4.1878],[-80.7091,-4.1891],[-80.7187,-4.1942],[-80.7282,-4.1867],[-80.7334,-4.1789],[-80.7422,-4.1818],[-80.7487,-4.1774],[-80.7598,-4.1789],[-80.763,-4.1749],[-80.7804,-4.1757],[-80.7902,-4.1802],[-80.8033,-4.176],[-80.824,-4.1856],[-80.8505,-4.191],[-80.8657,-4.1889],[-80.8699,-4.1919],[-80.8828,-4.1928],[-80.8889,-4.1866],[-80.8974,-4.1844],[-80.9008,-4.1794],[-80.916,-4.175],[-80.9201,-4.1707],[-80.9283,-4.169],[-80.9315,-4.1767],[-80.9382,-4.1771],[-80.9427,-4.169],[-80.9547,-4.1734],[-80.9676,-4.1726],[-80.9708,-4.1669],[-80.9619,-4.1505],[-80.968,-4.1409],[-80.9713,-4.1271],[-80.9789,-4.1268],[-80.9878,-4.1171],[-80.9935,-4.1176],[-81.0007,-4.1112],[-81.012,-4.1142],[-81.0199,-4.1122],[-81.0289,-4.1052],[-81.0317,-4.1001],[-81.0439,-4.0861],[-81.0544,-4.1033],[-81.0656,-4.11],[-81.0747,-4.1108],[-81.089,-4.1189],[-81.1006,-4.1289],[-81.1261,-4.1709],[-81.1338,-4.1782],[-81.1429,-4.1779],[-81.1486,-4.1813],[-81.1534,-4.1889],[-81.1693,-4.2091],[-81.1768,-4.2165],[-81.1862,-4.2185],[-81.1939,-4.2245],[-81.2041,-4.2273],[-81.2107,-4.2333],[-81.2195,-4.2451],[-81.224,-4.2482],[-81.2385,-4.2506],[-81.2535,-4.2745],[-81.2563,-4.2978],[-81.2608,-4.3094],[-81.2531,-4.3275],[-81.2493,-4.3548],[-81.2525,-4.373],[-81.2523,-4.3927],[-81.2553,-4.4026],[-81.261,-4.4071],[-81.2609,-4.414],[-81.2647,-4.4219],[-81.2648,-4.4282],[-81.2729,-4.4431],[-81.2817,-4.4535],[-81.2901,-4.4528],[-81.2994,-4.4644],[-81.2984,-4.4723],[-81.3045,-4.48],[-81.3016,-4.4912],[-81.2979,-4.4962],[-81.2898,-4.5133],[-81.2824,-4.5252],[-81.2831,-4.534],[-81.2784,-4.5466],[-81.2795,-4.5561],[-81.2745,-4.5702],[-81.2798,-4.5755],[-81.2864,-4.5754],[-81.287,-4.5862],[-81.2929,-4.5945],[-81.2953,-4.6039],[-81.2947,-4.6172],[-81.2981,-4.6241],[-81.3004,-4.6361],[-81.3037,-4.6412],[-81.3096,-4.6618],[-81.3196,-4.6696],[-81.327,-4.6689],[-81.3281,-4.6819],[-81.3151,-4.6988],[-81.2852,-4.7317],[-81.2421,-4.7816],[-81.2158,-4.8104],[-81.1766,-4.8554],[-81.1548,-4.8843],[-81.1422,-4.9076],[-81.1354,-4.9158],[-81.1196,-4.9308],[-81.0977,-4.9535],[-81.0864,-4.9673],[-81.0805,-4.9772],[-81.0667,-5.0053],[-81.0624,-5.0206],[-81.0602,-5.0393],[-81.0625,-5.0503],[-81.0665,-5.0525],[-81.0754,-5.0697],[-81.0814,-5.0718],[-81.0907,-5.0817],[-81.1013,-5.0817],[-81.1132,-5.0845],[-81.1279,-5.0698],[-81.1332,-5.0703],[-81.1419,-5.0771],[-81.1493,-5.0793],[-81.16,-5.0727],[-81.1714,-5.0883],[-81.1674,-5.0918],[-81.1603,-5.1113],[-81.1605,-5.1234],[-81.1698,-5.1318],[-81.179,-5.1322],[-81.1762,-5.1419],[-81.1717,-5.1462],[-81.1676,-5.1564],[-81.1674,-5.1671],[-81.1736,-5.1841],[-81.185,-5.1938],[-81.1901,-5.2004],[-81.1948,-5.2115],[-81.1928,-5.217],[-81.1843,-5.2227],[-81.1673,-5.2379],[-81.1504,-5.2549],[-81.15,-5.2581],[-81.1381,-5.2636],[-81.1309,-5.2735],[-81.1262,-5.2864],[-81.1185,-5.2919],[-81.1144,-5.2988],[-81.1082,-5.3147],[-81.1011,-5.3143],[-81.0918,-5.3084],[-81.0782,-5.3132],[-81.053,-5.331],[-81.0285,-5.3526],[-81.0106,-5.3702],[-80.9719,-5.4123],[-80.9585,-5.4231],[-80.9495,-5.433],[-80.9302,-5.4575],[-80.9116,-5.4857],[-80.8976,-5.5115],[-80.8923,-5.5288],[-80.8815,-5.55],[-80.8725,-5.5715],[-80.8663,-5.5902],[-80.8621,-5.609],[-80.8551,-5.6252],[-80.8525,-5.6355],[-80.8502,-5.6636],[-80.8515,-5.69],[-80.8539,-5.7166],[-80.8564,-5.7317],[-80.8612,-5.7497],[-80.8718,-5.7694],[-80.8763,-5.7752],[-80.8819,-5.7876],[-80.8849,-5.7981],[-80.8915,-5.8098],[-80.9046,-5.8243],[-80.922,-5.8369],[-80.9431,-5.8457],[-80.9542,-5.8462],[-80.9606,-5.8433],[-80.9675,-5.8447],[-80.9765,-5.8384],[-80.9891,-5.8382],[-80.992,-5.8328],[-81.002,-5.8359],[-81.0135,-5.8301],[-81.0217,-5.8306],[-81.0341,-5.8238],[-81.0423,-5.8171],[-81.0586,-5.7933],[-81.0684,-5.7857],[-81.0801,-5.7896],[-81.0844,-5.7948],[-81.0828,-5.8064],[-81.0878,-5.8209],[-81.0924,-5.8263],[-81.0975,-5.8382],[-81.1069,-5.8446],[-81.1126,-5.8411],[-81.1224,-5.8422],[-81.1244,-5.854],[-81.1285,-5.8645],[-81.1383,-5.8779],[-81.1493,-5.8892],[-81.1458,-5.8988],[-81.1461,-5.9156],[-81.145,-5.9312],[-81.1496,-5.9476],[-81.1451,-5.9703],[-81.1493,-5.9812],[-81.1404,-6.0067],[-81.1316,-6.0228],[-81.1173,-6.0403],[-81.114,-6.0479],[-81.1148,-6.0546],[-81.1115,-6.0619],[-81.098,-6.0768],[-81.0916,-6.082],[-81.0511,-6.1086],[-81.0074,-6.1329],[-80.9878,-6.1454],[-80.9645,-6.1588],[-80.9131,-6.1906],[-80.8945,-6.2033],[-80.8611,-6.2288],[-80.8233,-6.2638],[-80.7979,-6.289],[-80.7791,-6.3018],[-80.7569,-6.3122],[-80.7099,-6.3301],[-80.6599,-6.3545],[-80.6271,-6.3721],[-80.5458,-6.2547],[-80.5315,-6.2335],[-80.5027,-6.1924],[-80.4965,-6.1823],[-80.4602,-6.1298],[-80.4523,-6.119],[-80.3762,-6.007],[-80.3685,-5.9966],[-80.3546,-5.9859],[-80.3501,-5.9715],[-80.3347,-5.9539],[-80.3274,-5.9474],[-80.2918,-5.926],[-80.2696,-5.917],[-80.2552,-5.9144],[-80.2173,-5.9039],[-80.2047,-5.8981],[-80.1989,-5.893],[-80.1667,-5.8924],[-80.1499,-5.8893],[-80.1309,-5.8887],[-80.1238,-5.8913],[-80.1204,-5.8726],[-80.1061,-5.8674],[-80.0928,-5.8524],[-80.08,-5.8353],[-80.0697,-5.8276],[-80.0647,-5.8211],[-80.0582,-5.8191],[-80.0504,-5.808],[-80.041,-5.8006],[-80.0218,-5.769],[-80.007,-5.7644],[-79.9948,-5.7519],[-79.9963,-5.7394],[-79.9939,-5.7334],[-79.9949,-5.7245],[-79.9877,-5.7108],[-79.9825,-5.6906],[-79.982,-5.6786],[-79.9768,-5.6694],[-79.9748,-5.661],[-79.9699,-5.6538],[-79.9749,-5.6441],[-79.9735,-5.6147],[-79.9709,-5.6027],[-79.969,-5.5822],[-79.9605,-5.5816],[-79.9557,-5.541],[-79.9523,-5.5271],[-79.9459,-5.515],[-79.9387,-5.5167],[-79.9325,-5.5054],[-79.9214,-5.5022],[-79.9031,-5.4914],[-79.9018,-5.4813],[-79.8954,-5.4821],[-79.8827,-5.4941],[-79.879,-5.4993],[-79.8775,-5.5096],[-79.8674,-5.5206],[-79.8623,-5.5213],[-79.854,-5.5318],[-79.8641,-5.5487],[-79.8644,-5.5634],[-79.8584,-5.5713],[-79.8601,-5.5753],[-79.8576,-5.5875],[-79.8527,-5.5951],[-79.8538,-5.5991],[-79.8447,-5.6179],[-79.8329,-5.6455],[-79.8276,-5.6449],[-79.8245,-5.6547],[-79.8182,-5.6646],[-79.8151,-5.6561],[-79.805,-5.6464],[-79.7869,-5.6466],[-79.7776,-5.6589],[-79.7702,-5.6592],[-79.7615,-5.669],[-79.7509,-5.6752],[-79.7454,-5.6758],[-79.7455,-5.686],[-79.7593,-5.6963],[-79.7664,-5.7083],[-79.7584,-5.712],[-79.7493,-5.7097],[-79.7438,-5.7135],[-79.744,-5.7189],[-79.7365,-5.7214],[-79.7173,-5.7393],[-79.7201,-5.7466],[-79.7178,-5.7504],[-79.7274,-5.7819],[-79.7345,-5.7874],[-79.7332,-5.7945],[-79.7393,-5.7996],[-79.7381,-5.8088],[-79.7419,-5.819],[-79.7378,-5.8267],[-79.7373,-5.8377],[-79.731,-5.839],[-79.7126,-5.838],[-79.6981,-5.8464],[-79.689,-5.848],[-79.6827,-5.8464],[-79.6699,-5.8355],[-79.662,-5.8342],[-79.6594,-5.8272],[-79.6514,-5.816],[-79.6365,-5.81],[-79.6288,-5.796],[-79.6214,-5.7998],[-79.6206,-5.8097],[-79.624,-5.8235],[-79.6314,-5.829],[-79.6278,-5.8448],[-79.6287,-5.8516],[-79.6352,-5.8522],[-79.6369,-5.8579],[-79.6299,-5.863],[-79.6256,-5.8758],[-79.6264,-5.8874],[-79.6135,-5.8951],[-79.6118,-5.9026],[-79.6134,-5.9101],[-79.6093,-5.9178],[-79.6111,-5.9235],[-79.6004,-5.9396],[-79.5937,-5.9338],[-79.587,-5.9384],[-79.5792,-5.9354],[-79.5715,-5.9378],[-79.5638,-5.9339],[-79.5524,-5.9375],[-79.5517,-5.9329],[-79.543,-5.9251],[-79.5315,-5.9207],[-79.5276,-5.9129],[-79.5207,-5.9128],[-79.5173,-5.917],[-79.4989,-5.9152],[-79.4891,-5.9209],[-79.4701,-5.9281],[-79.4663,-5.9329],[-79.4629,-5.9444],[-79.4355,-5.9553],[-79.4186,-5.9701],[-79.3984,-5.9499],[-79.3802,-5.9401],[-79.3674,-5.9372],[-79.3609,-5.929],[-79.3623,-5.926],[-79.3547,-5.913],[-79.3341,-5.8936],[-79.3404,-5.8878],[-79.3388,-5.8821],[-79.3525,-5.873],[-79.352,-5.863],[-79.3577,-5.8435],[-79.3622,-5.8423],[-79.3695,-5.8343],[-79.3751,-5.8221],[-79.3776,-5.8122],[-79.3751,-5.8098],[-79.3765,-5.7991],[-79.3845,-5.7966],[-79.3898,-5.7911],[-79.3928,-5.779],[-79.3976,-5.7732],[-79.4007,-5.7495],[-79.3987,-5.7423],[-79.3998,-5.7319],[-79.3968,-5.7226],[-79.399,-5.7087],[-79.3983,-5.7005],[-79.3866,-5.686],[-79.3859,-5.6739],[-79.383,-5.6683],[-79.3851,-5.658],[-79.3781,-5.6467],[-79.3809,-5.6308],[-79.3778,-5.6259],[-79.3756,-5.6062],[-79.3721,-5.6036],[-79.3807,-5.5876],[-79.3805,-5.5715],[-79.3837,-5.5623],[-79.3933,-5.5515],[-79.3983,-5.537],[-79.395,-5.5281],[-79.3871,-5.5219],[-79.3731,-5.5242],[-79.3675,-5.5284],[-79.3521,-5.5271],[-79.3362,-5.5299],[-79.329,-5.5351],[-79.3191,-5.5305],[-79.3101,-5.5198],[-79.3045,-5.523],[-79.2933,-5.5251],[-79.2821,-5.525],[-79.2724,-5.519],[-79.2732,-5.5116],[-79.2787,-5.5033],[-79.2822,-5.491],[-79.281,-5.4855],[-79.2876,-5.4798],[-79.2918,-5.4684],[-79.2956,-5.4671],[-79.2977,-5.4581],[-79.2945,-5.4378],[-79.3042,-5.4281],[-79.3058,-5.4207],[-79.3044,-5.3918],[-79.3066,-5.3804],[-79.3101,-5.375],[-79.3084,-5.3647],[-79.3197,-5.3623],[-79.3258,-5.3485],[-79.3254,-5.341],[-79.3304,-5.3254],[-79.3281,-5.3159],[-79.3329,-5.3098],[-79.3437,-5.3077],[-79.3455,-5.2999],[-79.359,-5.2886],[-79.3594,-5.2729],[-79.3529,-5.2682],[-79.347,-5.2499],[-79.3492,-5.2455],[-79.3487,-5.2326],[-79.3549,-5.2241],[-79.3683,-5.2134],[-79.3742,-5.1949],[-79.3784,-5.1905],[-79.3728,-5.1845],[-79.3675,-5.1745],[-79.3625,-5.1741],[-79.3536,-5.1669],[-79.3433,-5.1654],[-79.3412,-5.1407],[-79.3297,-5.1234],[-79.3223,-5.1169],[-79.3116,-5.1135],[-79.2944,-5.1105],[-79.2841,-5.0937],[-79.2764,-5.0718],[-79.2791,-5.0652],[-79.2771,-5.0553],[-79.2791,-5.0444],[-79.2741,-5.0389],[-79.2592,-5.0411],[-79.2516,-5.0545],[-79.2482,-5.0545],[-79.2473,-5.0351],[-79.2456,-5.0302],[-79.2473,-5.0182],[-79.2451,-5.0014],[-79.2194,-4.9889],[-79.2118,-4.9762],[-79.2103,-4.9651]]]},"properties":{"shapeName":"Piura","shapeISO":"PE-PIU","shapeID":"20122684B64905170843812","shapeGroup":"PER","shapeType":"ADM1"}},
{"type":"Feature","geometry":{"type":"MultiPolygon","coordinates":[[[[-80.4805,-4.0796],[-80.4743,-4.0797],[-80.4719,-4.0728],[-80.4763,-4.0653],[-80.4739,-4.0593],[-80.4805,-4.0533],[-80.4698,-4.047],[-80.4691,-4.0379],[-80.4596,-4.037],[-80.4506,-4.0298],[-80.4516,-4.0236],[-80.4465,-4.0171],[-80.4476,-4.0095],[-80.442,-4.0067],[-80.4465,-3.9984],[-80.4299,-3.9901],[-80.4234,-3.9957],[-80.419,-3.9904],[-80.4124,-3.9914],[-80.4021,-3.9826],[-80.3977,-3.9825],[-80.3904,-3.989],[-80.3749,-3.9897],[-80.3678,-3.9826],[-80.358,-3.9874],[-80.3542,-3.9946],[-80.3428,-3.9961],[-80.3384,-3.9929],[-80.3239,-4.0114],[-80.3084,-4.0126],[-80.2992,-4.0174],[-80.2898,-4.0114],[-80.2729,-4.0081],[-80.2636,-4.0005],[-80.2565,-3.9897],[-80.2552,-3.9808],[-80.251,-3.9782],[-80.2478,-3.9699],[-80.2429,-3.969],[-80.2401,-3.9553],[-80.2334,-3.9483],[-80.2295,-3.9545],[-80.22,-3.9518],[-80.2158,-3.9561],[-80.1982,-3.9455],[-80.1891,-3.9377],[-80.1865,-3.9292],[-80.1804,-3.9251],[-80.1738,-3.9264],[-80.1638,-3.9218],[-80.1577,-3.9132],[-80.1401,-3.9132],[-80.1383,-3.9074],[-80.1267,-3.8944],[-80.1293,-3.8912],[-80.1484,-3.881],[-80.1586,-3.8716],[-80.1549,-3.8577],[-80.1547,-3.8478],[-80.16,-3.8393],[-80.1625,-3.8271],[-80.1592,-3.809],[-80.1718,-3.7914],[-80.1762,-3.7933],[-80.182,-3.7854],[-80.1853,-3.7755],[-80.1928,-3.7751],[-80.1886,-3.7629],[-80.1922,-3.7545],[-80.189,-3.7521],[-80.1883,-3.7429],[-80.1815,-3.7417],[-80.1802,-3.7279],[-80.1856,-3.7207],[-80.1853,-3.7157],[-80.1938,-3.7086],[-80.1946,-3.7008],[-80.1995,-3.6888],[-80.1922,-3.6771],[-80.1921,-3.6683],[-80.1857,-3.6482],[-80.1868,-3.6316],[-80.1899,-3.6262],[-80.1981,-3.6217],[-80.1905,-3.612],[-80.1917,-3.5974],[-80.1986,-3.5918],[-80.2088,-3.594],[-80.212,-3.5919],[-80.2181,-3.5754],[-80.2119,-3.5692],[-80.2087,-3.5533],[-80.2089,-3.5409],[-80.2067,-3.5345],[-80.2115,-3.5306],[-80.2179,-3.5112],[-80.2151,-3.5046],[-80.2192,-3.4994],[-80.2294,-3.5017],[-80.2332,-3.4892],[-80.2458,-3.4858],[-80.2399,-3.4773],[-80.2432,-3.4666],[-80.2412,-3.4615],[-80.2322,-3.4517],[-80.2218,-3.446],[-80.2218,-3.4374],[-80.2298,-3.4355],[-80.2299,-3.4388],[-80.2317,-3.4394],[-80.2346,-3.4375],[-80.2367,-3.4389],[-80.2385,-3.4391],[-80.2404,-3.4383],[-80.247,-3.4394],[-80.2555,-3.4442],[-80.2629,-3.4424],[-80.2734,-3.4436],[-80.2797,-3.4405],[-80.2834,-3.4335],[-80.2944,-3.4295],[-80.3049,-3.4092],[-80.3029,-3.402],[-80.3085,-3.3983],[-80.3191,-3.4231],[-80.3302,-3.4413],[-80.3471,-3.4625],[-80.3622,-3.4759],[-80.3705,-3.4808],[-80.3788,-3.4943],[-80.403,-3.5058],[-80.4151,-3.5098],[-80.4121,-3.4972],[-80.4188,-3.4933],[-80.4274,-3.4954],[-80.4419,-3.4961],[-80.4461,-3.4986],[-80.4545,-3.4952],[-80.4595,-3.5015],[-80.4638,-3.5012],[-80.4606,-3.4868],[-80.4741,-3.4966],[-80.481,-3.4967],[-80.5036,-3.5051],[-80.5106,-3.5134],[-80.5247,-3.549],[-80.533,-3.5628],[-80.5365,-3.5714],[-80.5506,-3.5964],[-80.5663,-3.6184],[-80.5758,-3.6295],[-80.5844,-3.6355],[-80.595,-3.6368],[-80.6027,-3.6353],[-80.6074,-3.6387],[-80.6215,-3.6565],[-80.6272,-3.662],[-80.636,-3.6663],[-80.6583,-3.667],[-80.666,-3.6752],[-80.6827,-3.6784],[-80.7129,-3.7002],[-80.732,-3.7117],[-80.7357,-3.711],[-80.7476,-3.7176],[-80.7545,-3.7183],[-80.7669,-3.7312],[-80.7736,-3.7409],[-80.7829,-3.7447],[-80.7942,-3.7591],[-80.8119,-3.7963],[-80.8292,-3.8372],[-80.833,-3.853],[-80.8322,-3.8686],[-80.8342,-3.8745],[-80.845,-3.8831],[-80.8573,-3.8954],[-80.8708,-3.8989],[-80.8836,-3.9079],[-80.8888,-3.9141],[-80.9126,-3.9282],[-80.9377,-3.9444],[-80.9429,-3.9457],[-80.9539,-3.9548],[-80.9646,-3.9592],[-80.9742,-3.9779],[-80.9868,-3.9847],[-81.0019,-4.0227],[-81.0111,-4.0418],[-81.0219,-4.0537],[-81.0315,-4.0691],[-81.0439,-4.0861],[-81.0317,-4.1001],[-81.0289,-4.1052],[-81.0199,-4.1122],[-81.012,-4.1142],[-81.0007,-4.1112],[-80.9935,-4.1176],[-80.9878,-4.1171],[-80.9789,-4.1268],[-80.9713,-4.1271],[-80.968,-4.1409],[-80.9619,-4.1505],[-80.9708,-4.1669],[-80.9676,-4.1726],[-80.9547,-4.1734],[-80.9427,-4.169],[-80.9382,-4.1771],[-80.9315,-4.1767],[-80.9283,-4.169],[-80.9201,-4.1707],[-80.916,-4.175],[-80.9008,-4.1794],[-80.8974,-4.1844],[-80.8889,-4.1866],[-80.8828,-4.1928],[-80.8699,-4.1919],[-80.8657,-4.1889],[-80.8505,-4.191],[-80.824,-4.1856],[-80.8033,-4.176],[-80.7902,-4.1802],[-80.7804,-4.1757],[-80.763,-4.1749],[-80.7598,-4.1789],[-80.7487,-4.1774],[-80.7422,-4.1818],[-80.7334,-4.1789],[-80.7282,-4.1867],[-80.7187,-4.1942],[-80.7091,-4.1891],[-80.7003,-4.1878],[-80.689,-4.1966],[-80.6804,-4.2008],[-80.6725,-4.2105],[-80.6599,-4.2179],[-80.6452,-4.2296],[-80.6327,-4.228],[-80.6232,-4.2318],[-80.6113,-4.2254],[-80.6087,-4.2171],[-80.6012,-4.2132],[-80.5898,-4.2141],[-80.5907,-4.207],[-80.5872,-4.1995],[-80.5734,-4.1875],[-80.5724,-4.1812],[-80.5608,-4.1747],[-80.5577,-4.1682],[-80.559,-4.1611],[-80.552,-4.1579],[-80.5456,-4.1462],[-80.5405,-4.1405],[-80.5389,-4.1327],[-80.533,-4.1217],[-80.5264,-4.1204],[-80.5243,-4.1074],[-80.5172,-4.098],[-80.5109,-4.0936],[-80.486,-4.0829],[-80.4805,-4.0796]]],[[[-80.2302,-3.4351],[-80.2357,-3.4268],[-80.2598,-3.429],[-80.2651,-3.4249],[-80.2801,-3.43],[-80.2803,-3.4377],[-80.2752,-3.442],[-80.2624,-3.4423],[-80.2564,-3.4439],[-80.2518,-3.4412],[-80.2444,-3.4382],[-80.2401,-3.4378],[-80.2379,-3.4387],[-80.2357,-3.4374],[-80.2338,-3.4371],[-80.2304,-3.4382],[-80.2302,-3.4351]]],[[[-80.2702,-3.423],[-80.2638,-3.4228],[-80.255,-3.4265],[-80.2418,-3.4238],[-80.2488,-3.4177],[-80.2623,-3.4136],[-80.2732,-3.4168],[-80.2862,-3.414],[-80.2868,-3.4205],[-80.2791,-3.4246],[-80.2702,-3.423]]]]},"properties":{"shapeName":"Tumbes","shapeISO":"PE-TUM","shapeID":"20122684B6411660434369","shapeGroup":"PER","shapeType":"ADM1"}},
{"type":"Feature","geometry":{"type":"Polygon","coordinates":[[[-73.983,-7.5344],[-73.9662,-7.5301],[-73.9542,-7.5294],[-73.9428,-7.5337],[-73.9301,-7.5116],[-73.9196,-7.5058],[-73.9173,-7.5006],[-73.9223,-7.4904],[-73.9222,-7.4788],[-73.9113,-7.4758],[-73.9107,-7.4659],[-73.9167,-7.4563],[-73.9169,-7.4445],[-73.9251,-7.4281],[-73.9232,-7.418],[-73.9392,-7.4067],[-73.9408,-7.3939],[-73.9554,-7.3684],[-73.9503,-7.357],[-73.9459,-7.3586],[-73.9424,-7.3673],[-73.9336,-7.3763],[-73.9237,-7.3622],[-73.9188,-7.3632],[-73.9152,-7.3711],[-73.9067,-7.3734],[-73.9063,-7.3843],[-73.8965,-7.3863],[-73.8892,-7.3793],[-73.8855,-7.3797],[-73.8735,-7.3875],[-73.8616,-7.3881],[-73.8573,-7.3744],[-73.8572,-7.3628],[-73.854,-7.355],[-73.836,-7.3514],[-73.8308,-7.3522],[-73.8187,-7.3382],[-73.8047,-7.3413],[-73.7952,-7.3471],[-73.789,-7.3477],[-73.7814,-7.3387],[-73.7708,-7.3392],[-73.7616,-7.3369],[-73.7535,-7.3399],[-73.7546,-7.3538],[-73.7319,-7.3425],[-73.7226,-7.3412],[-73.7081,-7.3223],[-73.6999,-7.3211],[-73.6955,-7.311],[-73.6949,-7.2991],[-73.6989,-7.2907],[-73.7038,-7.2884],[-73.7154,-7.2749],[-73.715,-7.2635],[-73.7091,-7.2463],[-73.7126,-7.2393],[-73.7211,-7.236],[-73.7166,-7.2276],[-73.7242,-7.2224],[-73.7312,-7.2222],[-73.7342,-7.2175],[-73.7435,-7.2168],[-73.7425,-7.2107],[-73.7521,-7.2064],[-73.7482,-7.2013],[-73.7561,-7.1954],[-73.7566,-7.1733],[-73.7641,-7.1731],[-73.77,-7.1684],[-73.769,-7.1549],[-73.7883,-7.1457],[-73.7819,-7.1337],[-73.7841,-7.1279],[-73.7941,-7.1301],[-73.794,-7.1188],[-73.7984,-7.1131],[-73.784,-7.1036],[-73.7877,-7.0939],[-73.771,-7.0718],[-73.7619,-7.0625],[-73.757,-7.0454],[-73.7624,-7.0392],[-73.7614,-7.023],[-73.7563,-7.0163],[-73.7615,-7.0045],[-73.7581,-7.0018],[-73.7575,-6.988],[-73.7612,-6.9786],[-73.7459,-6.9689],[-73.745,-6.962],[-73.7491,-6.9541],[-73.7572,-6.948],[-73.7613,-6.9401],[-73.7583,-6.9317],[-73.7523,-6.9262],[-73.7475,-6.9177],[-73.7473,-6.9095],[-73.7365,-6.8994],[-73.7267,-6.888],[-73.724,-6.8873],[-73.7195,-6.8666],[-73.7143,-6.8638],[-73.7138,-6.8546],[-73.7105,-6.8402],[-73.696,-6.8379],[-73.6905,-6.8328],[-73.6837,-6.8163],[-73.6661,-6.805],[-73.666,-6.8001],[-73.6537,-6.7868],[-73.6526,-6.7805],[-73.6438,-6.7739],[-73.6437,-6.7646],[-73.6371,-6.7546],[-73.6218,-6.7506],[-73.6225,-6.7457],[-73.6163,-6.7406],[-73.61,-6.7398],[-73.6033,-6.732],[-73.5958,-6.7311],[-73.5866,-6.7236],[-73.584,-6.7245],[-73.5617,-6.7215],[-73.5543,-6.7043],[-73.5398,-6.6938],[-73.5398,-6.6858],[-73.5292,-6.6842],[-73.5208,-6.6761],[-73.5076,-6.673],[-73.4972,-6.6742],[-73.4833,-6.6732],[-73.4814,-6.668],[-73.4658,-6.6677],[-73.4513,-6.6622],[-73.4403,-6.6519],[-73.4228,-6.6523],[-73.4157,-6.6435],[-73.409,-6.6418],[-73.392,-6.6416],[-73.382,-6.6297],[-73.3819,-6.6212],[-73.362,-6.6062],[-73.3524,-6.5933],[-73.3372,-6.5924],[-73.3293,-6.5978],[-73.3245,-6.594],[-73.319,-6.5955],[-73.3027,-6.5923],[-73.2968,-6.5971],[-73.2928,-6.5881],[-73.2757,-6.5852],[-73.2677,-6.5877],[-73.2555,-6.5858],[-73.2496,-6.5814],[-73.2448,-6.5847],[-73.2315,-6.5857],[-73.2299,-6.5729],[-73.2176,-6.5643],[-73.2116,-6.5769],[-73.1994,-6.5694],[-73.1966,-6.5623],[-73.2029,-6.5597],[-73.2032,-6.5537],[-73.1948,-6.5556],[-73.1873,-6.5414],[-73.1802,-6.5407],[-73.1757,-6.535],[-73.1793,-6.5299],[-73.1877,-6.5289],[-73.1876,-6.5228],[-73.173,-6.5278],[-73.171,-6.518],[-73.163,-6.5247],[-73.152,-6.5273],[-73.1489,-6.5138],[-73.1372,-6.5135],[-73.1337,-6.5062],[-73.136,-6.4995],[-73.132,-6.4968],[-73.1374,-6.4899],[-73.1353,-6.4839],[-73.1279,-6.4769],[-73.1298,-6.4647],[-73.1185,-6.4639],[-73.1117,-6.4469],[-73.1137,-6.4398],[-73.121,-6.4314],[-73.1155,-6.4216],[-73.109,-6.4221],[-73.1038,-6.4114],[-73.1058,-6.4044],[-73.1155,-6.3944],[-73.1178,-6.3894],[-73.1298,-6.3885],[-73.1368,-6.3566],[-73.1433,-6.3516],[-73.1444,-6.3392],[-73.1507,-6.3371],[-73.1474,-6.3245],[-73.1566,-6.3268],[-73.1562,-6.3158],[-73.1596,-6.3031],[-73.1569,-6.2982],[-73.1634,-6.2893],[-73.1607,-6.2767],[-73.1716,-6.2702],[-73.1817,-6.2575],[-73.1863,-6.2623],[-73.1934,-6.2498],[-73.1932,-6.243],[-73.1981,-6.2402],[-73.2024,-6.2316],[-73.2074,-6.2292],[-73.2086,-6.2195],[-73.2142,-6.2225],[-73.2203,-6.2196],[-73.2193,-6.2137],[-73.2112,-6.2017],[-73.2161,-6.1974],[-73.2146,-6.1887],[-73.2209,-6.1769],[-73.2355,-6.1633],[-73.2386,-6.1561],[-73.244,-6.1544],[-73.2467,-6.1383],[-73.2499,-6.1331],[-73.2489,-6.1223],[-73.2434,-6.1087],[-73.2438,-6.103],[-73.2364,-6.0902],[-73.2379,-6.0767],[-73.229,-6.0782],[-73.2296,-6.0679],[-73.2345,-6.063],[-73.2288,-6.0552],[-73.2285,-6.0429],[-73.2376,-6.043],[-73.2222,-6.0292],[-73.2101,-6.0228],[-73.2153,-6.0162],[-73.1933,-6.0057],[-73.1867,-6.0041],[-73.1881,-5.9972],[-73.1942,-5.9906],[-73.1773,-5.9709],[-73.1788,-5.9618],[-73.183,-5.9618],[-73.1855,-5.9501],[-73.1806,-5.9291],[-73.1717,-5.9293],[-73.172,-5.9212],[-73.1657,-5.9116],[-73.1671,-5.8965],[-73.154,-5.8875],[-73.1586,-5.8806],[-73.1521,-5.868],[-73.1418,-5.8673],[-73.1341,-5.8642],[-73.1272,-5.8692],[-73.1235,-5.8584],[-73.1125,-5.8596],[-73.1153,-5.8422],[-73.1142,-5.8332],[-73.1089,-5.8285],[-73.0944,-5.8263],[-73.0954,-5.8212],[-73.0839,-5.8125],[-73.0798,-5.8012],[-73.0573,-5.7965],[-73.0548,-5.7891],[-73.0491,-5.7832],[-73.0508,-5.7791],[-73.0437,-5.7737],[-73.0483,-5.7675],[-73.0461,-5.7589],[-73.04,-5.7527],[-73.0196,-5.7409],[-73.0211,-5.7319],[-73.0071,-5.7326],[-73.0021,-5.7188],[-72.9967,-5.7198],[-72.9997,-5.7086],[-72.9984,-5.7006],[-72.9923,-5.6955],[-72.9842,-5.6935],[-72.9858,-5.6852],[-72.9836,-5.6776],[-72.9894,-5.6749],[-72.9894,-5.6678],[-72.9849,-5.6611],[-72.9747,-5.6609],[-72.9705,-5.6565],[-72.9639,-5.6621],[-72.959,-5.6564],[-72.9669,-5.6351],[-72.9653,-5.6285],[-72.9674,-5.6209],[-72.9737,-5.6134],[-72.9667,-5.5989],[-72.9587,-5.5903],[-72.9564,-5.5841],[-72.9607,-5.5789],[-72.9609,-5.5722],[-72.9539,-5.5658],[-72.9573,-5.5582],[-72.9496,-5.5475],[-72.9421,-5.5454],[-72.9402,-5.54],[-72.9513,-5.5374],[-72.9546,-5.5231],[-72.9588,-5.5231],[-72.9579,-5.5119],[-72.9621,-5.5054],[-72.9616,-5.4961],[-72.957,-5.4874],[-72.9496,-5.4816],[-72.9579,-5.4721],[-72.9579,-5.4644],[-72.9462,-5.4543],[-72.9464,-5.4393],[-72.9416,-5.4401],[-72.9371,-5.4347],[-72.9391,-5.4299],[-72.9353,-5.4241],[-72.9388,-5.4196],[-72.9247,-5.4081],[-72.9269,-5.3976],[-72.9216,-5.3965],[-72.9208,-5.3863],[-72.9168,-5.3843],[-72.9186,-5.3748],[-72.9069,-5.3702],[-72.9106,-5.362],[-72.9023,-5.3518],[-72.8975,-5.35],[-72.8957,-5.325],[-72.8908,-5.3256],[-72.8851,-5.318],[-72.8868,-5.3139],[-72.8827,-5.3073],[-72.8672,-5.2901],[-72.8682,-5.2827],[-72.8648,-5.2784],[-72.8686,-5.2555],[-72.8671,-5.237],[-72.864,-5.2346],[-72.8692,-5.2186],[-72.8646,-5.2118],[-72.8712,-5.2071],[-72.8693,-5.1962],[-72.8758,-5.1931],[-72.8715,-5.1863],[-72.8697,-5.1782],[-72.8842,-5.1753],[-72.8879,-5.1658],[-72.8762,-5.1536],[-72.8666,-5.1518],[-72.8605,-5.1409],[-72.8509,-5.136],[-72.8479,-5.1459],[-72.8371,-5.1437],[-72.8329,-5.1385],[-72.8273,-5.1441],[-72.8246,-5.1352],[-72.8198,-5.1328],[-72.816,-5.1163],[-72.8197,-5.1064],[-72.8133,-5.103],[-72.801,-5.1114],[-72.7927,-5.1058],[-72.7884,-5.1117],[-72.7792,-5.1013],[-72.7842,-5.0953],[-72.7801,-5.092],[-72.7701,-5.0997],[-72.7611,-5.0931],[-72.7624,-5.085],[-72.7564,-5.0826],[-72.7548,-5.0767],[-72.7453,-5.0863],[-72.7388,-5.0873],[-72.7376,-5.075],[-72.73,-5.0756],[-72.7303,-5.0698],[-72.7372,-5.0673],[-72.7376,-5.0612],[-72.7287,-5.0548],[-72.7152,-5.0575],[-72.7083,-5.0489],[-72.6989,-5.0577],[-72.6925,-5.0609],[-72.6877,-5.059],[-72.6814,-5.0511],[-72.6718,-5.052],[-72.6673,-5.0571],[-72.6546,-5.0628],[-72.6517,-5.0511],[-72.6432,-5.0454],[-72.6386,-5.0524],[-72.6414,-5.063],[-72.6315,-5.0562],[-72.6276,-5.0479],[-72.6173,-5.0454],[-72.6159,-5.0345],[-72.6065,-5.0282],[-72.6113,-5.0205],[-72.6108,-5.0144],[-72.6029,-5.0124],[-72.5987,-5.0016],[-72.5994,-4.9875],[-72.5962,-4.9827],[-72.5894,-4.9857],[-72.5903,-4.9926],[-72.584,-4.9977],[-72.5838,-4.983],[-72.5812,-4.9808],[-72.5685,-4.984],[-72.5669,-4.9733],[-72.5528,-4.9646],[-72.5525,-4.957],[-72.5393,-4.953],[-72.5303,-4.9589],[-72.5213,-4.9583],[-72.5232,-4.9466],[-72.5205,-4.9328],[-72.5035,-4.9387],[-72.505,-4.9469],[-72.496,-4.9499],[-72.4925,-4.9354],[-72.4857,-4.9352],[-72.482,-4.9508],[-72.4739,-4.9404],[-72.4764,-4.9279],[-72.4699,-4.9221],[-72.4593,-4.9243],[-72.4531,-4.912],[-72.4606,-4.9107],[-72.4695,-4.8909],[-72.4616,-4.8934],[-72.4545,-4.8915],[-72.4525,-4.901],[-72.4412,-4.8996],[-72.4377,-4.9095],[-72.4299,-4.9099],[-72.4283,-4.9015],[-72.4149,-4.9003],[-72.418,-4.8932],[-72.4156,-4.8864],[-72.423,-4.8814],[-72.4203,-4.8749],[-72.4116,-4.8772],[-72.4102,-4.8857],[-72.404,-4.8883],[-72.4015,-4.8763],[-72.3882,-4.8655],[-72.3842,-4.8564],[-72.3831,-4.8471],[-72.3773,-4.8419],[-72.3795,-4.8358],[-72.3739,-4.83],[-72.3714,-4.8229],[-72.3659,-4.8263],[-72.3597,-4.8243],[-72.3726,-4.8097],[-72.369,-4.8039],[-72.3578,-4.8068],[-72.3457,-4.8077],[-72.3435,-4.7975],[-72.3387,-4.7944],[-72.3373,-4.8057],[-72.3268,-4.8025],[-72.3214,-4.7886],[-72.3295,-4.7867],[-72.3278,-4.7809],[-72.3125,-4.7753],[-72.3054,-4.7901],[-72.3028,-4.777],[-72.2989,-4.7764],[-72.2827,-4.7832],[-72.2775,-4.7898],[-72.2833,-4.7938],[-72.2806,-4.7993],[-72.2701,-4.7981],[-72.2677,-4.7891],[-72.264,-4.7866],[-72.2587,-4.7752],[-72.2584,-4.7686],[-72.2528,-4.7661],[-72.2493,-4.7709],[-72.2482,-4.7793],[-72.2433,-4.782],[-72.2375,-4.7765],[-72.2221,-4.7725],[-72.2136,-4.7641],[-72.2156,-4.759],[-72.2091,-4.7483],[-72.2035,-4.7517],[-72.2011,-4.7577],[-72.1935,-4.7586],[-72.1883,-4.7514],[-72.1868,-4.7437],[-72.1751,-4.736],[-72.164,-4.7367],[-72.1611,-4.7286],[-72.1487,-4.7255],[-72.1391,-4.7131],[-72.1284,-4.7248],[-72.1346,-4.7305],[-72.1292,-4.7361],[-72.1238,-4.7328],[-72.1219,-4.726],[-72.1256,-4.7167],[-72.1121,-4.7063],[-72.1039,-4.7075],[-72.0981,-4.6968],[-72.0909,-4.6892],[-72.091,-4.6828],[-72.0811,-4.6842],[-72.0772,-4.6802],[-72.0825,-4.675],[-72.0812,-4.6696],[-72.0717,-4.6638],[-72.0659,-4.6771],[-72.0601,-4.6732],[-72.0608,-4.6687],[-72.0688,-4.6596],[-72.059,-4.6503],[-72.0473,-4.6552],[-72.0453,-4.6445],[-72.0403,-4.645],[-72.0383,-4.6376],[-72.0424,-4.6313],[-72.0409,-4.6237],[-72.0164,-4.632],[-72.0142,-4.6392],[-72.0053,-4.6451],[-72.0058,-4.6354],[-72.0031,-4.63],[-71.991,-4.6269],[-71.9831,-4.6284],[-71.9866,-4.6141],[-71.9954,-4.6108],[-71.9831,-4.6049],[-71.9806,-4.6107],[-71.9715,-4.6094],[-71.9656,-4.6119],[-71.9622,-4.6069],[-71.9556,-4.6101],[-71.9482,-4.6094],[-71.9508,-4.599],[-71.9437,-4.5964],[-71.9507,-4.5861],[-71.9465,-4.5784],[-71.9361,-4.5796],[-71.9285,-4.5686],[-71.9314,-4.5627],[-71.9195,-4.5629],[-71.9222,-4.5528],[-71.9276,-4.5489],[-71.9194,-4.5302],[-71.8963,-4.5311],[-71.8916,-4.5396],[-71.8858,-4.5387],[-71.8871,-4.5302],[-71.8969,-4.5227],[-71.9022,-4.5239],[-71.9073,-4.5164],[-71.8793,-4.5164],[-71.8707,-4.5219],[-71.8676,-4.5281],[-71.862,-4.5241],[-71.8567,-4.5115],[-71.8364,-4.5082],[-71.8361,-4.5159],[-71.8278,-4.5105],[-71.8345,-4.5012],[-71.8309,-4.4973],[-71.823,-4.5021],[-71.8062,-4.5034],[-71.8112,-4.4968],[-71.8065,-4.4916],[-71.7935,-4.4875],[-71.7925,-4.4973],[-71.7851,-4.498],[-71.7834,-4.4843],[-71.7748,-4.4877],[-71.771,-4.4945],[-71.7705,-4.5046],[-71.7554,-4.499],[-71.7511,-4.4937],[-71.7489,-4.4829],[-71.7554,-4.4714],[-71.7466,-4.4714],[-71.7408,-4.4815],[-71.7392,-4.4956],[-71.7346,-4.4988],[-71.7233,-4.4997],[-71.7171,-4.5065],[-71.7082,-4.5116],[-71.6982,-4.5065],[-71.6917,-4.4993],[-71.6761,-4.5017],[-71.6745,-4.5077],[-71.6591,-4.5021],[-71.6553,-4.4913],[-71.6562,-4.4848],[-71.6618,-4.4778],[-71.6548,-4.4725],[-71.6476,-4.4819],[-71.6486,-4.4932],[-71.6515,-4.5024],[-71.6445,-4.5026],[-71.6352,-4.495],[-71.6277,-4.4918],[-71.6253,-4.4844],[-71.6284,-4.48],[-71.6251,-4.4731],[-71.6187,-4.4687],[-71.6119,-4.4716],[-71.6127,-4.4817],[-71.6211,-4.5026],[-71.6287,-4.5084],[-71.6345,-4.5098],[-71.6309,-4.5204],[-71.6199,-4.5286],[-71.6129,-4.5301],[-71.5963,-4.5293],[-71.5732,-4.5122],[-71.5662,-4.5046],[-71.5616,-4.4942],[-71.5525,-4.488],[-71.5581,-4.4791],[-71.5465,-4.4781],[-71.5403,-4.4836],[-71.5362,-4.4786],[-71.5405,-4.4692],[-71.5336,-4.4642],[-71.5236,-4.4666],[-71.5147,-4.4755],[-71.503,-4.4786],[-71.4977,-4.487],[-71.4929,-4.4784],[-71.4993,-4.4656],[-71.5054,-4.4617],[-71.5073,-4.4475],[-71.5101,-4.4405],[-71.5042,-4.4391],[-71.4855,-4.4584],[-71.4807,-4.4577],[-71.4764,-4.4446],[-71.4795,-4.4379],[-71.4737,-4.435],[-71.4637,-4.4415],[-71.4539,-4.4333],[-71.4502,-4.4346],[-71.4517,-4.4466],[-71.4452,-4.4502],[-71.4369,-4.4502],[-71.4337,-4.4439],[-71.4385,-4.4353],[-71.4344,-4.4288],[-71.4237,-4.4391],[-71.4321,-4.4497],[-71.4335,-4.4596],[-71.427,-4.4661],[-71.4206,-4.4682],[-71.4093,-4.4502],[-71.4002,-4.4451],[-71.3955,-4.4309],[-71.3858,-4.4257],[-71.3793,-4.4257],[-71.3628,-4.4353],[-71.3559,-4.4336],[-71.3503,-4.4273],[-71.3417,-4.4324],[-71.3398,-4.443],[-71.3199,-4.4413],[-71.3149,-4.4437],[-71.3115,-4.4504],[-71.3122,-4.4601],[-71.3075,-4.4629],[-71.301,-4.4511],[-71.3046,-4.4413],[-71.3144,-4.4346],[-71.3212,-4.4249],[-71.3183,-4.4167],[-71.3096,-4.416],[-71.3046,-4.4199],[-71.2922,-4.441],[-71.2845,-4.4434],[-71.2778,-4.4422],[-71.2641,-4.4307],[-71.2625,-4.4218],[-71.2689,-4.4117],[-71.2673,-4.4059],[-71.2617,-4.3997],[-71.2687,-4.3942],[-71.2783,-4.4014],[-71.2792,-4.392],[-71.2698,-4.385],[-71.2643,-4.3853],[-71.2454,-4.3924],[-71.2346,-4.3845],[-71.2275,-4.3886],[-71.2265,-4.3953],[-71.2294,-4.4042],[-71.2261,-4.4086],[-71.2191,-4.4028],[-71.2179,-4.3824],[-71.2119,-4.3778],[-71.1989,-4.3824],[-71.1985,-4.3884],[-71.2069,-4.3982],[-71.2002,-4.4209],[-71.1904,-4.4233],[-71.1862,-4.4127],[-71.187,-4.4002],[-71.1788,-4.3941],[-71.1693,-4.3954],[-71.1637,-4.3924],[-71.158,-4.3958],[-71.1585,-4.403],[-71.1518,-4.4057],[-71.1484,-4.3975],[-71.1527,-4.3862],[-71.1448,-4.3816],[-71.1362,-4.3855],[-71.1292,-4.3915],[-71.1204,-4.4088],[-71.1149,-4.4112],[-71.1098,-4.4078],[-71.1068,-4.4011],[-71.1101,-4.3859],[-71.1062,-4.3776],[-71.0842,-4.3737],[-71.0766,-4.3797],[-71.0778,-4.3857],[-71.0844,-4.3929],[-71.077,-4.3977],[-71.0596,-4.3903],[-71.0559,-4.3855],[-71.0555,-4.3727],[-71.0495,-4.3699],[-71.0435,-4.3792],[-71.0468,-4.3941],[-71.044,-4.4001],[-71.0378,-4.4021],[-71.0231,-4.3917],[-71.0195,-4.3843],[-71.0028,-4.3896],[-70.9939,-4.3865],[-70.9879,-4.3809],[-70.9875,-4.373],[-70.9901,-4.3598],[-70.9994,-4.3508],[-70.991,-4.3461],[-70.9819,-4.3515],[-70.9747,-4.3592],[-70.9714,-4.3756],[-70.9663,-4.38],[-70.9599,-4.3806],[-70.9494,-4.3773],[-70.9388,-4.3841],[-70.9336,-4.3802],[-70.9357,-4.3739],[-70.9343,-4.3592],[-70.9249,-4.3561],[-70.9168,-4.3619],[-70.9124,-4.359],[-70.9027,-4.3302],[-70.8916,-4.3239],[-70.8808,-4.3263],[-70.8754,-4.3195],[-70.88,-4.3017],[-70.8779,-4.2933],[-70.8576,-4.284],[-70.8481,-4.2832],[-70.8448,-4.2739],[-70.8568,-4.2687],[-70.8639,-4.2591],[-70.8645,-4.2525],[-70.8593,-4.2481],[-70.8502,-4.2479],[-70.8403,-4.2555],[-70.8316,-4.2547],[-70.8281,-4.2496],[-70.8268,-4.2386],[-70.8168,-4.23],[-70.8196,-4.22],[-70.8293,-4.2207],[-70.8411,-4.2312],[-70.8479,-4.2294],[-70.8458,-4.2187],[-70.8403,-4.2158],[-70.8275,-4.2143],[-70.8191,-4.1985],[-70.8047,-4.1937],[-70.8024,-4.1844],[-70.7981,-4.1823],[-70.7907,-4.1881],[-70.784,-4.1844],[-70.7722,-4.1667],[-70.759,-4.1594],[-70.7489,-4.1625],[-70.7396,-4.1712],[-70.7313,-4.1836],[-70.721,-4.1893],[-70.6961,-4.1867],[-70.6879,-4.1924],[-70.6858,-4.2065],[-70.6815,-4.2079],[-70.6722,-4.1957],[-70.6715,-4.1885],[-70.6662,-4.164],[-70.6715,-4.1487],[-70.6686,-4.1434],[-70.6632,-4.1437],[-70.6554,-4.1548],[-70.6516,-4.1561],[-70.6512,-4.1355],[-70.6426,-4.1281],[-70.6207,-4.1281],[-70.6182,-4.1392],[-70.6215,-4.147],[-70.6347,-4.1647],[-70.6355,-4.1721],[-70.6322,-4.1829],[-70.6252,-4.1915],[-70.6194,-4.194],[-70.6046,-4.1911],[-70.5979,-4.1878],[-70.5843,-4.1853],[-70.5719,-4.1746],[-70.5612,-4.1775],[-70.5694,-4.1964],[-70.5756,-4.2051],[-70.5736,-4.2117],[-70.562,-4.2105],[-70.5554,-4.2047],[-70.5521,-4.1919],[-70.5579,-4.1721],[-70.555,-4.161],[-70.5413,-4.1585],[-70.543,-4.1499],[-70.5513,-4.1441],[-70.548,-4.1367],[-70.5314,-4.1458],[-70.5232,-4.1375],[-70.5195,-4.1388],[-70.5104,-4.1482],[-70.5029,-4.1606],[-70.505,-4.1767],[-70.512,-4.1853],[-70.5133,-4.194],[-70.5042,-4.201],[-70.4963,-4.1981],[-70.4897,-4.1824],[-70.4901,-4.1684],[-70.4853,-4.1613],[-70.4773,-4.1598],[-70.467,-4.1763],[-70.4583,-4.173],[-70.4542,-4.1606],[-70.4509,-4.1585],[-70.4363,-4.1642],[-70.4313,-4.1569],[-70.4345,-4.1495],[-70.4414,-4.1437],[-70.4412,-4.1355],[-70.4301,-4.1312],[-70.4158,-4.1367],[-70.4001,-4.1388],[-70.3802,-4.1334],[-70.3674,-4.1429],[-70.3571,-4.1647],[-70.3492,-4.1736],[-70.3389,-4.18],[-70.3282,-4.1717],[-70.3294,-4.1445],[-70.3228,-4.1421],[-70.3187,-4.1445],[-70.3075,-4.1577],[-70.2968,-4.159],[-70.2877,-4.1655],[-70.2881,-4.1977],[-70.2812,-4.2147],[-70.2786,-4.2302],[-70.284,-4.2372],[-70.2951,-4.2389],[-70.3075,-4.2455],[-70.31,-4.2533],[-70.3046,-4.262],[-70.2839,-4.2722],[-70.2888,-4.2879],[-70.2816,-4.2866],[-70.2752,-4.2816],[-70.2549,-4.2703],[-70.2459,-4.2748],[-70.2472,-4.2867],[-70.2567,-4.292],[-70.2649,-4.2928],[-70.2695,-4.2966],[-70.2629,-4.3056],[-70.2561,-4.3098],[-70.2294,-4.3167],[-70.2245,-4.3172],[-70.2187,-4.3126],[-70.2174,-4.2983],[-70.2125,-4.3003],[-70.2109,-4.3175],[-70.2026,-4.332],[-70.2018,-4.3555],[-70.1967,-4.3609],[-70.1869,-4.3608],[-70.1779,-4.3507],[-70.1774,-4.3365],[-70.1729,-4.3334],[-70.1579,-4.3336],[-70.1514,-4.3279],[-70.1531,-4.3192],[-70.1654,-4.3125],[-70.172,-4.3064],[-70.1691,-4.2978],[-70.1605,-4.2875],[-70.1588,-4.278],[-70.1551,-4.2731],[-70.1476,-4.2704],[-70.1258,-4.2863],[-70.1175,-4.2858],[-70.1134,-4.276],[-70.1157,-4.2573],[-70.1088,-4.2545],[-70.1022,-4.2611],[-70.0996,-4.2705],[-70.0985,-4.2861],[-70.0895,-4.2901],[-70.0805,-4.2864],[-70.0716,-4.2867],[-70.0621,-4.2945],[-70.0568,-4.2957],[-70.0477,-4.2933],[-70.0394,-4.2978],[-70.0464,-4.3052],[-70.058,-4.3077],[-70.0715,-4.3036],[-70.0758,-4.3052],[-70.0795,-4.3143],[-70.0762,-4.3192],[-70.0675,-4.3246],[-70.0547,-4.3254],[-70.0431,-4.3324],[-70.039,-4.353],[-70.0336,-4.3641],[-70.0283,-4.3703],[-70.0138,-4.3744],[-69.9918,-4.3748],[-69.9956,-4.3663],[-69.9918,-4.3539],[-69.9726,-4.3344],[-69.952,-4.3111],[-69.9414,-4.2892],[-69.9498,-4.2627],[-69.9479,-4.2317],[-69.9525,-4.2169],[-69.9693,-4.1955],[-70.0085,-4.1554],[-70.0244,-4.1438],[-70.0406,-4.1248],[-70.0517,-4.106],[-70.0619,-4.0827],[-70.1134,-4.0474],[-70.1263,-4.0352],[-70.1403,-4.0173],[-70.161,-3.9874],[-70.173,-3.9596],[-70.1803,-3.9306],[-70.1872,-3.9238],[-70.2165,-3.9154],[-70.2476,-3.8967],[-70.2593,-3.8751],[-70.2685,-3.8433],[-70.284,-3.8238],[-70.3095,-3.8113],[-70.3245,-3.8075],[-70.3377,-3.8024],[-70.3476,-3.8003],[-70.3598,-3.8058],[-70.3719,-3.819],[-70.3785,-3.8234],[-70.3897,-3.8264],[-70.4078,-3.8263],[-70.4148,-3.8282],[-70.4342,-3.848],[-70.4533,-3.8629],[-70.4781,-3.8729],[-70.5149,-3.8807],[-70.5237,-3.8801],[-70.5404,-3.8671],[-70.5503,-3.848],[-70.5554,-3.8343],[-70.5605,-3.8271],[-70.5775,-3.8166],[-70.5887,-3.8179],[-70.5972,-3.8217],[-70.6108,-3.8357],[-70.6165,-3.8435],[-70.6248,-3.8345],[-70.6313,-3.832],[-70.6433,-3.8323],[-70.6557,-3.8273],[-70.6709,-3.8065],[-70.6851,-3.794],[-70.7005,-3.7922],[-70.7132,-3.7955],[-70.5027,-3.4628],[-70.3357,-3.1975],[-70.0803,-2.7949],[-70.0741,-2.7904],[-70.0608,-2.7595],[-70.0655,-2.7518],[-70.0693,-2.7286],[-70.0702,-2.7148],[-70.0674,-2.7025],[-70.0664,-2.6887],[-70.0677,-2.6755],[-70.0734,-2.6648],[-70.0809,-2.6551],[-70.0862,-2.6535],[-70.0988,-2.6557],[-70.107,-2.6664],[-70.1073,-2.6771],[-70.1145,-2.6972],[-70.122,-2.7019],[-70.1355,-2.7038],[-70.1425,-2.6985],[-70.1604,-2.6909],[-70.1622,-2.6833],[-70.1575,-2.6727],[-70.1553,-2.6557],[-70.1566,-2.6472],[-70.1613,-2.6406],[-70.1698,-2.6337],[-70.1805,-2.6325],[-70.1833,-2.6365],[-70.188,-2.6516],[-70.1914,-2.657],[-70.2062,-2.6585],[-70.2122,-2.6548],[-70.2191,-2.6453],[-70.2235,-2.6315],[-70.2235,-2.6174],[-70.2288,-2.5816],[-70.2389,-2.5593],[-70.2467,-2.5521],[-70.2561,-2.5492],[-70.2653,-2.5492],[-70.2841,-2.5599],[-70.3029,-2.5737],[-70.3146,-2.5772],[-70.3334,-2.5781],[-70.3472,-2.5725],[-70.3573,-2.5631],[-70.3576,-2.5558],[-70.3482,-2.5426],[-70.34,-2.5382],[-70.3212,-2.5367],[-70.3083,-2.5323],[-70.3001,-2.5273],[-70.2951,-2.5207],[-70.2976,-2.5053],[-70.3029,-2.5015],[-70.3193,-2.5012],[-70.3303,-2.4987],[-70.3538,-2.4902],[-70.368,-2.4918],[-70.3855,-2.5015],[-70.3987,-2.5159],[-70.4113,-2.526],[-70.4207,-2.5263],[-70.433,-2.5241],[-70.4446,-2.5119],[-70.4484,-2.5031],[-70.4537,-2.4761],[-70.4641,-2.4613],[-70.4719,-2.4541],[-70.4795,-2.4566],[-70.4832,-2.4635],[-70.4972,-2.4739],[-70.5086,-2.4764],[-70.5246,-2.4632],[-70.5374,-2.4361],[-70.5508,-2.4234],[-70.5704,-2.4184],[-70.5902,-2.4192],[-70.5978,-2.4217],[-70.5946,-2.4317],[-70.5727,-2.4373],[-70.5598,-2.4418],[-70.5532,-2.4489],[-70.5511,-2.4621],[-70.5577,-2.4721],[-70.5769,-2.4798],[-70.6011,-2.4846],[-70.6174,-2.4819],[-70.6317,-2.4747],[-70.6425,-2.4587],[-70.6416,-2.4477],[-70.631,-2.4316],[-70.6281,-2.4224],[-70.6259,-2.4077],[-70.6272,-2.3958],[-70.6323,-2.3971],[-70.6418,-2.4066],[-70.6497,-2.4103],[-70.6655,-2.4129],[-70.6738,-2.4105],[-70.6786,-2.3989],[-70.6732,-2.384],[-70.6643,-2.3766],[-70.6616,-2.363],[-70.6634,-2.355],[-70.6704,-2.3502],[-70.6971,-2.3392],[-70.72,-2.3349],[-70.7365,-2.3342],[-70.7505,-2.3288],[-70.7616,-2.3204],[-70.7647,-2.304],[-70.7678,-2.2978],[-70.7879,-2.2924],[-70.8169,-2.2973],[-70.8325,-2.2947],[-70.8428,-2.2853],[-70.8452,-2.2678],[-70.8543,-2.2412],[-70.8634,-2.226],[-70.8775,-2.2215],[-70.8981,-2.2238],[-70.9079,-2.2341],[-70.9145,-2.2451],[-70.924,-2.2539],[-70.9415,-2.2553],[-70.958,-2.2417],[-70.9627,-2.2253],[-70.9781,-2.2127],[-71.0008,-2.2102],[-71.014,-2.2158],[-71.0204,-2.2293],[-71.0174,-2.2438],[-71.0064,-2.2625],[-70.9963,-2.2757],[-70.9903,-2.2906],[-70.9886,-2.3013],[-70.9939,-2.3066],[-71.0014,-2.3085],[-71.0104,-2.3043],[-71.0157,-2.298],[-71.0242,-2.282],[-71.0392,-2.2676],[-71.0461,-2.2649],[-71.0578,-2.2687],[-71.09,-2.2821],[-71.1012,-2.2829],[-71.1127,-2.281],[-71.1327,-2.2859],[-71.1433,-2.2968],[-71.1419,-2.3083],[-71.1309,-2.327],[-71.1288,-2.3388],[-71.1328,-2.344],[-71.1412,-2.3433],[-71.1494,-2.3358],[-71.1616,-2.3329],[-71.1707,-2.3444],[-71.1698,-2.3575],[-71.1714,-2.3743],[-71.1762,-2.3822],[-71.1863,-2.3838],[-71.1937,-2.3824],[-71.2071,-2.3688],[-71.2123,-2.3579],[-71.2244,-2.3425],[-71.232,-2.3368],[-71.2437,-2.3382],[-71.2596,-2.3622],[-71.2658,-2.3771],[-71.2742,-2.3868],[-71.2809,-2.3894],[-71.289,-2.3862],[-71.29,-2.3807],[-71.2761,-2.3611],[-71.2756,-2.3484],[-71.2809,-2.3387],[-71.2964,-2.3363],[-71.3043,-2.3402],[-71.3094,-2.3646],[-71.3166,-2.3791],[-71.3266,-2.3834],[-71.3535,-2.3795],[-71.3662,-2.3891],[-71.3827,-2.4064],[-71.3932,-2.4105],[-71.4043,-2.4033],[-71.4069,-2.392],[-71.4002,-2.3754],[-71.3942,-2.3671],[-71.3918,-2.3551],[-71.4012,-2.3433],[-71.4151,-2.333],[-71.4234,-2.3294],[-71.4279,-2.323],[-71.4462,-2.2869],[-71.4527,-2.28],[-71.4677,-2.2718],[-71.4792,-2.2697],[-71.4951,-2.2762],[-71.4997,-2.2893],[-71.485,-2.3177],[-71.4792,-2.3341],[-71.4802,-2.3486],[-71.4854,-2.3543],[-71.4964,-2.356],[-71.5064,-2.3459],[-71.512,-2.327],[-71.5147,-2.3114],[-71.52,-2.3012],[-71.5154,-2.2543],[-71.5202,-2.2491],[-71.5333,-2.2502],[-71.5508,-2.2423],[-71.5684,-2.2385],[-71.5844,-2.2402],[-71.5992,-2.239],[-71.6158,-2.2241],[-71.6376,-2.2018],[-71.6524,-2.1999],[-71.6637,-2.2025],[-71.6788,-2.2095],[-71.6879,-2.2186],[-71.7084,-2.2316],[-71.7209,-2.2309],[-71.7283,-2.2234],[-71.7288,-2.2086],[-71.7271,-2.1961],[-71.7173,-2.1702],[-71.719,-2.156],[-71.7235,-2.1431],[-71.7345,-2.141],[-71.7502,-2.1493],[-71.7451,-2.1598],[-71.7463,-2.1699],[-71.755,-2.175],[-71.7717,-2.1729],[-71.7823,-2.1764],[-71.7913,-2.1848],[-71.7965,-2.2048],[-71.8071,-2.2069],[-71.8202,-2.1885],[-71.8289,-2.1874],[-71.8371,-2.1988],[-71.841,-2.2126],[-71.8545,-2.2307],[-71.8647,-2.2781],[-71.8718,-2.2965],[-71.8809,-2.3088],[-71.8871,-2.3141],[-71.9105,-2.3114],[-71.9271,-2.3085],[-71.9393,-2.3161],[-71.9365,-2.3388],[-71.9197,-2.3634],[-71.9174,-2.3714],[-71.9224,-2.3807],[-71.9308,-2.382],[-71.937,-2.3762],[-71.9381,-2.3612],[-71.9449,-2.3558],[-71.9593,-2.3568],[-71.9694,-2.3676],[-71.9847,-2.3712],[-72.0054,-2.3706],[-72.0158,-2.3618],[-72.0294,-2.3409],[-72.045,-2.3357],[-72.0601,-2.3431],[-72.079,-2.3663],[-72.086,-2.379],[-72.098,-2.3898],[-72.1289,-2.41],[-72.1332,-2.4167],[-72.1323,-2.4372],[-72.1373,-2.4539],[-72.1453,-2.4731],[-72.1573,-2.4799],[-72.1658,-2.4782],[-72.1692,-2.4703],[-72.1622,-2.4451],[-72.1624,-2.4331],[-72.1714,-2.4265],[-72.182,-2.4306],[-72.2012,-2.445],[-72.2165,-2.4488],[-72.2268,-2.447],[-72.2404,-2.4305],[-72.2593,-2.4322],[-72.2623,-2.4394],[-72.2547,-2.4534],[-72.2592,-2.4596],[-72.2801,-2.4528],[-72.2856,-2.4551],[-72.2885,-2.4702],[-72.2987,-2.4745],[-72.3107,-2.4747],[-72.3277,-2.4719],[-72.3401,-2.4796],[-72.3686,-2.4908],[-72.3753,-2.4889],[-72.3804,-2.4812],[-72.377,-2.4668],[-72.3801,-2.4529],[-72.3956,-2.4427],[-72.408,-2.4142],[-72.4165,-2.4282],[-72.4315,-2.4347],[-72.4486,-2.4337],[-72.4723,-2.4191],[-72.485,-2.4215],[-72.4929,-2.4197],[-72.4988,-2.4129],[-72.5146,-2.4129],[-72.5383,-2.4049],[-72.5491,-2.4023],[-72.5601,-2.4035],[-72.5764,-2.3937],[-72.5915,-2.37],[-72.6066,-2.3625],[-72.6193,-2.363],[-72.6352,-2.3585],[-72.6417,-2.3661],[-72.6353,-2.38],[-72.6381,-2.3918],[-72.658,-2.4068],[-72.6662,-2.4201],[-72.6657,-2.4338],[-72.6673,-2.441],[-72.6812,-2.452],[-72.6908,-2.4508],[-72.6912,-2.4388],[-72.6869,-2.429],[-72.6867,-2.4205],[-72.6935,-2.4073],[-72.7117,-2.3864],[-72.7188,-2.3863],[-72.7311,-2.3942],[-72.7312,-2.4123],[-72.7351,-2.4239],[-72.7445,-2.4277],[-72.7526,-2.4251],[-72.7578,-2.4121],[-72.7594,-2.3972],[-72.7646,-2.3904],[-72.7771,-2.3853],[-72.7862,-2.3906],[-72.7915,-2.4026],[-72.8017,-2.411],[-72.8178,-2.4179],[-72.829,-2.4202],[-72.843,-2.4328],[-72.8573,-2.4397],[-72.8858,-2.4344],[-72.896,-2.4347],[-72.9203,-2.4492],[-72.9309,-2.4572],[-72.9373,-2.4505],[-72.9304,-2.434],[-72.9313,-2.4182],[-72.938,-2.4102],[-72.9469,-2.4066],[-72.9515,-2.4019],[-72.9563,-2.386],[-72.9566,-2.354],[-72.9507,-2.343],[-72.9526,-2.337],[-72.9579,-2.3351],[-72.9715,-2.3356],[-72.9787,-2.3406],[-72.99,-2.3547],[-72.9972,-2.36],[-73.0029,-2.3603],[-73.0104,-2.3531],[-73.0164,-2.3435],[-73.0193,-2.3269],[-73.0245,-2.3166],[-73.0327,-2.3137],[-73.0379,-2.3168],[-73.0424,-2.337],[-73.041,-2.3485],[-73.0436,-2.3574],[-73.0581,-2.361],[-73.0683,-2.3516],[-73.072,-2.3398],[-73.0935,-2.3304],[-73.0962,-2.3242],[-73.1105,-2.3279],[-73.1196,-2.3272],[-73.1244,-2.3209],[-73.123,-2.3087],[-73.1136,-2.2962],[-73.1156,-2.289],[-73.1227,-2.279],[-73.142,-2.2699],[-73.1551,-2.2584],[-73.1653,-2.2367],[-73.1729,-2.1935],[-73.1681,-2.1862],[-73.1423,-2.1876],[-73.1309,-2.1833],[-73.1253,-2.173],[-73.1203,-2.1524],[-73.1165,-2.1307],[-73.1052,-2.1229],[-73.0703,-2.1057],[-73.0693,-2.0933],[-73.0726,-2.083],[-73.0859,-2.0848],[-73.1052,-2.0832],[-73.1119,-2.078],[-73.1136,-2.0718],[-73.1103,-2.0638],[-73.0966,-2.0485],[-73.0921,-2.0416],[-73.0933,-2.0325],[-73.0997,-2.0265],[-73.1182,-2.0164],[-73.1301,-1.9916],[-73.1272,-1.9848],[-73.1193,-1.9749],[-73.1151,-1.9588],[-73.1134,-1.9392],[-73.1147,-1.9274],[-73.1191,-1.9119],[-73.1155,-1.904],[-73.1081,-1.8949],[-73.1083,-1.8858],[-73.1113,-1.8738],[-73.1196,-1.8713],[-73.132,-1.8731],[-73.1421,-1.8695],[-73.1507,-1.8629],[-73.1534,-1.8515],[-73.1529,-1.8447],[-73.1445,-1.827],[-73.1436,-1.8198],[-73.1463,-1.8054],[-73.1503,-1.8025],[-73.1725,-1.8007],[-73.1944,-1.7886],[-73.2118,-1.7522],[-73.2178,-1.7486],[-73.2262,-1.7498],[-73.2317,-1.7621],[-73.23,-1.7877],[-73.2355,-1.8026],[-73.2504,-1.8074],[-73.2561,-1.8064],[-73.2586,-1.7985],[-73.2461,-1.7941],[-73.2432,-1.7905],[-73.2466,-1.7824],[-73.2521,-1.7803],[-73.2662,-1.7834],[-73.2729,-1.7829],[-73.2873,-1.7769],[-73.2999,-1.7775],[-73.3074,-1.7829],[-73.3101,-1.7903],[-73.3079,-1.8043],[-73.3008,-1.814],[-73.301,-1.8222],[-73.3093,-1.828],[-73.321,-1.8256],[-73.3347,-1.8019],[-73.345,-1.7981],[-73.3524,-1.798],[-73.363,-1.7917],[-73.3774,-1.7759],[-73.3867,-1.7721],[-73.4111,-1.7856],[-73.4278,-1.7905],[-73.4327,-1.7874],[-73.432,-1.7752],[-73.4348,-1.7652],[-73.4543,-1.7419],[-73.464,-1.7354],[-73.4958,-1.7311],[-73.505,-1.7213],[-73.5215,-1.7148],[-73.5316,-1.7081],[-73.5386,-1.7006],[-73.5407,-1.6909],[-73.5366,-1.6827],[-73.5203,-1.6702],[-73.5152,-1.6593],[-73.5163,-1.64],[-73.5103,-1.6302],[-73.4966,-1.6155],[-73.472,-1.598],[-73.463,-1.589],[-73.4573,-1.5753],[-73.4642,-1.5666],[-73.4713,-1.57],[-73.4759,-1.5774],[-73.4854,-1.5763],[-73.4903,-1.5708],[-73.4818,-1.5586],[-73.4832,-1.5416],[-73.4793,-1.5325],[-73.4779,-1.5235],[-73.4933,-1.5181],[-73.4962,-1.5098],[-73.4874,-1.5009],[-73.4869,-1.4933],[-73.4909,-1.4836],[-73.5001,-1.485],[-73.5096,-1.4834],[-73.5246,-1.4733],[-73.5306,-1.4623],[-73.5312,-1.4375],[-73.5421,-1.4297],[-73.5752,-1.4303],[-73.5799,-1.4282],[-73.5799,-1.4162],[-73.5766,-1.4133],[-73.5652,-1.4207],[-73.5524,-1.4169],[-73.552,-1.3983],[-73.5548,-1.3905],[-73.5646,-1.3738],[-73.5779,-1.3615],[-73.5805,-1.3407],[-73.5671,-1.3288],[-73.5687,-1.3217],[-73.5765,-1.3188],[-73.5841,-1.3269],[-73.5961,-1.3289],[-73.6111,-1.3187],[-73.6156,-1.3042],[-73.6152,-1.293],[-73.6194,-1.2638],[-73.6296,-1.2696],[-73.6485,-1.2672],[-73.6577,-1.2605],[-73.6653,-1.248],[-73.6739,-1.2406],[-73.6828,-1.2401],[-73.6936,-1.2472],[-73.7027,-1.2471],[-73.711,-1.2516],[-73.7269,-1.2484],[-73.7403,-1.2384],[-73.7432,-1.2115],[-73.7429,-1.202],[-73.7503,-1.2013],[-73.7535,-1.2171],[-73.7551,-1.237],[-73.7596,-1.2525],[-73.763,-1.2581],[-73.7702,-1.2616],[-73.7837,-1.258],[-73.7795,-1.2451],[-73.7831,-1.2394],[-73.7892,-1.2389],[-73.802,-1.2497],[-73.8102,-1.2495],[-73.8238,-1.2382],[-73.8529,-1.2336],[-73.8613,-1.2293],[-73.8668,-1.2238],[-73.8672,-1.2087],[-73.8706,-1.1979],[-73.8771,-1.1921],[-73.8953,-1.1693],[-73.8971,-1.1605],[-73.8952,-1.1538],[-73.9011,-1.1387],[-73.9039,-1.1243],[-73.9121,-1.1165],[-73.9222,-1.12],[-73.933,-1.1316],[-73.9493,-1.1332],[-73.9582,-1.1311],[-73.9666,-1.1208],[-73.9645,-1.1138],[-73.9499,-1.0978],[-73.9568,-1.0857],[-73.9648,-1.0818],[-73.9744,-1.0908],[-73.9784,-1.1064],[-73.9954,-1.1061],[-74.0061,-1.0989],[-74.0207,-1.0757],[-74.0268,-1.0615],[-74.0242,-1.047],[-74.0138,-1.0213],[-74.0132,-1.0168],[-74.0181,-1.0057],[-74.0292,-1.003],[-74.0383,-1.0206],[-74.0359,-1.0308],[-74.0438,-1.0441],[-74.0569,-1.0522],[-74.0649,-1.0536],[-74.1051,-1.0391],[-74.1261,-1.0327],[-74.135,-1.0223],[-74.1727,-1.0057],[-74.1861,-1.0107],[-74.2145,-1.0107],[-74.2253,-1.0084],[-74.2356,-0.9977],[-74.2589,-0.9871],[-74.2726,-0.9788],[-74.2754,-0.9671],[-74.2647,-0.9535],[-74.2622,-0.9411],[-74.2709,-0.9304],[-74.2721,-0.9166],[-74.2793,-0.8991],[-74.2899,-0.8938],[-74.31,-0.8964],[-74.3177,-0.8908],[-74.3205,-0.8807],[-74.3134,-0.8697],[-74.3058,-0.8652],[-74.2928,-0.8678],[-74.2855,-0.8717],[-74.2765,-0.8822],[-74.2703,-0.8806],[-74.2667,-0.8743],[-74.2704,-0.8541],[-74.2656,-0.8413],[-74.2573,-0.8338],[-74.2475,-0.8301],[-74.2434,-0.8208],[-74.2507,-0.815],[-74.2678,-0.825],[-74.2795,-0.8282],[-74.2886,-0.8215],[-74.2922,-0.8157],[-74.2857,-0.7938],[-74.2786,-0.7872],[-74.2791,-0.779],[-74.2875,-0.7741],[-74.2948,-0.7777],[-74.305,-0.7936],[-74.3164,-0.7911],[-74.319,-0.7853],[-74.3178,-0.7781],[-74.3087,-0.7675],[-74.3092,-0.762],[-74.3157,-0.7542],[-74.3228,-0.7541],[-74.3363,-0.759],[-74.3444,-0.7583],[-74.3524,-0.7539],[-74.3702,-0.7372],[-74.3751,-0.728],[-74.3767,-0.719],[-74.3717,-0.7135],[-74.3537,-0.7111],[-74.343,-0.7008],[-74.3377,-0.6856],[-74.3379,-0.6775],[-74.3684,-0.6623],[-74.3739,-0.6537],[-74.3718,-0.646],[-74.3643,-0.6406],[-74.3595,-0.6301],[-74.3635,-0.6152],[-74.3748,-0.6092],[-74.3815,-0.5996],[-74.3835,-0.5858],[-74.3899,-0.5757],[-74.3867,-0.5549],[-74.3923,-0.5419],[-74.3978,-0.54],[-74.4085,-0.5566],[-74.4204,-0.5599],[-74.4244,-0.55],[-74.424,-0.521],[-74.4195,-0.5042],[-74.4224,-0.4993],[-74.4383,-0.4973],[-74.4514,-0.4903],[-74.4658,-0.4867],[-74.4737,-0.4727],[-74.4834,-0.4774],[-74.4872,-0.4885],[-74.497,-0.4877],[-74.5011,-0.4823],[-74.4951,-0.4713],[-74.4979,-0.4619],[-74.5038,-0.4615],[-74.521,-0.4702],[-74.5371,-0.4586],[-74.5428,-0.4305],[-74.5439,-0.4192],[-74.5537,-0.4077],[-74.578,-0.39],[-74.5894,-0.3835],[-74.6084,-0.3835],[-74.6163,-0.3776],[-74.6163,-0.3729],[-74.6073,-0.3573],[-74.6117,-0.3508],[-74.6502,-0.3632],[-74.6604,-0.3745],[-74.6709,-0.372],[-74.6759,-0.3656],[-74.6802,-0.3481],[-74.6763,-0.3363],[-74.6791,-0.3311],[-74.6861,-0.3286],[-74.6944,-0.3335],[-74.7083,-0.3495],[-74.7186,-0.3476],[-74.7284,-0.3428],[-74.7329,-0.3337],[-74.7291,-0.3093],[-74.7286,-0.2969],[-74.7334,-0.2865],[-74.7409,-0.2793],[-74.7541,-0.2471],[-74.7616,-0.2236],[-74.7752,-0.2086],[-74.7835,-0.2014],[-74.7863,-0.1952],[-74.7935,-0.1888],[-74.8059,-0.1885],[-74.8195,-0.1991],[-74.8306,-0.2053],[-74.845,-0.2309],[-74.8579,-0.2391],[-74.8765,-0.239],[-74.8833,-0.2433],[-74.8954,-0.2356],[-74.9026,-0.2139],[-74.912,-0.2024],[-74.9169,-0.2059],[-74.9158,-0.2191],[-74.9235,-0.2278],[-74.9309,-0.2215],[-74.9323,-0.2082],[-74.9349,-0.2024],[-74.9492,-0.2004],[-74.9559,-0.1949],[-74.96,-0.1774],[-74.9701,-0.1671],[-74.9727,-0.155],[-74.9851,-0.1479],[-75.0119,-0.1487],[-75.0195,-0.1404],[-75.031,-0.1239],[-75.0405,-0.113],[-75.0539,-0.1098],[-75.0775,-0.0818],[-75.0907,-0.0801],[-75.1075,-0.0749],[-75.1214,-0.0745],[-75.1316,-0.0707],[-75.1621,-0.0447],[-75.1763,-0.0405],[-75.1928,-0.0393],[-75.2113,-0.0492],[-75.2233,-0.0803],[-75.2384,-0.0983],[-75.2484,-0.1117],[-75.2575,-0.1156],[-75.2585,-0.1251],[-75.2761,-0.1327],[-75.2843,-0.1408],[-75.2866,-0.1508],[-75.2952,-0.1477],[-75.3039,-0.1536],[-75.322,-0.1589],[-75.3405,-0.1552],[-75.3494,-0.1629],[-75.3588,-0.1588],[-75.355,-0.146],[-75.3643,-0.1457],[-75.3688,-0.1599],[-75.3738,-0.1641],[-75.3819,-0.1662],[-75.3969,-0.1644],[-75.403,-0.1696],[-75.4132,-0.166],[-75.4182,-0.1612],[-75.4332,-0.1535],[-75.4501,-0.153],[-75.4604,-0.1508],[-75.4659,-0.1404],[-75.4866,-0.1308],[-75.5035,-0.1265],[-75.5061,-0.117],[-75.5127,-0.1178],[-75.516,-0.114],[-75.5251,-0.1183],[-75.5344,-0.1172],[-75.5453,-0.1231],[-75.5511,-0.1289],[-75.5622,-0.1312],[-75.5798,-0.1212],[-75.5878,-0.1223],[-75.5937,-0.1198],[-75.6003,-0.1096],[-75.6059,-0.1091],[-75.6149,-0.1132],[-75.6035,-0.1385],[-75.6022,-0.19],[-75.5857,-0.1888],[-75.5819,-0.1809],[-75.5767,-0.1797],[-75.5698,-0.1852],[-75.5621,-0.1842],[-75.5558,-0.1802],[-75.5453,-0.1816],[-75.5358,-0.1867],[-75.5157,-0.2192],[-75.4972,-0.2361],[-75.4903,-0.2441],[-75.4833,-0.2491],[-75.4815,-0.2608],[-75.4776,-0.2706],[-75.4711,-0.2782],[-75.4715,-0.2981],[-75.4658,-0.3011],[-75.4648,-0.3131],[-75.4595,-0.3288],[-75.4509,-0.3327],[-75.4443,-0.3396],[-75.4416,-0.3533],[-75.4321,-0.3626],[-75.4334,-0.3668],[-75.4251,-0.3724],[-75.4256,-0.3781],[-75.4196,-0.3833],[-75.4172,-0.3914],[-75.4084,-0.4001],[-75.4024,-0.4006],[-75.3882,-0.4168],[-75.3911,-0.4251],[-75.3851,-0.4367],[-75.3752,-0.4383],[-75.3558,-0.4468],[-75.3536,-0.4584],[-75.3484,-0.4634],[-75.3426,-0.4597],[-75.3365,-0.4601],[-75.33,-0.4515],[-75.327,-0.4596],[-75.3161,-0.4635],[-75.3108,-0.4741],[-75.3104,-0.4846],[-75.3145,-0.4875],[-75.3127,-0.4946],[-75.3003,-0.4924],[-75.296,-0.5052],[-75.2793,-0.4974],[-75.2679,-0.5076],[-75.2725,-0.5171],[-75.2698,-0.5225],[-75.2611,-0.5283],[-75.2539,-0.5197],[-75.2413,-0.5244],[-75.2439,-0.5325],[-75.2403,-0.5487],[-75.2304,-0.5493],[-75.2272,-0.5597],[-75.2269,-0.57],[-75.2291,-0.5761],[-75.237,-0.5839],[-75.2401,-0.5928],[-75.2392,-0.6021],[-75.2335,-0.6082],[-75.2289,-0.619],[-75.2238,-0.6224],[-75.2232,-0.6287],[-75.2318,-0.6301],[-75.2365,-0.6466],[-75.2452,-0.6387],[-75.2576,-0.6437],[-75.2582,-0.6553],[-75.262,-0.6543],[-75.2723,-0.6619],[-75.2737,-0.6738],[-75.2491,-0.6952],[-75.2495,-0.6995],[-75.2703,-0.7104],[-75.2763,-0.7237],[-75.2761,-0.7315],[-75.2684,-0.7469],[-75.2533,-0.7636],[-75.2572,-0.773],[-75.2677,-0.7816],[-75.2594,-0.7917],[-75.2428,-0.7974],[-75.2407,-0.8077],[-75.2419,-0.813],[-75.251,-0.8295],[-75.2524,-0.8345],[-75.2404,-0.855],[-75.2248,-0.8624],[-75.2212,-0.8692],[-75.2237,-0.8839],[-75.2225,-0.9021],[-75.2236,-0.9095],[-75.233,-0.9278],[-75.2315,-0.939],[-75.2136,-0.9543],[-75.2007,-0.9594],[-75.195,-0.9704],[-75.22,-0.9714],[-75.2368,-0.9755],[-75.2434,-0.9827],[-75.2595,-0.9893],[-75.2832,-0.9845],[-75.3137,-0.9845],[-75.3261,-0.9721],[-75.3357,-0.9604],[-75.3563,-0.9508],[-75.3721,-0.9412],[-75.3799,-0.9309],[-75.3842,-0.9338],[-75.3889,-0.9543],[-75.395,-0.9708],[-75.4046,-1.0035],[-75.4487,-1.1623],[-75.5554,-1.5469],[-75.559,-1.5505],[-75.5574,-1.5598],[-75.5641,-1.5641],[-75.567,-1.5565],[-75.575,-1.5526],[-75.5781,-1.5471],[-75.5867,-1.5535],[-75.6144,-1.5884],[-75.7509,-1.7596],[-75.8533,-1.8865],[-75.9485,-2.0044],[-76.0046,-2.077],[-76.0444,-2.1249],[-76.1667,-2.2226],[-76.3124,-2.3376],[-76.5333,-2.5125],[-76.6327,-2.5911],[-76.6928,-2.609],[-76.8641,-2.6683],[-77.0226,-2.7222],[-77.0245,-2.7209],[-77.1747,-2.7716],[-77.4143,-2.8522],[-77.4357,-2.8584],[-77.5242,-2.8891],[-77.5736,-2.9077],[-77.6139,-2.9203],[-77.7105,-2.9512],[-77.801,-2.9843],[-77.8121,-2.9861],[-77.8173,-3.0008],[-77.8083,-3.023],[-77.7931,-3.044],[-77.7877,-3.0748],[-77.7943,-3.0901],[-77.7864,-3.1027],[-77.7863,-3.1086],[-77.7909,-3.1176],[-77.7833,-3.1742],[-77.7785,-3.1872],[-77.7776,-3.1987],[-77.7793,-3.2206],[-77.7788,-3.258],[-77.7798,-3.2916],[-77.7753,-3.3241],[-77.7783,-3.3593],[-77.778,-3.3816],[-77.7767,-3.3855],[-77.7765,-3.4091],[-77.7725,-3.4288],[-77.7643,-3.4435],[-77.7637,-3.453],[-77.7605,-3.4598],[-77.753,-3.4624],[-77.7468,-3.4752],[-77.7456,-3.4822],[-77.7337,-3.4946],[-77.7277,-3.5055],[-77.7151,-3.5149],[-77.7109,-3.5263],[-77.7172,-3.5373],[-77.7165,-3.5423],[-77.6997,-3.5525],[-77.6898,-3.5557],[-77.6704,-3.5684],[-77.6593,-3.5824],[-77.6523,-3.5979],[-77.6488,-3.6102],[-77.643,-3.6193],[-77.622,-3.6205],[-77.6169,-3.6343],[-77.6202,-3.6489],[-77.6214,-3.6643],[-77.6178,-3.6747],[-77.6214,-3.6861],[-77.6181,-3.7035],[-77.6156,-3.7077],[-77.6223,-3.7177],[-77.6261,-3.735],[-77.6323,-3.7429],[-77.6432,-3.7531],[-77.6478,-3.7722],[-77.6518,-3.779],[-77.6357,-3.8013],[-77.6314,-3.8135],[-77.6231,-3.8221],[-77.6092,-3.8252],[-77.5989,-3.8357],[-77.5989,-3.842],[-77.5819,-3.8628],[-77.5694,-3.8727],[-77.5626,-3.8754],[-77.5674,-3.8813],[-77.569,-3.8931],[-77.5609,-3.904],[-77.5572,-3.9182],[-77.5458,-3.9346],[-77.5418,-3.9433],[-77.5379,-3.9619],[-77.5412,-3.9864],[-77.5381,-4.0035],[-77.5391,-4.0217],[-77.5381,-4.0287],[-77.5418,-4.0508],[-77.5445,-4.0752],[-77.5472,-4.0848],[-77.5497,-4.1099],[-77.5528,-4.1139],[-77.5584,-4.13],[-77.5612,-4.1444],[-77.5656,-4.1554],[-77.5657,-4.1638],[-77.569,-4.1699],[-77.5676,-4.179],[-77.577,-4.2183],[-77.5766,-4.224],[-77.5806,-4.2407],[-77.5856,-4.2513],[-77.5824,-4.2701],[-77.5796,-4.2762],[-77.5807,-4.2901],[-77.579,-4.3012],[-77.5716,-4.3288],[-77.5654,-4.3725],[-77.5682,-4.3884],[-77.5649,-4.3936],[-77.5683,-4.4209],[-77.5735,-4.4304],[-77.5758,-4.443],[-77.579,-4.4503],[-77.5859,-4.475],[-77.591,-4.4827],[-77.6045,-4.4858],[-77.6079,-4.4922],[-77.6175,-4.4959],[-77.6406,-4.4965],[-77.6414,-4.5101],[-77.6528,-4.5152],[-77.6555,-4.5185],[-77.6546,-4.5311],[-77.649,-4.5464],[-77.6566,-4.5521],[-77.6597,-4.558],[-77.6558,-4.5724],[-77.6531,-4.576],[-77.6592,-4.5814],[-77.6629,-4.5936],[-77.6626,-4.6011],[-77.6662,-4.6157],[-77.6719,-4.6295],[-77.6865,-4.6463],[-77.6945,-4.6587],[-77.7053,-4.6597],[-77.716,-4.6651],[-77.7286,-4.6816],[-77.7314,-4.6884],[-77.7402,-4.6945],[-77.756,-4.7025],[-77.7719,-4.7176],[-77.7752,-4.7283],[-77.7831,-4.7329],[-77.7905,-4.7467],[-77.7946,-4.763],[-77.7898,-4.7755],[-77.7893,-4.7851],[-77.7954,-4.793],[-77.7958,-4.8186],[-77.799,-4.8222],[-77.7972,-4.8288],[-77.7917,-4.8338],[-77.7953,-4.8392],[-77.7936,-4.85],[-77.7867,-4.8619],[-77.7748,-4.8782],[-77.7738,-4.8917],[-77.7602,-4.9093],[-77.7669,-4.9212],[-77.7634,-4.9307],[-77.7593,-4.9518],[-77.7682,-4.9559],[-77.7715,-4.9642],[-77.7863,-4.988],[-77.7892,-4.9905],[-77.8083,-5.0155],[-77.8246,-5.0318],[-77.8248,-5.0375],[-77.816,-5.0383],[-77.8119,-5.0547],[-77.8179,-5.0638],[-77.8223,-5.0818],[-77.8177,-5.0912],[-77.8075,-5.0917],[-77.802,-5.0862],[-77.791,-5.0952],[-77.7743,-5.0972],[-77.7687,-5.1033],[-77.7676,-5.1116],[-77.7398,-5.1366],[-77.7276,-5.1403],[-77.7209,-5.1405],[-77.7083,-5.1508],[-77.7067,-5.1564],[-77.696,-5.1637],[-77.6976,-5.1708],[-77.7034,-5.1748],[-77.7082,-5.1909],[-77.7136,-5.1963],[-77.7275,-5.2009],[-77.7396,-5.2126],[-77.7322,-5.2259],[-77.723,-5.2346],[-77.7098,-5.2397],[-77.6991,-5.254],[-77.6931,-5.2677],[-77.6927,-5.2836],[-77.6841,-5.2959],[-77.6862,-5.3025],[-77.6845,-5.3224],[-77.6821,-5.3384],[-77.6881,-5.3464],[-77.6919,-5.3627],[-77.6962,-5.3734],[-77.7028,-5.3807],[-77.6984,-5.3963],[-77.6988,-5.4066],[-77.696,-5.4111],[-77.6895,-5.4128],[-77.6766,-5.409],[-77.6704,-5.4096],[-77.663,-5.4219],[-77.6575,-5.4264],[-77.6391,-5.4303],[-77.6281,-5.4394],[-77.607,-5.4486],[-77.6027,-5.459],[-77.5948,-5.4642],[-77.5817,-5.4612],[-77.5774,-5.4565],[-77.5701,-5.4383],[-77.5636,-5.4335],[-77.5581,-5.4256],[-77.5506,-5.4362],[-77.5451,-5.4379],[-77.5373,-5.4506],[-77.5319,-5.4511],[-77.5301,-5.4571],[-77.5233,-5.4603],[-77.5174,-5.4667],[-77.5135,-5.4798],[-77.4995,-5.5096],[-77.4998,-5.5163],[-77.4923,-5.5197],[-77.4918,-5.5293],[-77.5039,-5.5402],[-77.5081,-5.549],[-77.5035,-5.5562],[-77.4905,-5.5624],[-77.4748,-5.5551],[-77.4659,-5.5611],[-77.462,-5.5684],[-77.4619,-5.5841],[-77.4441,-5.5863],[-77.4338,-5.5949],[-77.4332,-5.5837],[-77.4287,-5.5833],[-77.4216,-5.5893],[-77.4087,-5.5892],[-77.4046,-5.5748],[-77.3966,-5.5712],[-77.3701,-5.5696],[-77.3687,-5.5766],[-77.345,-5.589],[-77.3383,-5.6035],[-77.3287,-5.6007],[-77.3186,-5.6009],[-77.3076,-5.6043],[-77.2873,-5.6043],[-77.2768,-5.6025],[-77.2728,-5.6125],[-77.2624,-5.6134],[-77.2544,-5.6078],[-77.2477,-5.599],[-77.2415,-5.6015],[-77.2319,-5.5955],[-77.2287,-5.6049],[-77.222,-5.6133],[-77.2008,-5.6266],[-77.1878,-5.6219],[-77.1775,-5.6229],[-77.1685,-5.6285],[-77.1578,-5.6312],[-77.138,-5.6319],[-77.1213,-5.6431],[-77.1133,-5.6437],[-77.1059,-5.6483],[-77.1022,-5.6558],[-77.0918,-5.6542],[-77.0751,-5.6635],[-77.0581,-5.6684],[-77.0487,-5.6745],[-77.0417,-5.6747],[-77.0263,-5.6672],[-77.0049,-5.6654],[-76.9956,-5.6671],[-76.9938,-5.6757],[-76.9883,-5.6802],[-76.9869,-5.6862],[-76.9754,-5.6969],[-76.9614,-5.7061],[-76.9344,-5.7115],[-76.9295,-5.7165],[-76.9197,-5.7208],[-76.9161,-5.7281],[-76.907,-5.7356],[-76.8954,-5.7408],[-76.8941,-5.747],[-76.8882,-5.7484],[-76.8785,-5.7426],[-76.8729,-5.7435],[-76.8639,-5.74],[-76.8441,-5.7425],[-76.8355,-5.7456],[-76.8246,-5.7573],[-76.8248,-5.7638],[-76.8294,-5.7773],[-76.8261,-5.7893],[-76.8218,-5.7952],[-76.8213,-5.8027],[-76.8163,-5.8076],[-76.8189,-5.8135],[-76.8263,-5.8178],[-76.8241,-5.8262],[-76.8194,-5.8326],[-76.8182,-5.8404],[-76.8207,-5.8537],[-76.8181,-5.8621],[-76.8078,-5.8707],[-76.8013,-5.8796],[-76.7916,-5.886],[-76.7894,-5.8931],[-76.7777,-5.9006],[-76.7753,-5.9102],[-76.7759,-5.9186],[-76.7676,-5.9276],[-76.7672,-5.9424],[-76.7629,-5.9481],[-76.7518,-5.9481],[-76.7467,-5.954],[-76.7473,-5.9684],[-76.7454,-5.9737],[-76.7511,-5.9826],[-76.7549,-5.9934],[-76.753,-6.001],[-76.7477,-6.0036],[-76.7296,-6.0054],[-76.7226,-6.011],[-76.7108,-6.0137],[-76.6995,-6.0109],[-76.6737,-6.0125],[-76.6669,-6.0107],[-76.6613,-6.0047],[-76.6471,-6.0061],[-76.64,-6.0026],[-76.6231,-6.0083],[-76.6183,-6.0144],[-76.6043,-6.0172],[-76.5952,-6.015],[-76.569,-6.0223],[-76.5589,-6.0238],[-76.5485,-6.0225],[-76.53,-6.0146],[-76.5212,-6.0046],[-76.5046,-6.004],[-76.5012,-5.9977],[-76.4897,-5.9903],[-76.4648,-5.9774],[-76.4364,-5.9637],[-76.4123,-5.9507],[-76.4,-5.9537],[-76.3867,-5.9619],[-76.3728,-5.9738],[-76.3622,-5.9878],[-76.3405,-6.032],[-76.3335,-6.0355],[-76.334,-6.0421],[-76.3189,-6.0503],[-76.3154,-6.0578],[-76.3197,-6.0736],[-76.3183,-6.0861],[-76.3035,-6.0996],[-76.2916,-6.1024],[-76.2732,-6.1044],[-76.2657,-6.1114],[-76.2529,-6.1338],[-76.2383,-6.1524],[-76.2236,-6.166],[-76.2053,-6.1698],[-76.1549,-6.1772],[-76.1272,-6.1767],[-76.1116,-6.1691],[-76.0885,-6.155],[-76.0567,-6.125],[-76.0321,-6.0997],[-76.0239,-6.0967],[-76.0072,-6.0933],[-75.9803,-6.0914],[-75.9654,-6.0952],[-75.9567,-6.1034],[-75.9383,-6.1292],[-75.9308,-6.1366],[-75.917,-6.1417],[-75.9076,-6.1368],[-75.8976,-6.1358],[-75.8824,-6.1367],[-75.8633,-6.1414],[-75.8492,-6.1422],[-75.8345,-6.1391],[-75.8299,-6.1352],[-75.8205,-6.12],[-75.8148,-6.1009],[-75.802,-6.1033],[-75.7939,-6.1089],[-75.7943,-6.1149],[-75.7859,-6.1187],[-75.779,-6.1181],[-75.77,-6.1271],[-75.7676,-6.1358],[-75.7734,-6.1376],[-75.7734,-6.145],[-75.7667,-6.1474],[-75.758,-6.1414],[-75.754,-6.1457],[-75.7378,-6.1418],[-75.7266,-6.144],[-75.7223,-6.1394],[-75.715,-6.1383],[-75.6986,-6.1125],[-75.6916,-6.1123],[-75.6804,-6.0956],[-75.6697,-6.0951],[-75.6657,-6.0987],[-75.6548,-6.0983],[-75.6427,-6.0904],[-75.6366,-6.089],[-75.629,-6.0821],[-75.6259,-6.0664],[-75.6248,-6.0394],[-75.6211,-6.0294],[-75.6139,-6.0232],[-75.5971,-6.0153],[-75.5841,-6.0117],[-75.5711,-6.004],[-75.565,-6.0255],[-75.5486,-6.0557],[-75.5328,-6.0956],[-75.5294,-6.1222],[-75.528,-6.158],[-75.5256,-6.1651],[-75.519,-6.1711],[-75.4983,-6.1858],[-75.4901,-6.1941],[-75.4872,-6.2034],[-75.4868,-6.2447],[-75.4903,-6.267],[-75.4963,-6.281],[-75.5094,-6.3003],[-75.5283,-6.3156],[-75.5347,-6.3223],[-75.5501,-6.3477],[-75.5433,-6.3624],[-75.5435,-6.3777],[-75.5402,-6.3883],[-75.5364,-6.3915],[-75.5434,-6.4069],[-75.5412,-6.4136],[-75.534,-6.4154],[-75.5376,-6.4371],[-75.5306,-6.4389],[-75.5293,-6.4485],[-75.5257,-6.4576],[-75.5201,-6.4648],[-75.5233,-6.4771],[-75.515,-6.4838],[-75.5096,-6.4921],[-75.5108,-6.5073],[-75.5083,-6.5335],[-75.5045,-6.5421],[-75.503,-6.5522],[-75.5048,-6.5686],[-75.5093,-6.583],[-75.5076,-6.6028],[-75.5042,-6.6161],[-75.5002,-6.6403],[-75.5021,-6.6741],[-75.505,-6.6815],[-75.5062,-6.6971],[-75.505,-6.7253],[-75.5004,-6.7573],[-75.5012,-6.767],[-75.507,-6.7739],[-75.5118,-6.7856],[-75.5267,-6.7931],[-75.5355,-6.7938],[-75.544,-6.7996],[-75.5618,-6.8016],[-75.5742,-6.8088],[-75.5743,-6.8187],[-75.5844,-6.8205],[-75.5926,-6.8303],[-75.6086,-6.8384],[-75.6169,-6.8412],[-75.6207,-6.8394],[-75.6334,-6.8431],[-75.6407,-6.8348],[-75.6422,-6.816],[-75.6477,-6.8192],[-75.6597,-6.8193],[-75.6681,-6.8264],[-75.6757,-6.8462],[-75.6871,-6.8467],[-75.69,-6.8613],[-75.6977,-6.8686],[-75.7054,-6.8651],[-75.707,-6.8603],[-75.7165,-6.8577],[-75.7221,-6.8516],[-75.7397,-6.8508],[-75.7535,-6.8549],[-75.7627,-6.851],[-75.7684,-6.8538],[-75.7828,-6.8439],[-75.7834,-6.837],[-75.7918,-6.8325],[-75.7942,-6.8214],[-75.814,-6.8255],[-75.8138,-6.8175],[-75.8223,-6.8108],[-75.8263,-6.8108],[-75.8311,-6.8035],[-75.8439,-6.7973],[-75.8598,-6.8016],[-75.8639,-6.7986],[-75.8733,-6.7984],[-75.8789,-6.8019],[-75.8906,-6.795],[-75.902,-6.7947],[-75.9138,-6.7912],[-75.9251,-6.7936],[-75.9376,-6.7914],[-75.9437,-6.7949],[-75.9637,-6.7884],[-75.9668,-6.7888],[-75.9758,-6.7978],[-75.9821,-6.7947],[-75.9953,-6.7984],[-75.9997,-6.795],[-76.0099,-6.7999],[-76.0116,-6.806],[-76.0258,-6.8053],[-76.031,-6.8084],[-76.0414,-6.808],[-76.051,-6.8109],[-76.0519,-6.8155],[-76.0489,-6.8303],[-76.0361,-6.8472],[-76.0343,-6.854],[-76.0357,-6.8627],[-76.0148,-6.8861],[-76.0105,-6.8936],[-76.0171,-6.9054],[-76.0146,-6.9115],[-76.018,-6.9158],[-76.0293,-6.9185],[-76.0464,-6.9249],[-76.0511,-6.9335],[-76.0515,-6.9443],[-76.046,-6.9631],[-76.0401,-6.9734],[-76.0396,-6.9827],[-76.0357,-6.9866],[-76.0356,-6.9931],[-76.0298,-6.9944],[-76.0225,-6.9898],[-76.0108,-6.9965],[-76.0081,-7.0022],[-76.0085,-7.0139],[-76.0058,-7.0302],[-76.0123,-7.0381],[-76.0111,-7.048],[-76.0141,-7.0526],[-76.014,-7.0723],[-76.0107,-7.0784],[-76.0175,-7.0886],[-76.0219,-7.1009],[-76.0202,-7.1061],[-76.0233,-7.1143],[-76.0401,-7.1167],[-76.0466,-7.1214],[-76.0498,-7.1333],[-76.0599,-7.1613],[-76.0768,-7.1744],[-76.0984,-7.184],[-76.1118,-7.1831],[-76.1285,-7.1952],[-76.1435,-7.204],[-76.1457,-7.2179],[-76.1548,-7.2319],[-76.1582,-7.2478],[-76.1649,-7.2589],[-76.1667,-7.2676],[-76.1771,-7.2768],[-76.1867,-7.2809],[-76.1954,-7.2951],[-76.2071,-7.3036],[-76.2131,-7.3101],[-76.2098,-7.3175],[-76.196,-7.3335],[-76.2005,-7.3471],[-76.2039,-7.3627],[-76.2084,-7.3715],[-76.2099,-7.3836],[-76.2152,-7.393],[-76.2146,-7.4045],[-76.2007,-7.435],[-76.1914,-7.4487],[-76.1862,-7.4654],[-76.1783,-7.4756],[-76.1661,-7.4943],[-76.1543,-7.5019],[-76.142,-7.5053],[-76.1321,-7.5221],[-76.121,-7.5275],[-76.1176,-7.539],[-76.1162,-7.5615],[-76.0914,-7.5604],[-76.0887,-7.5633],[-76.0874,-7.5803],[-76.0813,-7.5824],[-76.0799,-7.5912],[-76.0888,-7.6131],[-76.0826,-7.6203],[-76.0818,-7.6302],[-76.0866,-7.636],[-76.0977,-7.6422],[-76.1013,-7.6505],[-76.0985,-7.6661],[-76.0985,-7.6967],[-76.1027,-7.7043],[-76.1016,-7.7227],[-76.0867,-7.7292],[-76.0866,-7.7478],[-76.0849,-7.7618],[-76.082,-7.7648],[-76.0671,-7.7693],[-76.0633,-7.7751],[-76.0613,-7.7867],[-76.0438,-7.7923],[-76.0383,-7.8067],[-76.0381,-7.815],[-76.0315,-7.8224],[-76.0216,-7.8381],[-76.0226,-7.843],[-76.0099,-7.8543],[-76.0086,-7.8617],[-76.0033,-7.8744],[-76.0075,-7.8849],[-76.0024,-7.8932],[-75.9898,-7.8918],[-75.9795,-7.9008],[-75.9756,-7.9096],[-75.986,-7.92],[-75.9854,-7.9376],[-75.9915,-7.941],[-75.9929,-7.9543],[-75.9844,-7.9589],[-75.967,-7.9604],[-75.9506,-7.9474],[-75.9395,-7.9461],[-75.9278,-7.9573],[-75.9204,-7.9475],[-75.909,-7.9429],[-75.8948,-7.9337],[-75.8822,-7.9339],[-75.8763,-7.9292],[-75.8665,-7.9264],[-75.8594,-7.9212],[-75.854,-7.9247],[-75.8494,-7.9334],[-75.8492,-7.9399],[-75.8405,-7.9467],[-75.8354,-7.9688],[-75.8295,-7.9735],[-75.8338,-7.9847],[-75.834,-7.9929],[-75.8391,-8.0002],[-75.8418,-8.0222],[-75.8412,-8.0329],[-75.8439,-8.0429],[-75.8427,-8.0525],[-75.8449,-8.0596],[-75.8525,-8.0585],[-75.858,-8.0672],[-75.8714,-8.069],[-75.8741,-8.0668],[-75.8873,-8.0749],[-75.9026,-8.0714],[-75.9072,-8.074],[-75.917,-8.0718],[-75.9271,-8.0778],[-75.9294,-8.0893],[-75.9496,-8.0992],[-75.9511,-8.1025],[-75.9427,-8.1093],[-75.934,-8.1344],[-75.9362,-8.1447],[-75.9331,-8.1528],[-75.9351,-8.1635],[-75.9387,-8.168],[-75.9412,-8.1862],[-75.9337,-8.2029],[-75.9277,-8.2049],[-75.9269,-8.2145],[-75.9237,-8.2168],[-75.9248,-8.2308],[-75.9206,-8.2441],[-75.9134,-8.2544],[-75.9156,-8.2679],[-75.9144,-8.2828],[-75.9192,-8.2966],[-75.9271,-8.3068],[-75.9349,-8.3116],[-75.9518,-8.3148],[-75.9611,-8.3143],[-75.9732,-8.3168],[-75.985,-8.3222],[-75.9856,-8.3296],[-75.973,-8.3467],[-75.971,-8.3549],[-75.9638,-8.3638],[-75.9567,-8.3769],[-75.946,-8.4009],[-75.946,-8.4204],[-75.9423,-8.4277],[-75.9502,-8.4328],[-75.9649,-8.4517],[-75.965,-8.4616],[-75.9619,-8.4757],[-75.9554,-8.4845],[-75.9549,-8.502],[-75.9678,-8.5074],[-75.9709,-8.517],[-75.9684,-8.5228],[-75.9676,-8.5381],[-75.9654,-8.546],[-75.9697,-8.5493],[-75.9709,-8.558],[-75.9663,-8.5688],[-75.965,-8.58],[-75.9663,-8.592],[-75.9722,-8.5995],[-75.9737,-8.6153],[-75.9779,-8.6235],[-75.9798,-8.636],[-75.9776,-8.645],[-75.9789,-8.6548],[-75.9678,-8.6724],[-75.9649,-8.6957],[-75.9491,-8.7092],[-75.9458,-8.7161],[-75.9317,-8.6985],[-75.9242,-8.6979],[-75.9203,-8.6909],[-75.9103,-8.6817],[-75.9,-8.6782],[-75.8976,-8.67],[-75.8919,-8.6616],[-75.8736,-8.6541],[-75.8569,-8.6509],[-75.845,-8.6536],[-75.8334,-8.6523],[-75.8287,-8.6449],[-75.8182,-8.6361],[-75.821,-8.6281],[-75.8178,-8.6162],[-75.8129,-8.6082],[-75.8017,-8.6025],[-75.7955,-8.5925],[-75.7904,-8.5687],[-75.7796,-8.5474],[-75.7795,-8.533],[-75.7846,-8.5211],[-75.7875,-8.5194],[-75.7898,-8.509],[-75.7832,-8.5036],[-75.7865,-8.4962],[-75.7787,-8.4939],[-75.7684,-8.4983],[-75.7647,-8.4932],[-75.7521,-8.4953],[-75.7392,-8.4934],[-75.7165,-8.4873],[-75.7169,-8.4753],[-75.7068,-8.4534],[-75.707,-8.4393],[-75.6964,-8.4318],[-75.6881,-8.4234],[-75.6785,-8.4233],[-75.6726,-8.4171],[-75.6573,-8.4149],[-75.6481,-8.4098],[-75.6341,-8.408],[-75.6181,-8.4083],[-75.5991,-8.412],[-75.5813,-8.4301],[-75.5857,-8.4342],[-75.5839,-8.441],[-75.5734,-8.4467],[-75.5739,-8.4504],[-75.5609,-8.4574],[-75.5537,-8.465],[-75.5466,-8.4665],[-75.5314,-8.4594],[-75.5189,-8.4576],[-75.4998,-8.4454],[-75.4901,-8.4417],[-75.4738,-8.439],[-75.4615,-8.4397],[-75.449,-8.4366],[-75.4408,-8.4368],[-75.4359,-8.4321],[-75.435,-8.4173],[-75.4329,-8.408],[-75.4353,-8.3931],[-75.448,-8.3928],[-75.4504,-8.3901],[-75.47,-8.3841],[-75.4803,-8.3782],[-75.4815,-8.3631],[-75.4915,-8.3624],[-75.5024,-8.3546],[-75.5041,-8.3488],[-75.4941,-8.3369],[-75.4964,-8.3229],[-75.4913,-8.3173],[-75.4961,-8.3007],[-75.5029,-8.2894],[-75.4966,-8.2754],[-75.4884,-8.264],[-75.475,-8.2563],[-75.4715,-8.2521],[-75.4732,-8.2443],[-75.467,-8.236],[-75.4554,-8.2287],[-75.4484,-8.2205],[-75.4536,-8.2124],[-75.4486,-8.2026],[-75.4376,-8.1948],[-75.4367,-8.1794],[-75.4392,-8.1749],[-75.4301,-8.1666],[-75.4181,-8.171],[-75.4102,-8.1689],[-75.4015,-8.1697],[-75.3912,-8.1625],[-75.3899,-8.1523],[-75.3761,-8.1388],[-75.3655,-8.1379],[-75.3438,-8.1292],[-75.3305,-8.1338],[-75.3225,-8.1391],[-75.3113,-8.1361],[-75.2978,-8.1263],[-75.2878,-8.1255],[-75.2795,-8.1318],[-75.2669,-8.1359],[-75.2605,-8.1476],[-75.2512,-8.1502],[-75.2439,-8.1555],[-75.2347,-8.1499],[-75.2358,-8.1404],[-75.2272,-8.1322],[-75.2146,-8.1271],[-75.2095,-8.1162],[-75.2097,-8.1062],[-75.2125,-8.1008],[-75.2051,-8.0982],[-75.2044,-8.0889],[-75.196,-8.086],[-75.1898,-8.0799],[-75.189,-8.069],[-75.1957,-8.0544],[-75.1904,-8.0487],[-75.1904,-8.0429],[-75.1863,-8.0357],[-75.1873,-8.0253],[-75.1843,-8.0166],[-75.175,-8.0134],[-75.1677,-8.0052],[-75.1494,-8.0018],[-75.1462,-7.9945],[-75.1459,-7.9813],[-75.1425,-7.9786],[-75.1212,-7.9789],[-75.0922,-7.9737],[-75.0706,-7.9605],[-75.0333,-7.9501],[-75.016,-7.9652],[-75.0055,-7.9702],[-74.9823,-7.969],[-74.9631,-7.9941],[-74.9534,-8.0127],[-74.9465,-8.0211],[-74.9336,-8.0316],[-74.929,-8.0412],[-74.9079,-8.0662],[-74.8964,-8.0813],[-74.8844,-8.0839],[-74.8659,-8.0769],[-74.8404,-8.0584],[-74.8356,-8.057],[-74.8193,-8.0575],[-74.7877,-8.0468],[-74.7713,-8.0361],[-74.7606,-8.0164],[-74.7279,-7.981],[-74.7113,-7.979],[-74.6824,-7.9549],[-74.6684,-7.9456],[-74.6607,-7.9436],[-74.6339,-7.9419],[-74.628,-7.9398],[-74.6137,-7.9175],[-74.6101,-7.914],[-74.6044,-7.9008],[-74.6013,-7.8735],[-74.5967,-7.8614],[-74.589,-7.8496],[-74.5697,-7.816],[-74.5571,-7.8088],[-74.5456,-7.7952],[-74.5406,-7.7915],[-74.5271,-7.7878],[-74.5157,-7.7772],[-74.5195,-7.761],[-74.526,-7.7561],[-74.5432,-7.7556],[-74.5511,-7.7483],[-74.5579,-7.7485],[-74.5625,-7.7388],[-74.5716,-7.7269],[-74.5777,-7.7106],[-74.5821,-7.706],[-74.584,-7.6985],[-74.5835,-7.6851],[-74.5805,-7.6803],[-74.574,-7.6783],[-74.5708,-7.6685],[-74.5737,-7.6497],[-74.5772,-7.6359],[-74.591,-7.6286],[-74.5975,-7.6173],[-74.6076,-7.6099],[-74.6142,-7.5999],[-74.6275,-7.586],[-74.6431,-7.5623],[-74.6447,-7.5539],[-74.6412,-7.5348],[-74.6455,-7.5175],[-74.6429,-7.5001],[-74.6406,-7.4946],[-74.6306,-7.4816],[-74.6257,-7.4677],[-74.6161,-7.435],[-74.6078,-7.4281],[-74.5929,-7.4238],[-74.5849,-7.4178],[-74.5795,-7.4099],[-74.5713,-7.3887],[-74.566,-7.3597],[-74.5591,-7.3533],[-74.5567,-7.3415],[-74.5452,-7.3281],[-74.5357,-7.3202],[-74.5337,-7.3071],[-74.5357,-7.2944],[-74.5269,-7.2876],[-74.5207,-7.276],[-74.5147,-7.2768],[-74.5018,-7.2661],[-74.4881,-7.2688],[-74.4731,-7.2746],[-74.4683,-7.283],[-74.4679,-7.2905],[-74.4627,-7.2989],[-74.4538,-7.2983],[-74.4441,-7.3071],[-74.4356,-7.302],[-74.4308,-7.3021],[-74.4227,-7.3115],[-74.4138,-7.3149],[-74.4073,-7.3144],[-74.394,-7.3178],[-74.3883,-7.3164],[-74.3702,-7.3173],[-74.3666,-7.3202],[-74.3616,-7.3366],[-74.3566,-7.3366],[-74.3476,-7.3431],[-74.3162,-7.3513],[-74.3006,-7.3517],[-74.2934,-7.3536],[-74.2791,-7.3532],[-74.2706,-7.3468],[-74.267,-7.3491],[-74.259,-7.3441],[-74.2537,-7.3437],[-74.2446,-7.3474],[-74.2381,-7.3578],[-74.2337,-7.36],[-74.2175,-7.3612],[-74.1885,-7.3583],[-74.1809,-7.3587],[-74.1694,-7.3645],[-74.1618,-7.3711],[-74.1416,-7.3778],[-74.1416,-7.3882],[-74.1384,-7.3964],[-74.1297,-7.4022],[-74.1154,-7.4061],[-74.1015,-7.4141],[-74.0921,-7.4223],[-74.0802,-7.4285],[-74.0666,-7.4382],[-74.05,-7.446],[-74.04,-7.4482],[-74.0352,-7.4663],[-74.0373,-7.4779],[-74.0338,-7.4849],[-74.0184,-7.4914],[-74.0181,-7.4982],[-74.0134,-7.5124],[-74.0048,-7.518],[-73.9979,-7.5197],[-73.991,-7.5283],[-73.983,-7.5344]]]},"properties":{"shapeName":"Loreto","shapeISO":"PE-LOR","shapeID":"20122684B31277606812286","shapeGroup":"PER","shapeType":"ADM1"}}
]}